[2026-06-02 22:07:40] [TRAIN] train_step start: 48 prompts x 4 = 192 total
[2026-06-02 22:07:40] [TRAIN] Generating 192 responses (48 prompts x 4) with 16 concurrent workers
[2026-06-02 22:07:46] [TRAIN] Gen 2/192: prompt=5 resp=1905
[2026-06-02 22:07:49] [TRAIN] Gen 1/192: prompt=5 resp=2707
[2026-06-02 22:07:49] [TRAIN] Gen 7/192: prompt=26 resp=2122
[2026-06-02 22:07:49] [TRAIN] Gen 16/192: prompt=48 resp=2384
[2026-06-02 22:07:49] [TRAIN] Gen 14/192: prompt=48 resp=2388
[2026-06-02 22:07:49] [TRAIN] Gen 5/192: prompt=26 resp=2129
[2026-06-02 22:07:49] [TRAIN] Gen 4/192: prompt=5 resp=2803
[2026-06-02 22:07:49] [TRAIN] Gen 15/192: prompt=48 resp=2399
[2026-06-02 22:07:49] [TRAIN] Gen 3/192: prompt=5 resp=2690
[2026-06-02 22:07:49] [TRAIN] Gen 10/192: prompt=19 resp=2700
[2026-06-02 22:07:49] [TRAIN] Gen 8/192: prompt=26 resp=2101
[2026-06-02 22:07:49] [TRAIN] Gen 13/192: prompt=48 resp=2490
[2026-06-02 22:07:49] [TRAIN] Gen 6/192: prompt=26 resp=2235
[2026-06-02 22:07:49] [TRAIN] Gen 12/192: prompt=19 resp=2768
[2026-06-02 22:07:49] [TRAIN] Gen 11/192: prompt=19 resp=2576
[2026-06-02 22:07:49] [TRAIN] Gen 9/192: prompt=19 resp=2670
[2026-06-02 22:07:54] [TRAIN] Gen 17/192: prompt=22 resp=2341
[2026-06-02 22:07:55] [TRAIN] Gen 24/192: prompt=14 resp=2004
[2026-06-02 22:07:57] [TRAIN] Gen 18/192: prompt=22 resp=2362
[2026-06-02 22:07:57] [TRAIN] Gen 19/192: prompt=22 resp=2361
[2026-06-02 22:07:57] [TRAIN] Gen 22/192: prompt=14 resp=2522
[2026-06-02 22:07:57] [TRAIN] Gen 27/192: prompt=22 resp=2474
[2026-06-02 22:07:57] [TRAIN] Gen 26/192: prompt=22 resp=2709
[2026-06-02 22:07:57] [TRAIN] Gen 20/192: prompt=22 resp=2241
[2026-06-02 22:07:57] [TRAIN] Gen 25/192: prompt=22 resp=2699
[2026-06-02 22:07:57] [TRAIN] Gen 28/192: prompt=22 resp=2662
[2026-06-02 22:07:57] [TRAIN] Gen 21/192: prompt=14 resp=2774
[2026-06-02 22:07:57] [TRAIN] Gen 32/192: prompt=12 resp=2019
[2026-06-02 22:07:57] [TRAIN] Gen 30/192: prompt=12 resp=2047
[2026-06-02 22:07:57] [TRAIN] Gen 23/192: prompt=14 resp=2495
[2026-06-02 22:07:57] [TRAIN] Gen 31/192: prompt=12 resp=2175
[2026-06-02 22:07:57] [TRAIN] Gen 29/192: prompt=12 resp=2101
[2026-06-02 22:08:02] [TRAIN] Gen 33/192: prompt=80 resp=2468
[2026-06-02 22:08:02] [TRAIN] Gen 34/192: prompt=80 resp=2402
[2026-06-02 22:08:04] [TRAIN] Gen 35/192: prompt=80 resp=2500
[2026-06-02 22:08:04] [TRAIN] Gen 40/192: prompt=15 resp=2228
[2026-06-02 22:08:04] [TRAIN] Gen 39/192: prompt=15 resp=2227
[2026-06-02 22:08:04] [TRAIN] Gen 37/192: prompt=15 resp=2100
[2026-06-02 22:08:04] [TRAIN] Gen 38/192: prompt=15 resp=2110
[2026-06-02 22:08:04] [TRAIN] Gen 36/192: prompt=80 resp=2374
[2026-06-02 22:08:04] [TRAIN] Gen 47/192: prompt=67 resp=2008
[2026-06-02 22:08:04] [TRAIN] Gen 43/192: prompt=137 resp=2575
[2026-06-02 22:08:04] [TRAIN] Gen 46/192: prompt=67 resp=1894
[2026-06-02 22:08:04] [TRAIN] Gen 45/192: prompt=67 resp=2044
[2026-06-02 22:08:04] [TRAIN] Gen 48/192: prompt=67 resp=2206
[2026-06-02 22:08:04] [TRAIN] Gen 44/192: prompt=137 resp=2480
[2026-06-02 22:08:04] [TRAIN] Gen 42/192: prompt=137 resp=2508
[2026-06-02 22:08:04] [TRAIN] Gen 41/192: prompt=137 resp=2570
[2026-06-02 22:08:10] [TRAIN] Gen 49/192: prompt=13 resp=2589
[2026-06-02 22:08:10] [TRAIN] Gen 50/192: prompt=13 resp=2556
[2026-06-02 22:08:12] [TRAIN] Gen 51/192: prompt=13 resp=2640
[2026-06-02 22:08:12] [TRAIN] Gen 55/192: prompt=106 resp=2430
[2026-06-02 22:08:12] [TRAIN] Gen 54/192: prompt=106 resp=2445
[2026-06-02 22:08:12] [TRAIN] Gen 52/192: prompt=13 resp=2650
[2026-06-02 22:08:12] [TRAIN] Gen 53/192: prompt=106 resp=2522
[2026-06-02 22:08:12] [TRAIN] Gen 56/192: prompt=106 resp=2463
[2026-06-02 22:08:12] [TRAIN] Gen 58/192: prompt=40 resp=2485
[2026-06-02 22:08:12] [TRAIN] Gen 62/192: prompt=34 resp=2590
[2026-06-02 22:08:12] [TRAIN] Gen 61/192: prompt=34 resp=2013
[2026-06-02 22:08:12] [TRAIN] Gen 63/192: prompt=34 resp=2193
[2026-06-02 22:08:12] [TRAIN] Gen 60/192: prompt=40 resp=2531
[2026-06-02 22:08:12] [TRAIN] Gen 64/192: prompt=34 resp=2592
[2026-06-02 22:08:12] [TRAIN] Gen 59/192: prompt=40 resp=2538
[2026-06-02 22:08:12] [TRAIN] Gen 57/192: prompt=40 resp=2461
[2026-06-02 22:08:17] [TRAIN] Gen 65/192: prompt=12 resp=2251
[2026-06-02 22:08:18] [TRAIN] Gen 66/192: prompt=12 resp=2082
[2026-06-02 22:08:20] [TRAIN] Gen 67/192: prompt=12 resp=2174
[2026-06-02 22:08:20] [TRAIN] Gen 71/192: prompt=48 resp=1871
[2026-06-02 22:08:20] [TRAIN] Gen 70/192: prompt=48 resp=2298
[2026-06-02 22:08:20] [TRAIN] Gen 72/192: prompt=48 resp=2015
[2026-06-02 22:08:20] [TRAIN] Gen 69/192: prompt=48 resp=2291
[2026-06-02 22:08:20] [TRAIN] Gen 68/192: prompt=12 resp=2192
[2026-06-02 22:08:20] [TRAIN] Gen 74/192: prompt=263 resp=2317
[2026-06-02 22:08:20] [TRAIN] Gen 80/192: prompt=28 resp=2464
[2026-06-02 22:08:20] [TRAIN] Gen 79/192: prompt=28 resp=2326
[2026-06-02 22:08:20] [TRAIN] Gen 75/192: prompt=263 resp=2086
[2026-06-02 22:08:20] [TRAIN] Gen 76/192: prompt=263 resp=2106
[2026-06-02 22:08:20] [TRAIN] Gen 73/192: prompt=263 resp=1668
[2026-06-02 22:08:20] [TRAIN] Gen 77/192: prompt=28 resp=2362
[2026-06-02 22:08:20] [TRAIN] Gen 78/192: prompt=28 resp=2429
[2026-06-02 22:08:25] [TRAIN] Gen 87/192: prompt=9 resp=1101
[2026-06-02 22:08:25] [TRAIN] Gen 81/192: prompt=16 resp=2391
[2026-06-02 22:08:26] [TRAIN] Gen 86/192: prompt=9 resp=1249
[2026-06-02 22:08:26] [TRAIN] Gen 82/192: prompt=16 resp=2413
[2026-06-02 22:08:28] [TRAIN] Gen 83/192: prompt=16 resp=2464
[2026-06-02 22:08:28] [TRAIN] Gen 88/192: prompt=9 resp=1716
[2026-06-02 22:08:28] [TRAIN] Gen 84/192: prompt=16 resp=2433
[2026-06-02 22:08:28] [TRAIN] Gen 85/192: prompt=9 resp=1862
[2026-06-02 22:08:28] [TRAIN] Gen 89/192: prompt=7 resp=2597
[2026-06-02 22:08:28] [TRAIN] Gen 94/192: prompt=21 resp=2333
[2026-06-02 22:08:28] [TRAIN] Gen 91/192: prompt=7 resp=2583
[2026-06-02 22:08:28] [TRAIN] Gen 95/192: prompt=21 resp=2272
[2026-06-02 22:08:28] [TRAIN] Gen 92/192: prompt=7 resp=2569
[2026-06-02 22:08:28] [TRAIN] Gen 93/192: prompt=21 resp=2393
[2026-06-02 22:08:28] [TRAIN] Gen 96/192: prompt=21 resp=2370
[2026-06-02 22:08:28] [TRAIN] Gen 90/192: prompt=7 resp=2498
[2026-06-02 22:08:33] [TRAIN] Gen 97/192: prompt=25 resp=2571
[2026-06-02 22:08:33] [TRAIN] Gen 98/192: prompt=25 resp=2630
[2026-06-02 22:08:33] [TRAIN] Gen 99/192: prompt=25 resp=2617
[2026-06-02 22:08:33] [TRAIN] Gen 100/192: prompt=25 resp=2518
[2026-06-02 22:08:35] [TRAIN] Gen 101/192: prompt=37 resp=2621
[2026-06-02 22:08:36] [TRAIN] Gen 102/192: prompt=37 resp=2601
[2026-06-02 22:08:36] [TRAIN] Gen 105/192: prompt=25 resp=2455
[2026-06-02 22:08:36] [TRAIN] Gen 104/192: prompt=37 resp=2600
[2026-06-02 22:08:36] [TRAIN] Gen 103/192: prompt=37 resp=2547
[2026-06-02 22:08:36] [TRAIN] Gen 106/192: prompt=25 resp=2435
[2026-06-02 22:08:36] [TRAIN] Gen 107/192: prompt=25 resp=2611
[2026-06-02 22:08:36] [TRAIN] Gen 108/192: prompt=25 resp=2570
[2026-06-02 22:08:36] [TRAIN] Gen 111/192: prompt=18 resp=2562
[2026-06-02 22:08:36] [TRAIN] Gen 109/192: prompt=18 resp=2484
[2026-06-02 22:08:36] [TRAIN] Gen 112/192: prompt=18 resp=2591
[2026-06-02 22:08:36] [TRAIN] Gen 110/192: prompt=18 resp=2731
[2026-06-02 22:08:41] [TRAIN] Gen 113/192: prompt=11 resp=2360
[2026-06-02 22:08:41] [TRAIN] Gen 114/192: prompt=11 resp=2429
[2026-06-02 22:08:41] [TRAIN] Gen 115/192: prompt=11 resp=2251
[2026-06-02 22:08:41] [TRAIN] Gen 116/192: prompt=11 resp=2067
[2026-06-02 22:08:42] [TRAIN] Gen 128/192: prompt=23 resp=1658
[2026-06-02 22:08:42] [TRAIN] Gen 126/192: prompt=23 resp=1921
[2026-06-02 22:08:43] [TRAIN] Gen 117/192: prompt=8 resp=2444
[2026-06-02 22:08:43] [TRAIN] Gen 121/192: prompt=12 resp=2626
[2026-06-02 22:08:43] [TRAIN] Gen 120/192: prompt=8 resp=2436
[2026-06-02 22:08:43] [TRAIN] Gen 119/192: prompt=8 resp=2387
[2026-06-02 22:08:43] [TRAIN] Gen 118/192: prompt=8 resp=2421
[2026-06-02 22:08:43] [TRAIN] Gen 122/192: prompt=12 resp=2695
[2026-06-02 22:08:43] [TRAIN] Gen 123/192: prompt=12 resp=2717
[2026-06-02 22:08:43] [TRAIN] Gen 124/192: prompt=12 resp=2891
[2026-06-02 22:08:43] [TRAIN] Gen 125/192: prompt=23 resp=2244
[2026-06-02 22:08:43] [TRAIN] Gen 127/192: prompt=23 resp=2251
[2026-06-02 22:08:48] [TRAIN] Gen 129/192: prompt=23 resp=2108
[2026-06-02 22:08:49] [TRAIN] Gen 130/192: prompt=23 resp=2180
[2026-06-02 22:08:49] [TRAIN] Gen 131/192: prompt=23 resp=2062
[2026-06-02 22:08:49] [TRAIN] Gen 132/192: prompt=23 resp=2098
[2026-06-02 22:08:49] [TRAIN] Gen 133/192: prompt=14 resp=2052
[2026-06-02 22:08:50] [TRAIN] Gen 134/192: prompt=14 resp=2228
[2026-06-02 22:08:51] [TRAIN] Gen 135/192: prompt=14 resp=2186
[2026-06-02 22:08:51] [TRAIN] Gen 138/192: prompt=21 resp=2625
[2026-06-02 22:08:51] [TRAIN] Gen 141/192: prompt=15 resp=2646
[2026-06-02 22:08:51] [TRAIN] Gen 140/192: prompt=21 resp=2218
[2026-06-02 22:08:51] [TRAIN] Gen 137/192: prompt=21 resp=2582
[2026-06-02 22:08:51] [TRAIN] Gen 139/192: prompt=21 resp=2541
[2026-06-02 22:08:51] [TRAIN] Gen 136/192: prompt=14 resp=2261
[2026-06-02 22:08:51] [TRAIN] Gen 142/192: prompt=15 resp=2576
[2026-06-02 22:08:51] [TRAIN] Gen 143/192: prompt=15 resp=2580
[2026-06-02 22:08:51] [TRAIN] Gen 144/192: prompt=15 resp=2581
[2026-06-02 22:08:56] [TRAIN] Gen 145/192: prompt=29 resp=2278
[2026-06-02 22:08:56] [TRAIN] Gen 146/192: prompt=29 resp=2287
[2026-06-02 22:08:57] [TRAIN] Gen 147/192: prompt=29 resp=2247
[2026-06-02 22:08:57] [TRAIN] Gen 148/192: prompt=29 resp=2179
[2026-06-02 22:08:57] [TRAIN] Gen 149/192: prompt=10 resp=2676
[2026-06-02 22:08:58] [TRAIN] Gen 150/192: prompt=10 resp=2523
[2026-06-02 22:08:59] [TRAIN] Gen 151/192: prompt=10 resp=2774
[2026-06-02 22:08:59] [TRAIN] Gen 155/192: prompt=322 resp=2553
[2026-06-02 22:08:59] [TRAIN] Gen 157/192: prompt=23 resp=2429
[2026-06-02 22:08:59] [TRAIN] Gen 156/192: prompt=322 resp=2492
[2026-06-02 22:08:59] [TRAIN] Gen 152/192: prompt=10 resp=2697
[2026-06-02 22:08:59] [TRAIN] Gen 154/192: prompt=322 resp=2462
[2026-06-02 22:08:59] [TRAIN] Gen 153/192: prompt=322 resp=2387
[2026-06-02 22:08:59] [TRAIN] Gen 158/192: prompt=23 resp=2643
[2026-06-02 22:08:59] [TRAIN] Gen 160/192: prompt=23 resp=2470
[2026-06-02 22:08:59] [TRAIN] Gen 159/192: prompt=23 resp=2452
[2026-06-02 22:09:04] [TRAIN] Gen 161/192: prompt=9 resp=2569
[2026-06-02 22:09:04] [TRAIN] Gen 162/192: prompt=9 resp=2575
[2026-06-02 22:09:05] [TRAIN] Gen 163/192: prompt=9 resp=2573
[2026-06-02 22:09:05] [TRAIN] Gen 164/192: prompt=9 resp=2553
[2026-06-02 22:09:05] [TRAIN] Gen 165/192: prompt=16 resp=2598
[2026-06-02 22:09:06] [TRAIN] Gen 166/192: prompt=16 resp=2677
[2026-06-02 22:09:07] [TRAIN] Gen 167/192: prompt=16 resp=2432
[2026-06-02 22:09:07] [TRAIN] Gen 168/192: prompt=16 resp=2600
[2026-06-02 22:09:07] [TRAIN] Gen 170/192: prompt=15 resp=2789
[2026-06-02 22:09:07] [TRAIN] Gen 171/192: prompt=15 resp=2730
[2026-06-02 22:09:07] [TRAIN] Gen 169/192: prompt=15 resp=2724
[2026-06-02 22:09:07] [TRAIN] Gen 175/192: prompt=49 resp=2677
[2026-06-02 22:09:07] [TRAIN] Gen 172/192: prompt=15 resp=2669
[2026-06-02 22:09:07] [TRAIN] Gen 174/192: prompt=49 resp=2631
[2026-06-02 22:09:07] [TRAIN] Gen 176/192: prompt=49 resp=2654
[2026-06-02 22:09:07] [TRAIN] Gen 173/192: prompt=49 resp=2712
[2026-06-02 22:09:12] [TRAIN] Gen 177/192: prompt=23 resp=2478
[2026-06-02 22:09:12] [TRAIN] Gen 178/192: prompt=23 resp=2317
[2026-06-02 22:09:13] [TRAIN] Gen 179/192: prompt=23 resp=2541
[2026-06-02 22:09:13] [TRAIN] Gen 180/192: prompt=23 resp=2588
[2026-06-02 22:09:13] [TRAIN] Gen 181/192: prompt=13 resp=2783
[2026-06-02 22:09:14] [TRAIN] Gen 182/192: prompt=13 resp=2705
[2026-06-02 22:09:15] [TRAIN] Gen 183/192: prompt=13 resp=2635
[2026-06-02 22:09:15] [TRAIN] Gen 184/192: prompt=13 resp=2610
[2026-06-02 22:09:15] [TRAIN] Gen 185/192: prompt=14 resp=2457
[2026-06-02 22:09:15] [TRAIN] Gen 186/192: prompt=14 resp=2512
[2026-06-02 22:09:15] [TRAIN] Gen 191/192: prompt=8 resp=2398
[2026-06-02 22:09:15] [TRAIN] Gen 187/192: prompt=14 resp=2491
[2026-06-02 22:09:15] [TRAIN] Gen 188/192: prompt=14 resp=2463
[2026-06-02 22:09:15] [TRAIN] Gen 189/192: prompt=8 resp=2351
[2026-06-02 22:09:15] [TRAIN] Gen 192/192: prompt=8 resp=2506
[2026-06-02 22:09:15] [TRAIN] Gen 190/192: prompt=8 resp=2283
[2026-06-02 22:09:15] [TRAIN] Generation done in 94.6s
[2026-06-02 22:09:33] [TRAIN] Prompt 1/48: rewards=[0.0, 0.988, 0.85, 0.887]
[2026-06-02 22:09:48] [TRAIN] Prompt 2/48: rewards=[0.275, 0.312, 0.062, 0.713]
[2026-06-02 22:10:05] [TRAIN] Prompt 3/48: rewards=[0.0, 0.087, 0.0, 0.362]
[2026-06-02 22:10:23] [TRAIN] Prompt 4/48: rewards=[0.0, 0.725, 0.7, 0.0]
[2026-06-02 22:10:40] [TRAIN] Prompt 5/48: rewards=[0.75, 0.0, 0.487, 0.0]
[2026-06-02 22:10:59] [TRAIN] Prompt 6/48: rewards=[0.938, 0.0, 0.938, 1.0]
[2026-06-02 22:11:17] [TRAIN] Prompt 7/48: rewards=[0.975, 1.0, 0.887, 0.0]
[2026-06-02 22:11:32] [TRAIN] Prompt 8/48: rewards=[0.375, 0.325, 0.0, 0.688]
[2026-06-02 22:19:39] [TRAIN] train_step start: 2 prompts x 2 = 4 total
[2026-06-02 22:19:39] [TRAIN] Generating 4 responses (2 prompts x 2) with 4 concurrent workers
[2026-06-02 22:19:47] [TRAIN] Gen 1/4: prompt=5 resp=2763
[2026-06-02 22:19:47] [TRAIN] Gen 3/4: prompt=26 resp=2030
[2026-06-02 22:19:47] [TRAIN] Gen 2/4: prompt=5 resp=2774
[2026-06-02 22:19:47] [TRAIN] Gen 4/4: prompt=26 resp=2177
[2026-06-02 22:19:47] [TRAIN] Generation done in 7.9s
[2026-06-02 22:19:53] [TRAIN] Prompt 1/2: rewards=[0.0, 0.0]
[2026-06-02 22:19:58] [TRAIN] Prompt 2/2: rewards=[0.0, 0.0]
[2026-06-02 22:19:58] [TRAIN] Rewards: mean=0.000, 0/4 >0.5 (mode=rubric)
[2026-06-02 22:19:58] [TRAIN] Sleeping replicas via CheckpointEngineManager...
[2026-06-02 22:19:59] [TRAIN] Replicas asleep
[2026-06-02 22:19:59] [TRAIN] Training batch built: {'prompts': torch.Size([4, 26]), 'input_ids': torch.Size([4, 538]), 'attention_mask': torch.Size([4, 538]), 'position_ids': torch.Size([4, 538]), 'responses': torch.Size([4, 512])}
[2026-06-02 22:19:59] [TRAIN] rm_scores computed (last-token placement)
[2026-06-02 22:19:59] [TRAIN] response_mask computed
[2026-06-02 22:20:00] [TRAIN] old_log_probs computed
[2026-06-02 22:20:00] [TRAIN] GRPO advantages computed
[2026-06-02 22:20:04] [TRAIN] Actor update completed — loss=0.0000
[2026-06-02 22:20:06] [TRAIN] Weight sync done in 2.0s (wake handled internally)
[2026-06-02 22:20:06] [TRAIN] train_step completed in 26.6s — reward=0.000 (0/4), loss=0.0000, grad_norm=0.000 | score=0.000, rewards=0.000, adv=0.000 | rlen=512, plen=16, abort=0.000 | tps=79.3 tok/s/gpu, gen=3.87ms/tok, actor=1.52ms/tok
[2026-06-02 22:20:34] [TRAIN] train_step start: 2 prompts x 2 = 4 total
[2026-06-02 22:20:34] [TRAIN] Generating 4 responses (2 prompts x 2) with 4 concurrent workers
[2026-06-02 22:20:42] [TRAIN] Gen 1/4: prompt=19 resp=2680
[2026-06-02 22:20:42] [TRAIN] Gen 2/4: prompt=19 resp=2565
[2026-06-02 22:20:42] [TRAIN] Gen 3/4: prompt=48 resp=2466
[2026-06-02 22:20:42] [TRAIN] Gen 4/4: prompt=48 resp=2408
[2026-06-02 22:20:42] [TRAIN] Generation done in 7.7s
[2026-06-02 22:20:46] [TRAIN] Prompt 1/2: rewards=[0.0, 0.0]
[2026-06-02 22:20:51] [TRAIN] Prompt 2/2: rewards=[0.0, 0.0]
[2026-06-02 22:20:51] [TRAIN] Rewards: mean=0.000, 0/4 >0.5 (mode=rubric)
[2026-06-02 22:20:51] [TRAIN] Sleeping replicas via CheckpointEngineManager...
[2026-06-02 22:20:51] [TRAIN] Replicas asleep
[2026-06-02 22:20:51] [TRAIN] Training batch built: {'prompts': torch.Size([4, 48]), 'input_ids': torch.Size([4, 560]), 'attention_mask': torch.Size([4, 560]), 'position_ids': torch.Size([4, 560]), 'responses': torch.Size([4, 512])}
[2026-06-02 22:20:51] [TRAIN] rm_scores computed (last-token placement)
[2026-06-02 22:20:51] [TRAIN] response_mask computed
[2026-06-02 22:20:52] [TRAIN] old_log_probs computed
[2026-06-02 22:20:52] [TRAIN] GRPO advantages computed
[2026-06-02 22:20:55] [TRAIN] Actor update completed — loss=0.0000
[2026-06-02 22:20:57] [TRAIN] Weight sync done in 1.5s (wake handled internally)
[2026-06-02 22:20:57] [TRAIN] train_step completed in 22.7s — reward=0.000 (0/4), loss=0.0000, grad_norm=0.000 | score=0.000, rewards=0.000, adv=0.000 | rlen=512, plen=34, abort=0.000 | tps=96.3 tok/s/gpu, gen=3.78ms/tok, actor=1.44ms/tok
[2026-06-02 22:21:03] [TRAIN] train_step start: 2 prompts x 2 = 4 total
[2026-06-02 22:21:03] [TRAIN] Generating 4 responses (2 prompts x 2) with 4 concurrent workers
[2026-06-02 22:21:10] [TRAIN] Gen 3/4: prompt=14 resp=2322
[2026-06-02 22:21:11] [TRAIN] Gen 1/4: prompt=22 resp=2314
[2026-06-02 22:21:11] [TRAIN] Gen 2/4: prompt=22 resp=2340
[2026-06-02 22:21:11] [TRAIN] Gen 4/4: prompt=14 resp=2801
[2026-06-02 22:21:11] [TRAIN] Generation done in 7.7s
[2026-06-02 22:21:20] [TRAIN] Prompt 1/2: rewards=[0.0, 0.0]
[2026-06-02 22:21:24] [TRAIN] Prompt 2/2: rewards=[1.0, 0.4]
[2026-06-02 22:21:24] [TRAIN] Rewards: mean=0.350, 1/4 >0.5 (mode=rubric)
[2026-06-02 22:21:24] [TRAIN] Sleeping replicas via CheckpointEngineManager...
[2026-06-02 22:21:25] [TRAIN] Replicas asleep
[2026-06-02 22:21:25] [TRAIN] Training batch built: {'prompts': torch.Size([4, 22]), 'input_ids': torch.Size([4, 535]), 'attention_mask': torch.Size([4, 535]), 'position_ids': torch.Size([4, 535]), 'responses': torch.Size([4, 513])}
[2026-06-02 22:21:25] [TRAIN] rm_scores computed (last-token placement)
[2026-06-02 22:21:25] [TRAIN] response_mask computed
[2026-06-02 22:21:26] [TRAIN] old_log_probs computed
[2026-06-02 22:21:26] [TRAIN] GRPO advantages computed
[2026-06-02 22:21:29] [TRAIN] Actor update completed — loss=0.0180
[2026-06-02 22:21:30] [TRAIN] Weight sync done in 1.4s (wake handled internally)
[2026-06-02 22:21:30] [TRAIN] train_step completed in 27.1s — reward=0.350 (1/4), loss=0.0180, grad_norm=0.241 | score=0.350, rewards=0.350, adv=-0.018 | rlen=500, plen=18, abort=0.000 | tps=76.4 tok/s/gpu, gen=3.84ms/tok, actor=1.46ms/tok
[2026-06-02 22:21:37] [TRAIN] train_step start: 2 prompts x 2 = 4 total
[2026-06-02 22:21:37] [TRAIN] Generating 4 responses (2 prompts x 2) with 4 concurrent workers
[2026-06-02 22:21:44] [TRAIN] Gen 1/4: prompt=22 resp=2537
[2026-06-02 22:21:44] [TRAIN] Gen 2/4: prompt=22 resp=2723
[2026-06-02 22:21:44] [TRAIN] Gen 3/4: prompt=12 resp=2080
[2026-06-02 22:21:44] [TRAIN] Gen 4/4: prompt=12 resp=1916
[2026-06-02 22:21:44] [TRAIN] Generation done in 7.6s
[2026-06-02 22:21:48] [TRAIN] Prompt 1/2: rewards=[0.0, 0.0]
[2026-06-02 22:21:51] [TRAIN] Prompt 2/2: rewards=[0.0, 0.0]
[2026-06-02 22:21:51] [TRAIN] Rewards: mean=0.000, 0/4 >0.5 (mode=rubric)
[2026-06-02 22:21:51] [TRAIN] Sleeping replicas via CheckpointEngineManager...
[2026-06-02 22:21:52] [TRAIN] Replicas asleep
[2026-06-02 22:21:52] [TRAIN] Training batch built: {'prompts': torch.Size([4, 22]), 'input_ids': torch.Size([4, 534]), 'attention_mask': torch.Size([4, 534]), 'position_ids': torch.Size([4, 534]), 'responses': torch.Size([4, 512])}
[2026-06-02 22:21:52] [TRAIN] rm_scores computed (last-token placement)
[2026-06-02 22:21:52] [TRAIN] response_mask computed
[2026-06-02 22:21:53] [TRAIN] old_log_probs computed
[2026-06-02 22:21:53] [TRAIN] GRPO advantages computed
[2026-06-02 22:21:56] [TRAIN] Actor update completed — loss=0.0000
[2026-06-02 22:21:57] [TRAIN] Weight sync done in 1.3s (wake handled internally)
[2026-06-02 22:21:57] [TRAIN] train_step completed in 20.8s — reward=0.000 (0/4), loss=0.0000, grad_norm=0.000 | score=0.000, rewards=0.000, adv=0.000 | rlen=512, plen=17, abort=0.000 | tps=101.9 tok/s/gpu, gen=3.71ms/tok, actor=1.44ms/tok
[2026-06-02 22:22:04] [TRAIN] train_step start: 2 prompts x 2 = 4 total
[2026-06-02 22:22:04] [TRAIN] Generating 4 responses (2 prompts x 2) with 4 concurrent workers
[2026-06-02 22:22:11] [TRAIN] Gen 1/4: prompt=80 resp=2577
[2026-06-02 22:22:11] [TRAIN] Gen 2/4: prompt=80 resp=2533
[2026-06-02 22:22:11] [TRAIN] Gen 3/4: prompt=15 resp=2165
[2026-06-02 22:22:11] [TRAIN] Gen 4/4: prompt=15 resp=2079
[2026-06-02 22:22:11] [TRAIN] Generation done in 7.6s
[2026-06-02 22:22:18] [TRAIN] Prompt 1/2: rewards=[0.0, 0.3]
[2026-06-02 22:22:25] [TRAIN] Prompt 2/2: rewards=[0.0, 1.0]
[2026-06-02 22:22:25] [TRAIN] Rewards: mean=0.325, 1/4 >0.5 (mode=rubric)
[2026-06-02 22:22:25] [TRAIN] Sleeping replicas via CheckpointEngineManager...
[2026-06-02 22:22:25] [TRAIN] Replicas asleep
[2026-06-02 22:22:25] [TRAIN] Training batch built: {'prompts': torch.Size([4, 80]), 'input_ids': torch.Size([4, 592]), 'attention_mask': torch.Size([4, 592]), 'position_ids': torch.Size([4, 592]), 'responses': torch.Size([4, 512])}
[2026-06-02 22:22:25] [TRAIN] rm_scores computed (last-token placement)
[2026-06-02 22:22:25] [TRAIN] response_mask computed
[2026-06-02 22:22:26] [TRAIN] old_log_probs computed
[2026-06-02 22:22:26] [TRAIN] GRPO advantages computed
[2026-06-02 22:22:29] [TRAIN] Actor update completed — loss=0.0000
[2026-06-02 22:22:31] [TRAIN] Weight sync done in 1.4s (wake handled internally)
[2026-06-02 22:22:31] [TRAIN] train_step completed in 27.3s — reward=0.325 (1/4), loss=0.0000, grad_norm=0.262 | score=0.325, rewards=0.325, adv=0.000 | rlen=512, plen=47, abort=0.000 | tps=82.0 tok/s/gpu, gen=3.73ms/tok, actor=1.37ms/tok
[2026-06-02 22:22:37] [TRAIN] train_step start: 2 prompts x 2 = 4 total
[2026-06-02 22:22:37] [TRAIN] Generating 4 responses (2 prompts x 2) with 4 concurrent workers
[2026-06-02 22:22:45] [TRAIN] Gen 1/4: prompt=137 resp=2580
[2026-06-02 22:22:45] [TRAIN] Gen 2/4: prompt=137 resp=2438
[2026-06-02 22:22:45] [TRAIN] Gen 4/4: prompt=67 resp=1862
[2026-06-02 22:22:45] [TRAIN] Gen 3/4: prompt=67 resp=2132
[2026-06-02 22:22:45] [TRAIN] Generation done in 7.7s
[2026-06-02 22:22:49] [TRAIN] Prompt 1/2: rewards=[0.0, 0.0]
[2026-06-02 22:22:56] [TRAIN] Prompt 2/2: rewards=[0.0, 0.0]
[2026-06-02 22:22:56] [TRAIN] Rewards: mean=0.000, 0/4 >0.5 (mode=rubric)
[2026-06-02 22:22:56] [TRAIN] Sleeping replicas via CheckpointEngineManager...
[2026-06-02 22:22:56] [TRAIN] Replicas asleep
[2026-06-02 22:22:56] [TRAIN] Training batch built: {'prompts': torch.Size([4, 137]), 'input_ids': torch.Size([4, 649]), 'attention_mask': torch.Size([4, 649]), 'position_ids': torch.Size([4, 649]), 'responses': torch.Size([4, 512])}
[2026-06-02 22:22:56] [TRAIN] rm_scores computed (last-token placement)
[2026-06-02 22:22:56] [TRAIN] response_mask computed
[2026-06-02 22:22:57] [TRAIN] old_log_probs computed
[2026-06-02 22:22:57] [TRAIN] GRPO advantages computed
[2026-06-02 22:23:01] [TRAIN] Actor update completed — loss=0.0000
[2026-06-02 22:23:02] [TRAIN] Weight sync done in 1.3s (wake handled internally)
[2026-06-02 22:23:02] [TRAIN] train_step completed in 24.9s — reward=0.000 (0/4), loss=0.0000, grad_norm=0.000 | score=0.000, rewards=0.000, adv=0.000 | rlen=512, plen=102, abort=0.000 | tps=98.6 tok/s/gpu, gen=3.76ms/tok, actor=1.32ms/tok
[2026-06-02 22:23:07] [TRAIN] train_step start: 2 prompts x 2 = 4 total
[2026-06-02 22:23:07] [TRAIN] Generating 4 responses (2 prompts x 2) with 4 concurrent workers
[2026-06-02 22:23:15] [TRAIN] Gen 2/4: prompt=13 resp=2624
[2026-06-02 22:23:15] [TRAIN] Gen 1/4: prompt=13 resp=2638
[2026-06-02 22:23:15] [TRAIN] Gen 4/4: prompt=106 resp=2586
[2026-06-02 22:23:15] [TRAIN] Gen 3/4: prompt=106 resp=2605
[2026-06-02 22:23:15] [TRAIN] Generation done in 7.7s
[2026-06-02 22:23:18] [TRAIN] Prompt 1/2: rewards=[0.0, 1.0]
[2026-06-02 22:23:24] [TRAIN] Prompt 2/2: rewards=[0.0, 0.0]
[2026-06-02 22:23:24] [TRAIN] Rewards: mean=0.250, 1/4 >0.5 (mode=rubric)
[2026-06-02 22:23:24] [TRAIN] Sleeping replicas via CheckpointEngineManager...
[2026-06-02 22:23:25] [TRAIN] Replicas asleep
[2026-06-02 22:23:25] [TRAIN] Training batch built: {'prompts': torch.Size([4, 106]), 'input_ids': torch.Size([4, 618]), 'attention_mask': torch.Size([4, 618]), 'position_ids': torch.Size([4, 618]), 'responses': torch.Size([4, 512])}
[2026-06-02 22:23:25] [TRAIN] rm_scores computed (last-token placement)
[2026-06-02 22:23:25] [TRAIN] response_mask computed
[2026-06-02 22:23:26] [TRAIN] old_log_probs computed
[2026-06-02 22:23:26] [TRAIN] GRPO advantages computed
[2026-06-02 22:23:29] [TRAIN] Actor update completed — loss=0.0000
[2026-06-02 22:23:31] [TRAIN] Weight sync done in 1.4s (wake handled internally)
[2026-06-02 22:23:31] [TRAIN] train_step completed in 23.2s — reward=0.250 (1/4), loss=0.0000, grad_norm=0.225 | score=0.250, rewards=0.250, adv=0.000 | rlen=512, plen=60, abort=0.000 | tps=98.6 tok/s/gpu, gen=3.74ms/tok, actor=1.42ms/tok
[2026-06-02 22:23:36] [TRAIN] train_step start: 2 prompts x 2 = 4 total
[2026-06-02 22:23:36] [TRAIN] Generating 4 responses (2 prompts x 2) with 4 concurrent workers
[2026-06-02 22:23:43] [TRAIN] Gen 1/4: prompt=40 resp=2530
[2026-06-02 22:23:43] [TRAIN] Gen 3/4: prompt=34 resp=2091
[2026-06-02 22:23:43] [TRAIN] Gen 2/4: prompt=40 resp=2509
[2026-06-02 22:23:44] [TRAIN] Gen 4/4: prompt=34 resp=2321
[2026-06-02 22:23:44] [TRAIN] Generation done in 7.6s
[2026-06-02 22:23:50] [TRAIN] Prompt 1/2: rewards=[0.0, 0.5]
[2026-06-02 22:23:53] [TRAIN] Prompt 2/2: rewards=[0.0, 0.0]
[2026-06-02 22:23:53] [TRAIN] Rewards: mean=0.125, 0/4 >0.5 (mode=rubric)
[2026-06-02 22:23:53] [TRAIN] Sleeping replicas via CheckpointEngineManager...
[2026-06-02 22:23:54] [TRAIN] Replicas asleep
[2026-06-02 22:23:54] [TRAIN] Training batch built: {'prompts': torch.Size([4, 40]), 'input_ids': torch.Size([4, 552]), 'attention_mask': torch.Size([4, 552]), 'position_ids': torch.Size([4, 552]), 'responses': torch.Size([4, 512])}
[2026-06-02 22:23:54] [TRAIN] rm_scores computed (last-token placement)
[2026-06-02 22:23:54] [TRAIN] response_mask computed
[2026-06-02 22:23:55] [TRAIN] old_log_probs computed
[2026-06-02 22:23:55] [TRAIN] GRPO advantages computed
[2026-06-02 22:23:58] [TRAIN] Actor update completed — loss=0.0000
[2026-06-02 22:23:59] [TRAIN] Weight sync done in 1.3s (wake handled internally)
[2026-06-02 22:23:59] [TRAIN] train_step completed in 23.5s — reward=0.125 (0/4), loss=0.0000, grad_norm=0.213 | score=0.125, rewards=0.125, adv=0.000 | rlen=512, plen=37, abort=0.000 | tps=93.6 tok/s/gpu, gen=3.73ms/tok, actor=1.50ms/tok
[2026-06-02 22:24:05] [TRAIN] train_step start: 2 prompts x 2 = 4 total
[2026-06-02 22:24:05] [TRAIN] Generating 4 responses (2 prompts x 2) with 4 concurrent workers
[2026-06-02 22:24:12] [TRAIN] Gen 1/4: prompt=12 resp=2188
[2026-06-02 22:24:12] [TRAIN] Gen 2/4: prompt=12 resp=2244
[2026-06-02 22:24:12] [TRAIN] Gen 4/4: prompt=48 resp=2078
[2026-06-02 22:24:12] [TRAIN] Gen 3/4: prompt=48 resp=2008
[2026-06-02 22:24:12] [TRAIN] Generation done in 7.6s
[2026-06-02 22:24:18] [TRAIN] Prompt 1/2: rewards=[0.0, 0.0]
[2026-06-02 22:24:21] [TRAIN] Prompt 2/2: rewards=[0.0, 0.0]
[2026-06-02 22:24:21] [TRAIN] Rewards: mean=0.000, 0/4 >0.5 (mode=rubric)
[2026-06-02 22:24:21] [TRAIN] Sleeping replicas via CheckpointEngineManager...
[2026-06-02 22:24:22] [TRAIN] Replicas asleep
[2026-06-02 22:24:22] [TRAIN] Training batch built: {'prompts': torch.Size([4, 48]), 'input_ids': torch.Size([4, 560]), 'attention_mask': torch.Size([4, 560]), 'position_ids': torch.Size([4, 560]), 'responses': torch.Size([4, 512])}
[2026-06-02 22:24:22] [TRAIN] rm_scores computed (last-token placement)
[2026-06-02 22:24:22] [TRAIN] response_mask computed
[2026-06-02 22:24:23] [TRAIN] old_log_probs computed
[2026-06-02 22:24:23] [TRAIN] GRPO advantages computed
[2026-06-02 22:24:26] [TRAIN] Actor update completed — loss=0.0000
[2026-06-02 22:24:28] [TRAIN] Weight sync done in 1.4s (wake handled internally)
[2026-06-02 22:24:28] [TRAIN] train_step completed in 22.9s — reward=0.000 (0/4), loss=0.0000, grad_norm=0.000 | score=0.000, rewards=0.000, adv=0.000 | rlen=512, plen=30, abort=0.000 | tps=94.6 tok/s/gpu, gen=3.70ms/tok, actor=1.52ms/tok
[2026-06-02 22:24:33] [TRAIN] train_step start: 2 prompts x 2 = 4 total
[2026-06-02 22:24:33] [TRAIN] Generating 4 responses (2 prompts x 2) with 4 concurrent workers
[2026-06-02 22:24:40] [TRAIN] Gen 1/4: prompt=263 resp=2056
[2026-06-02 22:24:41] [TRAIN] Gen 2/4: prompt=263 resp=1974
[2026-06-02 22:24:41] [TRAIN] Gen 4/4: prompt=28 resp=2420
[2026-06-02 22:24:41] [TRAIN] Gen 3/4: prompt=28 resp=2387
[2026-06-02 22:24:41] [TRAIN] Generation done in 7.6s
[2026-06-02 22:24:49] [TRAIN] Prompt 1/2: rewards=[0.0, 0.0]
[2026-06-02 22:24:52] [TRAIN] Prompt 2/2: rewards=[0.0, 0.0]
[2026-06-02 22:24:52] [TRAIN] Rewards: mean=0.000, 0/4 >0.5 (mode=rubric)
[2026-06-02 22:24:52] [TRAIN] Sleeping replicas via CheckpointEngineManager...
[2026-06-02 22:24:53] [TRAIN] Replicas asleep
[2026-06-02 22:24:53] [TRAIN] Training batch built: {'prompts': torch.Size([4, 263]), 'input_ids': torch.Size([4, 775]), 'attention_mask': torch.Size([4, 775]), 'position_ids': torch.Size([4, 775]), 'responses': torch.Size([4, 512])}
[2026-06-02 22:24:53] [TRAIN] rm_scores computed (last-token placement)
[2026-06-02 22:24:53] [TRAIN] response_mask computed
[2026-06-02 22:24:54] [TRAIN] old_log_probs computed
[2026-06-02 22:24:54] [TRAIN] GRPO advantages computed
[2026-06-02 22:24:57] [TRAIN] Actor update completed — loss=0.0000
[2026-06-02 22:25:03] [TRAIN] train_step start: 2 prompts x 2 = 4 total
[2026-06-02 22:25:03] [TRAIN] Generating 4 responses (2 prompts x 2) with 4 concurrent workers
[2026-06-02 22:35:25] [TRAIN] train_step start: 2 prompts x 2 = 4 total
[2026-06-02 22:35:25] [TRAIN] Generating 4 responses (2 prompts x 2) with 4 concurrent workers
[2026-06-02 22:35:33] [TRAIN] Gen 1/4: prompt=5 resp=2763
[2026-06-02 22:35:33] [TRAIN] Gen 4/4: prompt=26 resp=2030
[2026-06-02 22:35:33] [TRAIN] Gen 3/4: prompt=26 resp=2177
[2026-06-02 22:35:33] [TRAIN] Gen 2/4: prompt=5 resp=2774
[2026-06-02 22:35:33] [TRAIN] Generation done in 8.1s
[2026-06-02 22:35:39] [TRAIN] Prompt 1/2: rewards=[0.0, 0.1]
[2026-06-02 22:35:44] [TRAIN] Prompt 2/2: rewards=[0.0, 0.0]
[2026-06-02 22:35:44] [TRAIN] Rewards: mean=0.025, 0/4 >0.5 (mode=rubric)
[2026-06-02 22:35:44] [TRAIN] Sleeping replicas via CheckpointEngineManager...
[2026-06-02 22:35:44] [TRAIN] Replicas asleep
[2026-06-02 22:35:44] [TRAIN] Training batch built: {'prompts': torch.Size([4, 26]), 'input_ids': torch.Size([4, 538]), 'attention_mask': torch.Size([4, 538]), 'position_ids': torch.Size([4, 538]), 'responses': torch.Size([4, 512])}
[2026-06-02 22:35:44] [TRAIN] rm_scores computed (last-token placement)
[2026-06-02 22:35:44] [TRAIN] response_mask computed
[2026-06-02 22:35:46] [TRAIN] old_log_probs computed
[2026-06-02 22:35:46] [TRAIN] GRPO advantages computed
[2026-06-02 22:35:49] [TRAIN] Actor update completed — loss=0.0000
[2026-06-02 22:35:51] [TRAIN] Weight sync done in 2.1s (wake handled internally)
[2026-06-02 22:35:51] [TRAIN] train_step completed in 26.5s — reward=0.025 (0/4), loss=0.0000, grad_norm=0.218 | score=0.025, rewards=0.025, adv=0.000 | rlen=512, plen=16, abort=0.000 | tps=79.6 tok/s/gpu, gen=3.95ms/tok, actor=1.52ms/tok
[2026-06-02 22:36:17] [TRAIN] train_step start: 2 prompts x 2 = 4 total
[2026-06-02 22:36:17] [TRAIN] Generating 4 responses (2 prompts x 2) with 4 concurrent workers
[2026-06-02 22:36:25] [TRAIN] Gen 1/4: prompt=19 resp=2607
[2026-06-02 22:36:25] [TRAIN] Gen 3/4: prompt=48 resp=2443
[2026-06-02 22:36:25] [TRAIN] Gen 2/4: prompt=19 resp=2597
[2026-06-02 22:36:25] [TRAIN] Gen 4/4: prompt=48 resp=2392
[2026-06-02 22:36:25] [TRAIN] Generation done in 7.7s
[2026-06-02 22:36:30] [TRAIN] Prompt 1/2: rewards=[0.0, 0.0]
[2026-06-02 22:36:39] [TRAIN] Prompt 2/2: rewards=[0.0, 0.0]
[2026-06-02 22:36:39] [TRAIN] Rewards: mean=0.000, 0/4 >0.5 (mode=rubric)
[2026-06-02 22:36:39] [TRAIN] Sleeping replicas via CheckpointEngineManager...
[2026-06-02 22:36:39] [TRAIN] Replicas asleep
[2026-06-02 22:36:39] [TRAIN] Training batch built: {'prompts': torch.Size([4, 48]), 'input_ids': torch.Size([4, 560]), 'attention_mask': torch.Size([4, 560]), 'position_ids': torch.Size([4, 560]), 'responses': torch.Size([4, 512])}
[2026-06-02 22:36:39] [TRAIN] rm_scores computed (last-token placement)
[2026-06-02 22:36:39] [TRAIN] response_mask computed
[2026-06-02 22:36:40] [TRAIN] old_log_probs computed
[2026-06-02 22:36:40] [TRAIN] GRPO advantages computed
[2026-06-02 22:36:43] [TRAIN] Actor update completed — loss=0.0000
[2026-06-02 22:36:45] [TRAIN] Weight sync done in 1.5s (wake handled internally)
[2026-06-02 22:36:45] [TRAIN] train_step completed in 27.8s — reward=0.000 (0/4), loss=0.0000, grad_norm=0.000 | score=0.000, rewards=0.000, adv=0.000 | rlen=512, plen=34, abort=0.000 | tps=78.5 tok/s/gpu, gen=3.76ms/tok, actor=1.41ms/tok
[2026-06-02 22:37:03] [TRAIN] train_step start: 2 prompts x 2 = 4 total
[2026-06-02 22:37:03] [TRAIN] Generating 4 responses (2 prompts x 2) with 4 concurrent workers
[2026-06-02 22:37:09] [TRAIN] Gen 2/4: prompt=22 resp=1895
[2026-06-02 22:37:11] [TRAIN] Gen 4/4: prompt=14 resp=2574
[2026-06-02 22:37:11] [TRAIN] Gen 3/4: prompt=14 resp=2529
[2026-06-02 22:37:11] [TRAIN] Gen 1/4: prompt=22 resp=2409
[2026-06-02 22:37:11] [TRAIN] Generation done in 7.7s
[2026-06-02 22:37:16] [TRAIN] Prompt 1/2: rewards=[0.0, 0.15]
[2026-06-02 22:38:33] [TRAIN] train_step start: 2 prompts x 2 = 4 total
[2026-06-02 22:38:33] [TRAIN] Generating 4 responses (2 prompts x 2) with 4 concurrent workers
[2026-06-02 22:38:38] [TRAIN] Gen 2/4: prompt=5 resp=1846
[2026-06-02 22:38:41] [TRAIN] Gen 1/4: prompt=5 resp=2616
[2026-06-02 22:38:41] [TRAIN] Gen 3/4: prompt=26 resp=2268
[2026-06-02 22:38:41] [TRAIN] Gen 4/4: prompt=26 resp=2104
[2026-06-02 22:38:41] [TRAIN] Generation done in 7.9s
[2026-06-02 22:38:44] [TRAIN] Prompt 1/2: rewards=[0.0, 0.0]
[2026-06-02 22:38:49] [TRAIN] Prompt 2/2: rewards=[0.0, 0.0]
[2026-06-02 22:38:49] [TRAIN] Rewards: mean=0.000, 0/4 >0.5 (mode=rubric)
[2026-06-02 22:38:49] [TRAIN] Sleeping replicas via CheckpointEngineManager...
[2026-06-02 22:38:50] [TRAIN] Replicas asleep
[2026-06-02 22:38:50] [TRAIN] Training batch built: {'prompts': torch.Size([4, 26]), 'input_ids': torch.Size([4, 538]), 'attention_mask': torch.Size([4, 538]), 'position_ids': torch.Size([4, 538]), 'responses': torch.Size([4, 512])}
[2026-06-02 22:38:50] [TRAIN] rm_scores computed (last-token placement)
[2026-06-02 22:38:50] [TRAIN] response_mask computed
[2026-06-02 22:38:52] [TRAIN] old_log_probs computed
[2026-06-02 22:38:52] [TRAIN] GRPO advantages computed
[2026-06-02 22:38:55] [TRAIN] Actor update completed — loss=0.0000
[2026-06-02 22:38:57] [TRAIN] Weight sync done in 2.1s (wake handled internally)
[2026-06-02 22:38:57] [TRAIN] train_step completed in 24.1s — reward=0.000 (0/4), loss=0.0000, grad_norm=0.000 | score=0.000, rewards=0.000, adv=0.000 | rlen=471, plen=16, abort=0.000 | tps=80.8 tok/s/gpu, gen=4.17ms/tok, actor=1.66ms/tok
[2026-06-02 22:39:24] [TRAIN] train_step start: 2 prompts x 2 = 4 total
[2026-06-02 22:39:24] [TRAIN] Generating 4 responses (2 prompts x 2) with 4 concurrent workers
[2026-06-02 22:39:31] [TRAIN] Gen 1/4: prompt=19 resp=2534
[2026-06-02 22:39:31] [TRAIN] Gen 2/4: prompt=19 resp=2597
[2026-06-02 22:39:31] [TRAIN] Gen 3/4: prompt=48 resp=2443
[2026-06-02 22:39:31] [TRAIN] Gen 4/4: prompt=48 resp=2392
[2026-06-02 22:39:31] [TRAIN] Generation done in 7.6s
[2026-06-02 22:39:35] [TRAIN] Prompt 1/2: rewards=[0.0, 0.0]
[2026-06-02 22:39:44] [TRAIN] Prompt 2/2: rewards=[0.0, 0.0]
[2026-06-02 22:39:44] [TRAIN] Rewards: mean=0.000, 0/4 >0.5 (mode=rubric)
[2026-06-02 22:39:44] [TRAIN] Sleeping replicas via CheckpointEngineManager...
[2026-06-02 22:39:44] [TRAIN] Replicas asleep
[2026-06-02 22:39:44] [TRAIN] Training batch built: {'prompts': torch.Size([4, 48]), 'input_ids': torch.Size([4, 560]), 'attention_mask': torch.Size([4, 560]), 'position_ids': torch.Size([4, 560]), 'responses': torch.Size([4, 512])}
[2026-06-02 22:39:44] [TRAIN] rm_scores computed (last-token placement)
[2026-06-02 22:39:44] [TRAIN] response_mask computed
[2026-06-02 22:39:46] [TRAIN] old_log_probs computed
[2026-06-02 22:39:46] [TRAIN] GRPO advantages computed
[2026-06-02 22:39:49] [TRAIN] Actor update completed — loss=0.0000
[2026-06-02 22:39:50] [TRAIN] Weight sync done in 1.5s (wake handled internally)
[2026-06-02 22:39:50] [TRAIN] train_step completed in 26.5s — reward=0.000 (0/4), loss=0.0000, grad_norm=0.000 | score=0.000, rewards=0.000, adv=0.000 | rlen=512, plen=34, abort=0.000 | tps=82.3 tok/s/gpu, gen=3.69ms/tok, actor=1.44ms/tok
[2026-06-02 22:40:08] [TRAIN] train_step start: 2 prompts x 2 = 4 total
[2026-06-02 22:40:08] [TRAIN] Generating 4 responses (2 prompts x 2) with 4 concurrent workers
[2026-06-02 22:40:14] [TRAIN] Gen 4/4: prompt=14 resp=1864
[2026-06-02 22:40:16] [TRAIN] Gen 1/4: prompt=22 resp=2354
[2026-06-02 22:40:16] [TRAIN] Gen 2/4: prompt=22 resp=2350
[2026-06-02 22:40:16] [TRAIN] Gen 3/4: prompt=14 resp=2686
[2026-06-02 22:40:16] [TRAIN] Generation done in 7.7s
[2026-06-02 22:40:22] [TRAIN] Prompt 1/2: rewards=[0.0, 0.0]
[2026-06-02 22:40:26] [TRAIN] Prompt 2/2: rewards=[1.0, 0.0]
[2026-06-02 22:40:26] [TRAIN] Rewards: mean=0.250, 1/4 >0.5 (mode=rubric)
[2026-06-02 22:40:26] [TRAIN] Sleeping replicas via CheckpointEngineManager...
[2026-06-02 22:40:26] [TRAIN] Replicas asleep
[2026-06-02 22:40:26] [TRAIN] Training batch built: {'prompts': torch.Size([4, 22]), 'input_ids': torch.Size([4, 534]), 'attention_mask': torch.Size([4, 534]), 'position_ids': torch.Size([4, 534]), 'responses': torch.Size([4, 512])}
[2026-06-02 22:40:26] [TRAIN] rm_scores computed (last-token placement)
[2026-06-02 22:40:26] [TRAIN] response_mask computed
[2026-06-02 22:40:27] [TRAIN] old_log_probs computed
[2026-06-02 22:40:27] [TRAIN] GRPO advantages computed
[2026-06-02 22:40:31] [TRAIN] Actor update completed — loss=-0.0587
[2026-06-02 22:40:32] [TRAIN] Weight sync done in 1.5s (wake handled internally)
[2026-06-02 22:40:32] [TRAIN] train_step completed in 23.9s — reward=0.250 (1/4), loss=-0.0587, grad_norm=0.217 | score=0.250, rewards=0.250, adv=0.059 | rlen=473, plen=18, abort=0.000 | tps=82.0 tok/s/gpu, gen=4.06ms/tok, actor=1.61ms/tok
[2026-06-02 22:40:39] [TRAIN] train_step start: 2 prompts x 2 = 4 total
[2026-06-02 22:40:39] [TRAIN] Generating 4 responses (2 prompts x 2) with 4 concurrent workers
[2026-06-02 22:40:46] [TRAIN] Gen 1/4: prompt=22 resp=2536
[2026-06-02 22:40:46] [TRAIN] Gen 2/4: prompt=22 resp=2654
[2026-06-02 22:40:46] [TRAIN] Gen 4/4: prompt=12 resp=1729
[2026-06-02 22:40:46] [TRAIN] Gen 3/4: prompt=12 resp=1966
[2026-06-02 22:40:46] [TRAIN] Generation done in 7.6s
[2026-06-02 22:41:56] [TRAIN] train_step start: 2 prompts x 2 = 4 total
[2026-06-02 22:41:56] [TRAIN] Generating 4 responses (2 prompts x 2) with 4 concurrent workers
[2026-06-02 22:42:02] [TRAIN] Gen 2/4: prompt=5 resp=2284
[2026-06-02 22:42:04] [TRAIN] Gen 1/4: prompt=5 resp=2820
[2026-06-02 22:42:04] [TRAIN] Gen 4/4: prompt=26 resp=2251
[2026-06-02 22:42:04] [TRAIN] Gen 3/4: prompt=26 resp=2104
[2026-06-02 22:42:04] [TRAIN] Generation done in 7.9s
[2026-06-02 22:42:09] [TRAIN] Prompt 1/2: rewards=[0.25, 0.0]
[2026-06-02 22:42:17] [TRAIN] Prompt 2/2: rewards=[0.0, 0.0]
[2026-06-02 22:42:17] [TRAIN] Rewards: mean=0.062, 0/4 >0.5 (mode=rubric)
[2026-06-02 22:42:17] [TRAIN] Sleeping replicas via CheckpointEngineManager...
[2026-06-02 22:42:17] [TRAIN] Replicas asleep
[2026-06-02 22:42:17] [TRAIN] Training batch built: {'prompts': torch.Size([4, 26]), 'input_ids': torch.Size([4, 538]), 'attention_mask': torch.Size([4, 538]), 'position_ids': torch.Size([4, 538]), 'responses': torch.Size([4, 512])}
[2026-06-02 22:42:17] [TRAIN] rm_scores computed (last-token placement)
[2026-06-02 22:42:17] [TRAIN] response_mask computed
[2026-06-02 22:42:19] [TRAIN] old_log_probs computed
[2026-06-02 22:42:19] [TRAIN] GRPO advantages computed
[2026-06-02 22:42:22] [TRAIN] Actor update completed — loss=-0.0314
[2026-06-02 22:42:24] [TRAIN] Weight sync done in 2.0s (wake handled internally)
[2026-06-02 22:42:24] [TRAIN] train_step completed in 28.6s — reward=0.062 (0/4), loss=-0.0314, grad_norm=0.234 | score=0.062, rewards=0.062, adv=0.031 | rlen=490, plen=16, abort=0.000 | tps=70.6 tok/s/gpu, gen=4.02ms/tok, actor=1.54ms/tok
[2026-06-02 22:43:58] [TRAIN] train_step start: 48 prompts x 4 = 192 total
[2026-06-02 22:43:58] [TRAIN] Generating 192 responses (48 prompts x 4) with 16 concurrent workers
[2026-06-02 22:44:06] [TRAIN] Gen 1/192: prompt=5 resp=2750
[2026-06-02 22:44:06] [TRAIN] Gen 12/192: prompt=19 resp=2614
[2026-06-02 22:44:06] [TRAIN] Gen 9/192: prompt=19 resp=2591
[2026-06-02 22:44:06] [TRAIN] Gen 15/192: prompt=48 resp=2528
[2026-06-02 22:44:06] [TRAIN] Gen 11/192: prompt=19 resp=2637
[2026-06-02 22:44:06] [TRAIN] Gen 16/192: prompt=48 resp=2475
[2026-06-02 22:44:06] [TRAIN] Gen 7/192: prompt=26 resp=2224
[2026-06-02 22:44:06] [TRAIN] Gen 13/192: prompt=48 resp=2437
[2026-06-02 22:44:06] [TRAIN] Gen 5/192: prompt=26 resp=2114
[2026-06-02 22:44:06] [TRAIN] Gen 2/192: prompt=5 resp=2771
[2026-06-02 22:44:06] [TRAIN] Gen 8/192: prompt=26 resp=2112
[2026-06-02 22:44:06] [TRAIN] Gen 3/192: prompt=5 resp=2661
[2026-06-02 22:44:06] [TRAIN] Gen 10/192: prompt=19 resp=2636
[2026-06-02 22:44:06] [TRAIN] Gen 6/192: prompt=26 resp=2217
[2026-06-02 22:44:06] [TRAIN] Gen 14/192: prompt=48 resp=2470
[2026-06-02 22:44:06] [TRAIN] Gen 4/192: prompt=5 resp=2769
[2026-06-02 22:44:12] [TRAIN] Gen 22/192: prompt=14 resp=1777
[2026-06-02 22:44:12] [TRAIN] Gen 24/192: prompt=14 resp=1958
[2026-06-02 22:44:12] [TRAIN] Gen 23/192: prompt=14 resp=1707
[2026-06-02 22:44:14] [TRAIN] Gen 17/192: prompt=22 resp=2447
[2026-06-02 22:44:14] [TRAIN] Gen 26/192: prompt=22 resp=2711
[2026-06-02 22:44:14] [TRAIN] Gen 31/192: prompt=12 resp=1844
[2026-06-02 22:44:14] [TRAIN] Gen 29/192: prompt=12 resp=1882
[2026-06-02 22:44:14] [TRAIN] Gen 28/192: prompt=22 resp=2768
[2026-06-02 22:44:14] [TRAIN] Gen 18/192: prompt=22 resp=2447
[2026-06-02 22:44:14] [TRAIN] Gen 25/192: prompt=22 resp=2670
[2026-06-02 22:44:14] [TRAIN] Gen 27/192: prompt=22 resp=2529
[2026-06-02 22:44:14] [TRAIN] Gen 20/192: prompt=22 resp=2446
[2026-06-02 22:44:14] [TRAIN] Gen 32/192: prompt=12 resp=1937
[2026-06-02 22:44:14] [TRAIN] Gen 19/192: prompt=22 resp=2495
[2026-06-02 22:44:14] [TRAIN] Gen 21/192: prompt=14 resp=2536
[2026-06-02 22:44:14] [TRAIN] Gen 30/192: prompt=12 resp=2233
[2026-06-02 22:44:20] [TRAIN] Gen 33/192: prompt=80 resp=2445
[2026-06-02 22:44:21] [TRAIN] Gen 34/192: prompt=80 resp=2330
[2026-06-02 22:44:21] [TRAIN] Gen 35/192: prompt=80 resp=2447
[2026-06-02 22:44:23] [TRAIN] Gen 36/192: prompt=80 resp=2478
[2026-06-02 22:44:23] [TRAIN] Gen 39/192: prompt=15 resp=2170
[2026-06-02 22:44:23] [TRAIN] Gen 42/192: prompt=137 resp=2499
[2026-06-02 22:44:23] [TRAIN] Gen 37/192: prompt=15 resp=2112
[2026-06-02 22:44:23] [TRAIN] Gen 41/192: prompt=137 resp=2490
[2026-06-02 22:44:23] [TRAIN] Gen 47/192: prompt=67 resp=2099
[2026-06-02 22:44:23] [TRAIN] Gen 44/192: prompt=137 resp=2286
[2026-06-02 22:44:23] [TRAIN] Gen 45/192: prompt=67 resp=2022
[2026-06-02 22:44:23] [TRAIN] Gen 48/192: prompt=67 resp=2142
[2026-06-02 22:44:23] [TRAIN] Gen 46/192: prompt=67 resp=2031
[2026-06-02 22:44:23] [TRAIN] Gen 40/192: prompt=15 resp=2149
[2026-06-02 22:44:23] [TRAIN] Gen 43/192: prompt=137 resp=2478
[2026-06-02 22:44:23] [TRAIN] Gen 38/192: prompt=15 resp=2292
[2026-06-02 22:44:28] [TRAIN] Gen 49/192: prompt=13 resp=2641
[2026-06-02 22:44:29] [TRAIN] Gen 50/192: prompt=13 resp=2658
[2026-06-02 22:44:29] [TRAIN] Gen 51/192: prompt=13 resp=2594
[2026-06-02 22:44:31] [TRAIN] Gen 52/192: prompt=13 resp=2502
[2026-06-02 22:44:31] [TRAIN] Gen 53/192: prompt=106 resp=2537
[2026-06-02 22:44:31] [TRAIN] Gen 54/192: prompt=106 resp=2599
[2026-06-02 22:44:31] [TRAIN] Gen 56/192: prompt=106 resp=2538
[2026-06-02 22:44:31] [TRAIN] Gen 55/192: prompt=106 resp=2602
[2026-06-02 22:44:31] [TRAIN] Gen 61/192: prompt=34 resp=2110
[2026-06-02 22:44:31] [TRAIN] Gen 58/192: prompt=40 resp=2470
[2026-06-02 22:44:31] [TRAIN] Gen 63/192: prompt=34 resp=2042
[2026-06-02 22:44:31] [TRAIN] Gen 60/192: prompt=40 resp=2571
[2026-06-02 22:44:31] [TRAIN] Gen 64/192: prompt=34 resp=2088
[2026-06-02 22:44:31] [TRAIN] Gen 59/192: prompt=40 resp=2509
[2026-06-02 22:44:31] [TRAIN] Gen 62/192: prompt=34 resp=2026
[2026-06-02 22:44:31] [TRAIN] Gen 57/192: prompt=40 resp=2568
[2026-06-02 22:44:36] [TRAIN] Gen 65/192: prompt=12 resp=2214
[2026-06-02 22:44:37] [TRAIN] Gen 66/192: prompt=12 resp=2230
[2026-06-02 22:44:37] [TRAIN] Gen 67/192: prompt=12 resp=2299
[2026-06-02 22:44:39] [TRAIN] Gen 68/192: prompt=12 resp=2091
[2026-06-02 22:44:39] [TRAIN] Gen 69/192: prompt=48 resp=1983
[2026-06-02 22:44:39] [TRAIN] Gen 71/192: prompt=48 resp=2219
[2026-06-02 22:44:39] [TRAIN] Gen 72/192: prompt=48 resp=2161
[2026-06-02 22:44:39] [TRAIN] Gen 70/192: prompt=48 resp=2251
[2026-06-02 22:44:39] [TRAIN] Gen 80/192: prompt=28 resp=2382
[2026-06-02 22:44:39] [TRAIN] Gen 79/192: prompt=28 resp=2431
[2026-06-02 22:44:39] [TRAIN] Gen 73/192: prompt=263 resp=2143
[2026-06-02 22:44:39] [TRAIN] Gen 76/192: prompt=263 resp=1742
[2026-06-02 22:44:39] [TRAIN] Gen 78/192: prompt=28 resp=2391
[2026-06-02 22:44:39] [TRAIN] Gen 75/192: prompt=263 resp=1780
[2026-06-02 22:44:39] [TRAIN] Gen 74/192: prompt=263 resp=2120
[2026-06-02 22:44:39] [TRAIN] Gen 77/192: prompt=28 resp=2542
[2026-06-02 22:44:44] [TRAIN] Gen 81/192: prompt=16 resp=2413
[2026-06-02 22:44:45] [TRAIN] Gen 82/192: prompt=16 resp=2395
[2026-06-02 22:44:45] [TRAIN] Gen 83/192: prompt=16 resp=2378
[2026-06-02 22:44:47] [TRAIN] Gen 87/192: prompt=9 resp=1783
[2026-06-02 22:44:47] [TRAIN] Gen 84/192: prompt=16 resp=2509
[2026-06-02 22:44:47] [TRAIN] Gen 85/192: prompt=9 resp=1791
[2026-06-02 22:44:47] [TRAIN] Gen 86/192: prompt=9 resp=1834
[2026-06-02 22:44:47] [TRAIN] Gen 88/192: prompt=9 resp=1697
[2026-06-02 22:44:47] [TRAIN] Gen 90/192: prompt=7 resp=2560
[2026-06-02 22:44:47] [TRAIN] Gen 89/192: prompt=7 resp=2589
[2026-06-02 22:44:47] [TRAIN] Gen 92/192: prompt=7 resp=2505
[2026-06-02 22:44:47] [TRAIN] Gen 93/192: prompt=21 resp=2114
[2026-06-02 22:44:47] [TRAIN] Gen 95/192: prompt=21 resp=2150
[2026-06-02 22:44:47] [TRAIN] Gen 94/192: prompt=21 resp=2176
[2026-06-02 22:44:47] [TRAIN] Gen 91/192: prompt=7 resp=2595
[2026-06-02 22:44:47] [TRAIN] Gen 96/192: prompt=21 resp=2204
[2026-06-02 22:44:52] [TRAIN] Gen 97/192: prompt=25 resp=2571
[2026-06-02 22:44:53] [TRAIN] Gen 98/192: prompt=25 resp=2559
[2026-06-02 22:44:53] [TRAIN] Gen 99/192: prompt=25 resp=2620
[2026-06-02 22:44:55] [TRAIN] Gen 100/192: prompt=25 resp=2598
[2026-06-02 22:44:55] [TRAIN] Gen 101/192: prompt=37 resp=2515
[2026-06-02 22:44:55] [TRAIN] Gen 102/192: prompt=37 resp=2509
[2026-06-02 22:44:55] [TRAIN] Gen 103/192: prompt=37 resp=2501
[2026-06-02 22:44:55] [TRAIN] Gen 104/192: prompt=37 resp=2457
[2026-06-02 22:44:55] [TRAIN] Gen 107/192: prompt=25 resp=2581
[2026-06-02 22:44:55] [TRAIN] Gen 106/192: prompt=25 resp=2499
[2026-06-02 22:44:55] [TRAIN] Gen 105/192: prompt=25 resp=2570
[2026-06-02 22:44:55] [TRAIN] Gen 111/192: prompt=18 resp=2512
[2026-06-02 22:44:55] [TRAIN] Gen 112/192: prompt=18 resp=2662
[2026-06-02 22:44:55] [TRAIN] Gen 108/192: prompt=25 resp=2652
[2026-06-02 22:44:55] [TRAIN] Gen 110/192: prompt=18 resp=2623
[2026-06-02 22:44:55] [TRAIN] Gen 109/192: prompt=18 resp=2500
[2026-06-02 22:45:00] [TRAIN] Gen 113/192: prompt=11 resp=2277
[2026-06-02 22:45:00] [TRAIN] Gen 127/192: prompt=23 resp=1479
[2026-06-02 22:45:01] [TRAIN] Gen 114/192: prompt=11 resp=2353
[2026-06-02 22:45:01] [TRAIN] Gen 115/192: prompt=11 resp=2497
[2026-06-02 22:45:03] [TRAIN] Gen 116/192: prompt=11 resp=1966
[2026-06-02 22:45:03] [TRAIN] Gen 117/192: prompt=8 resp=2490
[2026-06-02 22:45:03] [TRAIN] Gen 118/192: prompt=8 resp=2455
[2026-06-02 22:45:03] [TRAIN] Gen 119/192: prompt=8 resp=2384
[2026-06-02 22:45:03] [TRAIN] Gen 120/192: prompt=8 resp=2121
[2026-06-02 22:45:03] [TRAIN] Gen 122/192: prompt=12 resp=2786
[2026-06-02 22:45:03] [TRAIN] Gen 121/192: prompt=12 resp=2674
[2026-06-02 22:45:03] [TRAIN] Gen 123/192: prompt=12 resp=2661
[2026-06-02 22:45:03] [TRAIN] Gen 124/192: prompt=12 resp=2707
[2026-06-02 22:45:03] [TRAIN] Gen 126/192: prompt=23 resp=2131
[2026-06-02 22:45:03] [TRAIN] Gen 125/192: prompt=23 resp=2188
[2026-06-02 22:45:03] [TRAIN] Gen 128/192: prompt=23 resp=2177
[2026-06-02 22:45:08] [TRAIN] Gen 129/192: prompt=23 resp=2048
[2026-06-02 22:45:08] [TRAIN] Gen 130/192: prompt=23 resp=2084
[2026-06-02 22:45:09] [TRAIN] Gen 131/192: prompt=23 resp=2062
[2026-06-02 22:45:09] [TRAIN] Gen 132/192: prompt=23 resp=2148
[2026-06-02 22:45:11] [TRAIN] Gen 133/192: prompt=14 resp=2259
[2026-06-02 22:45:11] [TRAIN] Gen 134/192: prompt=14 resp=2184
[2026-06-02 22:45:11] [TRAIN] Gen 135/192: prompt=14 resp=2218
[2026-06-02 22:45:11] [TRAIN] Gen 136/192: prompt=14 resp=2190
[2026-06-02 22:45:11] [TRAIN] Gen 137/192: prompt=21 resp=2272
[2026-06-02 22:45:11] [TRAIN] Gen 138/192: prompt=21 resp=2657
[2026-06-02 22:45:11] [TRAIN] Gen 139/192: prompt=21 resp=2270
[2026-06-02 22:45:11] [TRAIN] Gen 140/192: prompt=21 resp=2529
[2026-06-02 22:45:11] [TRAIN] Gen 144/192: prompt=15 resp=2598
[2026-06-02 22:45:11] [TRAIN] Gen 141/192: prompt=15 resp=2615
[2026-06-02 22:45:11] [TRAIN] Gen 143/192: prompt=15 resp=2606
[2026-06-02 22:45:11] [TRAIN] Gen 142/192: prompt=15 resp=2640
[2026-06-02 22:45:16] [TRAIN] Gen 145/192: prompt=29 resp=2259
[2026-06-02 22:45:16] [TRAIN] Gen 146/192: prompt=29 resp=2273
[2026-06-02 22:45:17] [TRAIN] Gen 147/192: prompt=29 resp=2219
[2026-06-02 22:45:17] [TRAIN] Gen 148/192: prompt=29 resp=2309
[2026-06-02 22:45:19] [TRAIN] Gen 149/192: prompt=10 resp=2655
[2026-06-02 22:45:19] [TRAIN] Gen 150/192: prompt=10 resp=2626
[2026-06-02 22:45:19] [TRAIN] Gen 151/192: prompt=10 resp=2625
[2026-06-02 22:45:19] [TRAIN] Gen 152/192: prompt=10 resp=2626
[2026-06-02 22:45:19] [TRAIN] Gen 153/192: prompt=322 resp=2526
[2026-06-02 22:45:19] [TRAIN] Gen 154/192: prompt=322 resp=2529
[2026-06-02 22:45:19] [TRAIN] Gen 156/192: prompt=322 resp=2479
[2026-06-02 22:45:19] [TRAIN] Gen 155/192: prompt=322 resp=2448
[2026-06-02 22:45:19] [TRAIN] Gen 160/192: prompt=23 resp=2420
[2026-06-02 22:45:19] [TRAIN] Gen 159/192: prompt=23 resp=2513
[2026-06-02 22:45:19] [TRAIN] Gen 157/192: prompt=23 resp=2455
[2026-06-02 22:45:19] [TRAIN] Gen 158/192: prompt=23 resp=2302
[2026-06-02 22:45:24] [TRAIN] Gen 161/192: prompt=9 resp=2689
[2026-06-02 22:45:24] [TRAIN] Gen 162/192: prompt=9 resp=2568
[2026-06-02 22:45:25] [TRAIN] Gen 163/192: prompt=9 resp=2603
[2026-06-02 22:45:25] [TRAIN] Gen 164/192: prompt=9 resp=2580
[2026-06-02 22:45:27] [TRAIN] Gen 165/192: prompt=16 resp=2553
[2026-06-02 22:45:27] [TRAIN] Gen 166/192: prompt=16 resp=2581
[2026-06-02 22:45:27] [TRAIN] Gen 167/192: prompt=16 resp=2578
[2026-06-02 22:45:27] [TRAIN] Gen 168/192: prompt=16 resp=2518
[2026-06-02 22:45:27] [TRAIN] Gen 169/192: prompt=15 resp=2749
[2026-06-02 22:45:27] [TRAIN] Gen 171/192: prompt=15 resp=2766
[2026-06-02 22:45:27] [TRAIN] Gen 172/192: prompt=15 resp=2812
[2026-06-02 22:45:27] [TRAIN] Gen 170/192: prompt=15 resp=2671
[2026-06-02 22:45:27] [TRAIN] Gen 176/192: prompt=49 resp=2705
[2026-06-02 22:45:27] [TRAIN] Gen 174/192: prompt=49 resp=2581
[2026-06-02 22:45:27] [TRAIN] Gen 175/192: prompt=49 resp=2707
[2026-06-02 22:45:27] [TRAIN] Gen 173/192: prompt=49 resp=2585
[2026-06-02 22:45:32] [TRAIN] Gen 177/192: prompt=23 resp=2513
[2026-06-02 22:45:32] [TRAIN] Gen 178/192: prompt=23 resp=2664
[2026-06-02 22:45:33] [TRAIN] Gen 179/192: prompt=23 resp=2571
[2026-06-02 22:45:33] [TRAIN] Gen 180/192: prompt=23 resp=2481
[2026-06-02 22:45:35] [TRAIN] Gen 181/192: prompt=13 resp=2674
[2026-06-02 22:45:35] [TRAIN] Gen 182/192: prompt=13 resp=2608
[2026-06-02 22:45:35] [TRAIN] Gen 183/192: prompt=13 resp=2637
[2026-06-02 22:45:35] [TRAIN] Gen 184/192: prompt=13 resp=2588
[2026-06-02 22:45:35] [TRAIN] Gen 185/192: prompt=14 resp=2468
[2026-06-02 22:45:35] [TRAIN] Gen 186/192: prompt=14 resp=2440
[2026-06-02 22:45:35] [TRAIN] Gen 187/192: prompt=14 resp=2635
[2026-06-02 22:45:35] [TRAIN] Gen 188/192: prompt=14 resp=2495
[2026-06-02 22:45:35] [TRAIN] Gen 192/192: prompt=8 resp=2391
[2026-06-02 22:45:35] [TRAIN] Gen 190/192: prompt=8 resp=2376
[2026-06-02 22:45:35] [TRAIN] Gen 189/192: prompt=8 resp=2527
[2026-06-02 22:45:35] [TRAIN] Gen 191/192: prompt=8 resp=2419
[2026-06-02 22:45:35] [TRAIN] Generation done in 97.5s
[2026-06-02 22:45:51] [TRAIN] Prompt 1/48: rewards=[0.85, 0.938, 0.0, 0.0]
[2026-06-02 22:46:08] [TRAIN] Prompt 2/48: rewards=[0.0, 0.138, 0.087, 0.0]
[2026-06-02 22:46:24] [TRAIN] Prompt 3/48: rewards=[0.412, 0.875, 0.0, 0.0]
[2026-06-02 22:46:39] [TRAIN] Prompt 4/48: rewards=[0.0, 0.85, 0.0, 0.7]
[2026-06-02 22:46:55] [TRAIN] Prompt 5/48: rewards=[0.0, 0.0, 0.475, 0.0]
[2026-06-02 22:47:11] [TRAIN] Prompt 6/48: rewards=[0.0, 1.0, 1.0, 1.0]
[2026-06-02 22:47:27] [TRAIN] Prompt 7/48: rewards=[0.388, 0.0, 0.0, 0.0]
[2026-06-02 22:47:43] [TRAIN] Prompt 8/48: rewards=[0.0, 0.0, 0.85, 0.287]
[2026-06-02 22:47:59] [TRAIN] Prompt 9/48: rewards=[0.0, 0.0, 0.0, 0.0]
[2026-06-02 22:48:16] [TRAIN] Prompt 10/48: rewards=[0.113, 0.0, 0.0, 0.0]
[2026-06-02 22:48:32] [TRAIN] Prompt 11/48: rewards=[0.0, 0.438, 0.575, 0.863]
[2026-06-02 22:48:49] [TRAIN] Prompt 12/48: rewards=[0.0, 0.0, 0.713, 0.0]
[2026-06-02 22:49:05] [TRAIN] Prompt 13/48: rewards=[0.575, 0.0, 0.0, 0.0]
[2026-06-02 22:49:21] [TRAIN] Prompt 14/48: rewards=[0.0, 0.0, 0.0, 0.0]
[2026-06-02 22:49:38] [TRAIN] Prompt 15/48: rewards=[0.438, 0.55, 0.25, 0.0]
[2026-06-02 22:49:53] [TRAIN] Prompt 16/48: rewards=[0.762, 0.787, 0.0, 0.0]
[2026-06-02 22:50:08] [TRAIN] Prompt 17/48: rewards=[0.0, 0.613, 0.0, 0.0]
[2026-06-02 22:50:24] [TRAIN] Prompt 18/48: rewards=[0.875, 0.0, 0.0, 0.825]
[2026-06-02 22:50:39] [TRAIN] Prompt 19/48: rewards=[0.0, 0.75, 0.0, 0.85]
[2026-06-02 22:50:55] [TRAIN] Prompt 20/48: rewards=[0.0, 0.0, 0.838, 1.0]
[2026-06-02 22:51:11] [TRAIN] Prompt 21/48: rewards=[0.775, 0.775, 0.25, 0.0]
[2026-06-02 22:51:25] [TRAIN] Prompt 22/48: rewards=[0.0, 0.975, 0.988, 0.0]
[2026-06-02 22:51:41] [TRAIN] Prompt 23/48: rewards=[0.0, 0.0, 0.637, 0.312]
[2026-06-02 22:51:58] [TRAIN] Prompt 24/48: rewards=[0.0, 0.0, 0.463, 0.0]
[2026-06-02 22:52:13] [TRAIN] Prompt 25/48: rewards=[0.0, 0.7, 0.537, 0.0]
[2026-06-02 22:52:30] [TRAIN] Prompt 26/48: rewards=[0.0, 0.938, 0.0, 0.0]
[2026-06-02 22:52:46] [TRAIN] Prompt 27/48: rewards=[0.0, 1.0, 0.463, 0.4]
[2026-06-02 22:53:02] [TRAIN] Prompt 28/48: rewards=[0.7, 0.0, 0.7, 0.0]
[2026-06-02 22:53:18] [TRAIN] Prompt 29/48: rewards=[0.912, 0.412, 0.775, 0.0]
[2026-06-02 22:53:33] [TRAIN] Prompt 30/48: rewards=[0.0, 0.0, 0.0, 0.938]
[2026-06-02 22:53:51] [TRAIN] Prompt 31/48: rewards=[0.0, 0.725, 0.0, 0.0]
[2026-06-02 22:54:06] [TRAIN] Prompt 32/48: rewards=[0.0, 1.0, 1.0, 0.0]
[2026-06-02 22:54:22] [TRAIN] Prompt 33/48: rewards=[0.562, 0.0, 0.0, 0.0]
[2026-06-02 22:54:39] [TRAIN] Prompt 34/48: rewards=[0.0, 0.0, 0.425, 0.0]
[2026-06-02 22:56:19] [TRAIN] train_step start: 48 prompts x 4 = 192 total
[2026-06-02 22:56:19] [TRAIN] Generating 192 responses (48 prompts x 4) with 16 concurrent workers
[2026-06-02 22:56:25] [TRAIN] Gen 9/192: prompt=19 resp=1811
[2026-06-02 22:56:27] [TRAIN] Gen 2/192: prompt=5 resp=2746
[2026-06-02 22:56:27] [TRAIN] Gen 8/192: prompt=26 resp=2204
[2026-06-02 22:56:27] [TRAIN] Gen 10/192: prompt=19 resp=2577
[2026-06-02 22:56:27] [TRAIN] Gen 11/192: prompt=19 resp=2562
[2026-06-02 22:56:27] [TRAIN] Gen 3/192: prompt=5 resp=2723
[2026-06-02 22:56:27] [TRAIN] Gen 7/192: prompt=26 resp=2108
[2026-06-02 22:56:27] [TRAIN] Gen 15/192: prompt=48 resp=2385
[2026-06-02 22:56:27] [TRAIN] Gen 12/192: prompt=19 resp=2627
[2026-06-02 22:56:27] [TRAIN] Gen 6/192: prompt=26 resp=2110
[2026-06-02 22:56:27] [TRAIN] Gen 13/192: prompt=48 resp=2481
[2026-06-02 22:56:27] [TRAIN] Gen 4/192: prompt=5 resp=2765
[2026-06-02 22:56:27] [TRAIN] Gen 16/192: prompt=48 resp=2446
[2026-06-02 22:56:27] [TRAIN] Gen 1/192: prompt=5 resp=2696
[2026-06-02 22:56:27] [TRAIN] Gen 5/192: prompt=26 resp=2081
[2026-06-02 22:56:27] [TRAIN] Gen 14/192: prompt=48 resp=2367
[2026-06-02 22:56:33] [TRAIN] Gen 17/192: prompt=22 resp=2237
[2026-06-02 22:56:35] [TRAIN] Gen 23/192: prompt=14 resp=2492
[2026-06-02 22:56:35] [TRAIN] Gen 21/192: prompt=14 resp=2518
[2026-06-02 22:56:36] [TRAIN] Gen 18/192: prompt=22 resp=2430
[2026-06-02 22:56:36] [TRAIN] Gen 19/192: prompt=22 resp=2374
[2026-06-02 22:56:36] [TRAIN] Gen 26/192: prompt=22 resp=2640
[2026-06-02 22:56:36] [TRAIN] Gen 27/192: prompt=22 resp=2670
[2026-06-02 22:56:36] [TRAIN] Gen 31/192: prompt=12 resp=2205
[2026-06-02 22:56:36] [TRAIN] Gen 30/192: prompt=12 resp=1886
[2026-06-02 22:56:36] [TRAIN] Gen 22/192: prompt=14 resp=2706
[2026-06-02 22:56:36] [TRAIN] Gen 28/192: prompt=22 resp=2668
[2026-06-02 22:56:36] [TRAIN] Gen 29/192: prompt=12 resp=2207
[2026-06-02 22:56:36] [TRAIN] Gen 25/192: prompt=22 resp=2714
[2026-06-02 22:56:36] [TRAIN] Gen 32/192: prompt=12 resp=2085
[2026-06-02 22:56:36] [TRAIN] Gen 20/192: prompt=22 resp=2387
[2026-06-02 22:56:36] [TRAIN] Gen 24/192: prompt=14 resp=2749
[2026-06-02 22:56:41] [TRAIN] Gen 33/192: prompt=80 resp=2485
[2026-06-02 22:56:43] [TRAIN] Gen 34/192: prompt=80 resp=2539
[2026-06-02 22:56:43] [TRAIN] Gen 35/192: prompt=80 resp=2404
[2026-06-02 22:56:44] [TRAIN] Gen 36/192: prompt=80 resp=2387
[2026-06-02 22:56:44] [TRAIN] Gen 37/192: prompt=15 resp=2091
[2026-06-02 22:56:44] [TRAIN] Gen 43/192: prompt=137 resp=2179
[2026-06-02 22:56:44] [TRAIN] Gen 45/192: prompt=67 resp=1979
[2026-06-02 22:56:44] [TRAIN] Gen 46/192: prompt=67 resp=2001
[2026-06-02 22:56:44] [TRAIN] Gen 44/192: prompt=137 resp=2528
[2026-06-02 22:56:44] [TRAIN] Gen 47/192: prompt=67 resp=2074
[2026-06-02 22:56:44] [TRAIN] Gen 39/192: prompt=15 resp=2246
[2026-06-02 22:56:44] [TRAIN] Gen 48/192: prompt=67 resp=2049
[2026-06-02 22:56:44] [TRAIN] Gen 38/192: prompt=15 resp=2155
[2026-06-02 22:56:44] [TRAIN] Gen 40/192: prompt=15 resp=2265
[2026-06-02 22:56:44] [TRAIN] Gen 42/192: prompt=137 resp=2525
[2026-06-02 22:56:44] [TRAIN] Gen 41/192: prompt=137 resp=2513
[2026-06-02 22:56:49] [TRAIN] Gen 49/192: prompt=13 resp=2662
[2026-06-02 22:56:51] [TRAIN] Gen 50/192: prompt=13 resp=2678
[2026-06-02 22:56:52] [TRAIN] Gen 51/192: prompt=13 resp=2578
[2026-06-02 22:56:52] [TRAIN] Gen 52/192: prompt=13 resp=2560
[2026-06-02 22:56:52] [TRAIN] Gen 53/192: prompt=106 resp=2633
[2026-06-02 22:56:52] [TRAIN] Gen 54/192: prompt=106 resp=2475
[2026-06-02 22:56:52] [TRAIN] Gen 57/192: prompt=40 resp=2503
[2026-06-02 22:56:52] [TRAIN] Gen 62/192: prompt=34 resp=2436
[2026-06-02 22:56:52] [TRAIN] Gen 58/192: prompt=40 resp=2465
[2026-06-02 22:56:52] [TRAIN] Gen 64/192: prompt=34 resp=2559
[2026-06-02 22:56:52] [TRAIN] Gen 55/192: prompt=106 resp=2606
[2026-06-02 22:56:52] [TRAIN] Gen 61/192: prompt=34 resp=2422
[2026-06-02 22:56:52] [TRAIN] Gen 59/192: prompt=40 resp=2513
[2026-06-02 22:56:52] [TRAIN] Gen 56/192: prompt=106 resp=2560
[2026-06-02 22:56:52] [TRAIN] Gen 60/192: prompt=40 resp=2549
[2026-06-02 22:56:52] [TRAIN] Gen 63/192: prompt=34 resp=2546
[2026-06-02 22:56:57] [TRAIN] Gen 65/192: prompt=12 resp=2514
[2026-06-02 22:57:00] [TRAIN] Gen 66/192: prompt=12 resp=2226
[2026-06-02 22:57:00] [TRAIN] Gen 67/192: prompt=12 resp=2163
[2026-06-02 22:57:00] [TRAIN] Gen 68/192: prompt=12 resp=2150
[2026-06-02 22:57:00] [TRAIN] Gen 69/192: prompt=48 resp=2144
[2026-06-02 22:57:00] [TRAIN] Gen 70/192: prompt=48 resp=2168
[2026-06-02 22:57:00] [TRAIN] Gen 71/192: prompt=48 resp=2147
[2026-06-02 22:57:00] [TRAIN] Gen 80/192: prompt=28 resp=2373
[2026-06-02 22:57:00] [TRAIN] Gen 75/192: prompt=263 resp=1908
[2026-06-02 22:57:00] [TRAIN] Gen 76/192: prompt=263 resp=2451
[2026-06-02 22:57:00] [TRAIN] Gen 78/192: prompt=28 resp=2356
[2026-06-02 22:57:00] [TRAIN] Gen 79/192: prompt=28 resp=2387
[2026-06-02 22:57:00] [TRAIN] Gen 77/192: prompt=28 resp=2410
[2026-06-02 22:57:00] [TRAIN] Gen 74/192: prompt=263 resp=2027
[2026-06-02 22:57:00] [TRAIN] Gen 73/192: prompt=263 resp=1831
[2026-06-02 22:57:00] [TRAIN] Gen 72/192: prompt=48 resp=2222
[2026-06-02 22:57:06] [TRAIN] Gen 81/192: prompt=16 resp=2515
[2026-06-02 22:57:08] [TRAIN] Gen 82/192: prompt=16 resp=2593
[2026-06-02 22:57:08] [TRAIN] Gen 83/192: prompt=16 resp=2282
[2026-06-02 22:57:08] [TRAIN] Gen 87/192: prompt=9 resp=1719
[2026-06-02 22:57:08] [TRAIN] Gen 84/192: prompt=16 resp=2445
[2026-06-02 22:57:08] [TRAIN] Gen 85/192: prompt=9 resp=1759
[2026-06-02 22:57:08] [TRAIN] Gen 86/192: prompt=9 resp=1783
[2026-06-02 22:57:09] [TRAIN] Gen 93/192: prompt=21 resp=2287
[2026-06-02 22:57:09] [TRAIN] Gen 89/192: prompt=7 resp=2536
[2026-06-02 22:57:09] [TRAIN] Gen 94/192: prompt=21 resp=2171
[2026-06-02 22:57:09] [TRAIN] Gen 95/192: prompt=21 resp=2300
[2026-06-02 22:57:09] [TRAIN] Gen 88/192: prompt=9 resp=1776
[2026-06-02 22:57:09] [TRAIN] Gen 96/192: prompt=21 resp=2225
[2026-06-02 22:57:09] [TRAIN] Gen 92/192: prompt=7 resp=2673
[2026-06-02 22:57:09] [TRAIN] Gen 90/192: prompt=7 resp=2563
[2026-06-02 22:57:09] [TRAIN] Gen 91/192: prompt=7 resp=2586
[2026-06-02 22:57:14] [TRAIN] Gen 97/192: prompt=25 resp=2662
[2026-06-02 22:57:16] [TRAIN] Gen 98/192: prompt=25 resp=2586
[2026-06-02 22:57:16] [TRAIN] Gen 99/192: prompt=25 resp=2585
[2026-06-02 22:57:16] [TRAIN] Gen 100/192: prompt=25 resp=2640
[2026-06-02 22:57:16] [TRAIN] Gen 101/192: prompt=37 resp=2311
[2026-06-02 22:57:16] [TRAIN] Gen 102/192: prompt=37 resp=2500
[2026-06-02 22:57:17] [TRAIN] Gen 103/192: prompt=37 resp=2543
[2026-06-02 22:57:17] [TRAIN] Gen 105/192: prompt=25 resp=2510
[2026-06-02 22:57:17] [TRAIN] Gen 104/192: prompt=37 resp=2564
[2026-06-02 22:57:17] [TRAIN] Gen 106/192: prompt=25 resp=2380
[2026-06-02 22:57:17] [TRAIN] Gen 111/192: prompt=18 resp=2633
[2026-06-02 22:57:17] [TRAIN] Gen 112/192: prompt=18 resp=2560
[2026-06-02 22:57:17] [TRAIN] Gen 110/192: prompt=18 resp=2623
[2026-06-02 22:57:17] [TRAIN] Gen 109/192: prompt=18 resp=2519
[2026-06-02 22:57:17] [TRAIN] Gen 108/192: prompt=25 resp=2579
[2026-06-02 22:57:17] [TRAIN] Gen 107/192: prompt=25 resp=2593
[2026-06-02 22:57:22] [TRAIN] Gen 113/192: prompt=11 resp=2420
[2026-06-02 22:57:22] [TRAIN] Gen 126/192: prompt=23 resp=1466
[2026-06-02 22:57:23] [TRAIN] Gen 125/192: prompt=23 resp=1748
[2026-06-02 22:57:24] [TRAIN] Gen 114/192: prompt=11 resp=2278
[2026-06-02 22:57:24] [TRAIN] Gen 115/192: prompt=11 resp=2130
[2026-06-02 22:57:25] [TRAIN] Gen 116/192: prompt=11 resp=2233
[2026-06-02 22:57:25] [TRAIN] Gen 117/192: prompt=8 resp=2258
[2026-06-02 22:57:25] [TRAIN] Gen 118/192: prompt=8 resp=2339
[2026-06-02 22:57:25] [TRAIN] Gen 119/192: prompt=8 resp=2401
[2026-06-02 22:57:25] [TRAIN] Gen 122/192: prompt=12 resp=2662
[2026-06-02 22:57:25] [TRAIN] Gen 121/192: prompt=12 resp=2692
[2026-06-02 22:57:25] [TRAIN] Gen 120/192: prompt=8 resp=2374
[2026-06-02 22:57:25] [TRAIN] Gen 123/192: prompt=12 resp=2715
[2026-06-02 22:57:25] [TRAIN] Gen 128/192: prompt=23 resp=2346
[2026-06-02 22:57:25] [TRAIN] Gen 127/192: prompt=23 resp=2411
[2026-06-02 22:57:25] [TRAIN] Gen 124/192: prompt=12 resp=2681
[2026-06-02 22:57:30] [TRAIN] Gen 129/192: prompt=23 resp=2164
[2026-06-02 22:57:30] [TRAIN] Gen 130/192: prompt=23 resp=2211
[2026-06-02 22:57:32] [TRAIN] Gen 131/192: prompt=23 resp=2037
[2026-06-02 22:57:32] [TRAIN] Gen 132/192: prompt=23 resp=2100
[2026-06-02 22:57:33] [TRAIN] Gen 133/192: prompt=21 resp=2490
[2026-06-02 22:57:33] [TRAIN] Gen 134/192: prompt=21 resp=2528
[2026-06-02 22:57:33] [TRAIN] Gen 135/192: prompt=21 resp=2655
[2026-06-02 22:57:33] [TRAIN] Gen 136/192: prompt=21 resp=2577
[2026-06-02 22:57:33] [TRAIN] Gen 137/192: prompt=15 resp=2500
[2026-06-02 22:57:33] [TRAIN] Gen 140/192: prompt=15 resp=2534
[2026-06-02 22:57:33] [TRAIN] Gen 138/192: prompt=15 resp=2570
[2026-06-02 22:57:33] [TRAIN] Gen 139/192: prompt=15 resp=2596
[2026-06-02 22:57:33] [TRAIN] Gen 144/192: prompt=29 resp=2288
[2026-06-02 22:57:33] [TRAIN] Gen 141/192: prompt=29 resp=2256
[2026-06-02 22:57:33] [TRAIN] Gen 143/192: prompt=29 resp=2235
[2026-06-02 22:57:33] [TRAIN] Gen 142/192: prompt=29 resp=2241
[2026-06-02 22:57:38] [TRAIN] Gen 145/192: prompt=10 resp=2747
[2026-06-02 22:57:39] [TRAIN] Gen 146/192: prompt=10 resp=2435
[2026-06-02 22:57:40] [TRAIN] Gen 147/192: prompt=10 resp=2561
[2026-06-02 22:57:41] [TRAIN] Gen 148/192: prompt=10 resp=2749
[2026-06-02 22:57:41] [TRAIN] Gen 149/192: prompt=322 resp=2394
[2026-06-02 22:57:41] [TRAIN] Gen 150/192: prompt=322 resp=2369
[2026-06-02 22:57:41] [TRAIN] Gen 151/192: prompt=322 resp=2547
[2026-06-02 22:57:41] [TRAIN] Gen 152/192: prompt=322 resp=2385
[2026-06-02 22:57:41] [TRAIN] Gen 153/192: prompt=23 resp=2555
[2026-06-02 22:57:41] [TRAIN] Gen 154/192: prompt=23 resp=2324
[2026-06-02 22:57:41] [TRAIN] Gen 155/192: prompt=23 resp=2321
[2026-06-02 22:57:41] [TRAIN] Gen 156/192: prompt=23 resp=2475
[2026-06-02 22:57:41] [TRAIN] Gen 157/192: prompt=9 resp=2617
[2026-06-02 22:57:41] [TRAIN] Gen 160/192: prompt=9 resp=2543
[2026-06-02 22:57:41] [TRAIN] Gen 158/192: prompt=9 resp=2631
[2026-06-02 22:57:41] [TRAIN] Gen 159/192: prompt=9 resp=2655
[2026-06-02 22:57:47] [TRAIN] Gen 161/192: prompt=16 resp=2562
[2026-06-02 22:57:47] [TRAIN] Gen 162/192: prompt=16 resp=2650
[2026-06-02 22:57:48] [TRAIN] Gen 163/192: prompt=16 resp=2734
[2026-06-02 22:57:49] [TRAIN] Gen 164/192: prompt=16 resp=2608
[2026-06-02 22:57:49] [TRAIN] Gen 165/192: prompt=15 resp=2772
[2026-06-02 22:57:49] [TRAIN] Gen 166/192: prompt=15 resp=2766
[2026-06-02 22:57:49] [TRAIN] Gen 167/192: prompt=15 resp=2812
[2026-06-02 22:57:49] [TRAIN] Gen 168/192: prompt=15 resp=2862
[2026-06-02 22:57:50] [TRAIN] Gen 169/192: prompt=49 resp=2674
[2026-06-02 22:57:50] [TRAIN] Gen 170/192: prompt=49 resp=2710
[2026-06-02 22:57:50] [TRAIN] Gen 171/192: prompt=49 resp=2642
[2026-06-02 22:57:50] [TRAIN] Gen 172/192: prompt=49 resp=2696
[2026-06-02 22:57:50] [TRAIN] Gen 175/192: prompt=23 resp=2420
[2026-06-02 22:57:50] [TRAIN] Gen 176/192: prompt=23 resp=2528
[2026-06-02 22:57:50] [TRAIN] Gen 174/192: prompt=23 resp=2444
[2026-06-02 22:57:50] [TRAIN] Gen 173/192: prompt=23 resp=2501
[2026-06-02 22:57:55] [TRAIN] Gen 177/192: prompt=13 resp=2548
[2026-06-02 22:57:55] [TRAIN] Gen 178/192: prompt=13 resp=2548
[2026-06-02 22:57:56] [TRAIN] Gen 179/192: prompt=13 resp=2635
[2026-06-02 22:57:57] [TRAIN] Gen 180/192: prompt=13 resp=2591
[2026-06-02 22:57:57] [TRAIN] Gen 181/192: prompt=14 resp=2490
[2026-06-02 22:57:58] [TRAIN] Gen 182/192: prompt=14 resp=2440
[2026-06-02 22:57:58] [TRAIN] Gen 183/192: prompt=14 resp=2497
[2026-06-02 22:57:58] [TRAIN] Gen 184/192: prompt=14 resp=2539
[2026-06-02 22:57:58] [TRAIN] Gen 185/192: prompt=8 resp=2260
[2026-06-02 22:57:58] [TRAIN] Gen 186/192: prompt=8 resp=2273
[2026-06-02 22:57:58] [TRAIN] Gen 187/192: prompt=8 resp=2533
[2026-06-02 22:57:58] [TRAIN] Gen 188/192: prompt=8 resp=2391
[2026-06-02 22:57:58] [TRAIN] Gen 192/192: prompt=26 resp=2359
[2026-06-02 22:57:58] [TRAIN] Gen 191/192: prompt=26 resp=2383
[2026-06-02 22:57:58] [TRAIN] Gen 189/192: prompt=26 resp=2474
[2026-06-02 22:57:58] [TRAIN] Gen 190/192: prompt=26 resp=2469
[2026-06-02 22:57:58] [TRAIN] Generation done in 99.3s
[2026-06-02 22:58:14] [TRAIN] Prompt 1/48: rewards=[0.0, 0.863, 0.0, 1.0]
[2026-06-02 22:58:30] [TRAIN] Prompt 2/48: rewards=[0.0, 0.45, 0.275, 0.0]
[2026-06-02 22:58:47] [TRAIN] Prompt 3/48: rewards=[0.0, 0.838, 0.0, 0.0]
[2026-06-02 22:59:03] [TRAIN] Prompt 4/48: rewards=[0.0, 0.0, 0.0, 0.0]
[2026-06-02 22:59:19] [TRAIN] Prompt 5/48: rewards=[0.637, 0.787, 0.1, 0.0]
[2026-06-02 22:59:35] [TRAIN] Prompt 6/48: rewards=[1.0, 0.0, 1.0, 0.0]
[2026-06-02 22:59:50] [TRAIN] Prompt 7/48: rewards=[0.0, 0.487, 0.938, 0.688]
[2026-06-02 23:00:06] [TRAIN] Prompt 8/48: rewards=[0.0, 0.0, 0.263, 0.0]
[2026-06-02 23:00:22] [TRAIN] Prompt 9/48: rewards=[0.0, 0.0, 0.0, 0.0]
[2026-06-02 23:00:39] [TRAIN] Prompt 10/48: rewards=[0.0, 0.863, 0.0, 0.0]
[2026-06-02 23:00:55] [TRAIN] Prompt 11/48: rewards=[0.0, 0.812, 0.0, 0.138]
[2026-06-02 23:01:12] [TRAIN] Prompt 12/48: rewards=[0.0, 0.0, 0.0, 0.0]
[2026-06-02 23:01:29] [TRAIN] Prompt 13/48: rewards=[0.3, 0.0, 0.0, 0.487]
[2026-06-02 23:01:45] [TRAIN] Prompt 14/48: rewards=[0.525, 0.325, 0.0, 0.0]
[2026-06-02 23:02:02] [TRAIN] Prompt 15/48: rewards=[0.0, 0.0, 0.0, 0.0]
[2026-06-02 23:02:19] [TRAIN] Prompt 16/48: rewards=[0.0, 0.0, 0.0, 0.487]
[2026-06-02 23:02:34] [TRAIN] Prompt 17/48: rewards=[0.0, 0.0, 0.662, 0.338]
[2026-06-02 23:02:49] [TRAIN] Prompt 18/48: rewards=[0.0, 0.0, 0.75, 0.275]
[2026-06-02 23:03:04] [TRAIN] Prompt 19/48: rewards=[0.912, 0.662, 0.887, 0.0]
[2026-06-02 23:03:20] [TRAIN] Prompt 20/48: rewards=[0.775, 0.0, 0.0, 0.0]
[2026-06-02 23:03:37] [TRAIN] Prompt 21/48: rewards=[0.787, 0.0, 0.0, 0.0]
[2026-06-02 23:03:51] [TRAIN] Prompt 22/48: rewards=[1.0, 0.825, 1.0, 0.875]
[2026-06-02 23:04:08] [TRAIN] Prompt 23/48: rewards=[0.0, 0.887, 0.863, 0.0]
[2026-06-02 23:04:25] [TRAIN] Prompt 24/48: rewards=[0.0, 0.0, 0.0, 0.0]
[2026-06-02 23:04:42] [TRAIN] Prompt 25/48: rewards=[0.0, 0.975, 0.0, 0.0]
[2026-06-02 23:04:56] [TRAIN] Prompt 26/48: rewards=[0.7, 0.412, 0.863, 0.0]
[2026-06-02 23:05:13] [TRAIN] Prompt 27/48: rewards=[0.912, 0.0, 0.0, 0.0]
[2026-06-02 23:05:30] [TRAIN] Prompt 28/48: rewards=[0.0, 0.0, 0.0, 0.675]
[2026-06-02 23:05:46] [TRAIN] Prompt 29/48: rewards=[0.7, 0.6, 0.325, 0.0]
[2026-06-02 23:06:03] [TRAIN] Prompt 30/48: rewards=[0.0, 0.0, 0.325, 0.0]
[2026-06-02 23:06:18] [TRAIN] Prompt 31/48: rewards=[0.988, 0.0, 0.0, 0.825]
[2026-06-02 23:06:33] [TRAIN] Prompt 32/48: rewards=[1.0, 1.0, 0.087, 0.787]
[2026-06-02 23:06:48] [TRAIN] Prompt 33/48: rewards=[0.463, 0.0, 0.912, 0.0]
[2026-06-02 23:07:04] [TRAIN] Prompt 34/48: rewards=[0.0, 0.35, 0.8, 1.0]
[2026-06-02 23:07:19] [TRAIN] Prompt 35/48: rewards=[0.287, 0.3, 0.938, 0.637]
[2026-06-02 23:07:37] [TRAIN] Prompt 36/48: rewards=[0.0, 0.275, 1.0, 0.838]
[2026-06-02 23:07:53] [TRAIN] Prompt 37/48: rewards=[0.0, 0.0, 0.0, 0.588]
[2026-06-02 23:08:10] [TRAIN] Prompt 38/48: rewards=[0.887, 0.0, 0.787, 0.0]
[2026-06-02 23:08:26] [TRAIN] Prompt 39/48: rewards=[0.0, 0.662, 0.0, 0.0]
[2026-06-02 23:08:43] [TRAIN] Prompt 40/48: rewards=[0.0, 0.0, 0.812, 0.938]
[2026-06-02 23:09:00] [TRAIN] Prompt 41/48: rewards=[0.0, 0.0, 0.0, 0.0]
[2026-06-02 23:09:13] [TRAIN] Prompt 42/48: rewards=[0.738, 1.0, 0.662, 0.463]
[2026-06-02 23:09:30] [TRAIN] Prompt 43/48: rewards=[0.525, 0.0, 0.0, 0.775]
[2026-06-02 23:09:47] [TRAIN] Prompt 44/48: rewards=[0.0, 0.0, 0.0, 0.487]
[2026-06-02 23:10:04] [TRAIN] Prompt 45/48: rewards=[0.0, 0.0, 0.0, 0.775]
[2026-06-02 23:10:20] [TRAIN] Prompt 46/48: rewards=[0.362, 0.0, 0.0, 0.0]
[2026-06-02 23:10:38] [TRAIN] Prompt 47/48: rewards=[0.0, 0.0, 0.0, 0.0]
[2026-06-02 23:10:55] [TRAIN] Prompt 48/48: rewards=[0.975, 0.938, 0.0, 1.0]
[2026-06-02 23:10:55] [TRAIN] Rewards: mean=0.297, 59/192 >0.5 (mode=rubric)
[2026-06-02 23:10:55] [TRAIN] Sleeping replicas via CheckpointEngineManager...
[2026-06-02 23:10:55] [TRAIN] Replicas asleep
[2026-06-02 23:10:55] [TRAIN] Training batch built: {'prompts': torch.Size([192, 322]), 'input_ids': torch.Size([192, 834]), 'attention_mask': torch.Size([192, 834]), 'position_ids': torch.Size([192, 834]), 'responses': torch.Size([192, 512])}
[2026-06-02 23:10:55] [TRAIN] rm_scores computed (last-token placement)
[2026-06-02 23:10:55] [TRAIN] response_mask computed
[2026-06-02 23:11:33] [TRAIN] old_log_probs computed
[2026-06-02 23:11:33] [TRAIN] GRPO advantages computed
[2026-06-02 23:13:59] [TRAIN] Actor update completed — loss=0.0018
[2026-06-02 23:14:02] [TRAIN] Weight sync done in 2.3s (wake handled internally)
[2026-06-02 23:14:02] [TRAIN] train_step completed in 1063.1s — reward=0.297 (59/192), loss=0.0018, grad_norm=0.116 | score=0.297, rewards=0.297, adv=-0.002 | rlen=509, plen=38, abort=0.000 | tps=98.9 tok/s/gpu, gen=1.02ms/tok, actor=1.39ms/tok
[2026-06-02 23:14:02] [TRAIN] train_step start: 48 prompts x 4 = 192 total
[2026-06-02 23:14:02] [TRAIN] Generating 192 responses (48 prompts x 4) with 16 concurrent workers
[2026-06-02 23:14:10] [TRAIN] Gen 1/192: prompt=64 resp=1540
[2026-06-02 23:14:10] [TRAIN] Gen 3/192: prompt=64 resp=1551
[2026-06-02 23:14:10] [TRAIN] Gen 2/192: prompt=64 resp=1749
[2026-06-02 23:14:10] [TRAIN] Gen 6/192: prompt=30 resp=2077
[2026-06-02 23:14:10] [TRAIN] Gen 16/192: prompt=26 resp=2526
[2026-06-02 23:14:10] [TRAIN] Gen 8/192: prompt=30 resp=1702
[2026-06-02 23:14:10] [TRAIN] Gen 5/192: prompt=30 resp=1711
[2026-06-02 23:14:10] [TRAIN] Gen 14/192: prompt=26 resp=2395
[2026-06-02 23:14:10] [TRAIN] Gen 11/192: prompt=43 resp=2660
[2026-06-02 23:14:10] [TRAIN] Gen 15/192: prompt=26 resp=2400
[2026-06-02 23:14:10] [TRAIN] Gen 12/192: prompt=43 resp=2772
[2026-06-02 23:14:10] [TRAIN] Gen 7/192: prompt=30 resp=2131
[2026-06-02 23:14:10] [TRAIN] Gen 13/192: prompt=26 resp=2563
[2026-06-02 23:14:10] [TRAIN] Gen 4/192: prompt=64 resp=1649
[2026-06-02 23:14:10] [TRAIN] Gen 10/192: prompt=43 resp=2604
[2026-06-02 23:14:10] [TRAIN] Gen 9/192: prompt=43 resp=2628
[2026-06-02 23:14:18] [TRAIN] Gen 17/192: prompt=20 resp=2086
[2026-06-02 23:14:18] [TRAIN] Gen 18/192: prompt=20 resp=2257
[2026-06-02 23:14:18] [TRAIN] Gen 20/192: prompt=20 resp=2379
[2026-06-02 23:14:18] [TRAIN] Gen 19/192: prompt=20 resp=2241
[2026-06-02 23:14:18] [TRAIN] Gen 30/192: prompt=18 resp=2696
[2026-06-02 23:14:18] [TRAIN] Gen 24/192: prompt=11 resp=2427
[2026-06-02 23:14:18] [TRAIN] Gen 22/192: prompt=11 resp=2347
[2026-06-02 23:14:18] [TRAIN] Gen 27/192: prompt=82 resp=2956
[2026-06-02 23:14:18] [TRAIN] Gen 26/192: prompt=82 resp=2741
[2026-06-02 23:14:18] [TRAIN] Gen 28/192: prompt=82 resp=2687
[2026-06-02 23:14:18] [TRAIN] Gen 21/192: prompt=11 resp=2397
[2026-06-02 23:14:18] [TRAIN] Gen 23/192: prompt=11 resp=2291
[2026-06-02 23:14:18] [TRAIN] Gen 25/192: prompt=82 resp=2751
[2026-06-02 23:14:18] [TRAIN] Gen 29/192: prompt=18 resp=2746
[2026-06-02 23:14:18] [TRAIN] Gen 32/192: prompt=18 resp=2623
[2026-06-02 23:14:18] [TRAIN] Gen 31/192: prompt=18 resp=2663
[2026-06-02 23:14:22] [TRAIN] Gen 37/192: prompt=60 resp=994
[2026-06-02 23:14:23] [TRAIN] Gen 40/192: prompt=60 resp=1100
[2026-06-02 23:14:23] [TRAIN] Gen 39/192: prompt=60 resp=1252
[2026-06-02 23:14:25] [TRAIN] Gen 38/192: prompt=60 resp=1701
[2026-06-02 23:14:26] [TRAIN] Gen 33/192: prompt=8 resp=2418
[2026-06-02 23:14:26] [TRAIN] Gen 34/192: prompt=8 resp=2415
[2026-06-02 23:14:26] [TRAIN] Gen 35/192: prompt=8 resp=2378
[2026-06-02 23:14:26] [TRAIN] Gen 43/192: prompt=14 resp=2513
[2026-06-02 23:14:26] [TRAIN] Gen 42/192: prompt=14 resp=2467
[2026-06-02 23:14:26] [TRAIN] Gen 36/192: prompt=8 resp=2403
[2026-06-02 23:14:26] [TRAIN] Gen 41/192: prompt=14 resp=2509
[2026-06-02 23:14:26] [TRAIN] Gen 46/192: prompt=21 resp=2536
[2026-06-02 23:14:26] [TRAIN] Gen 45/192: prompt=21 resp=2307
[2026-06-02 23:14:26] [TRAIN] Gen 44/192: prompt=14 resp=2520
[2026-06-02 23:14:26] [TRAIN] Gen 47/192: prompt=21 resp=2378
[2026-06-02 23:14:26] [TRAIN] Gen 48/192: prompt=21 resp=2399
[2026-06-02 23:14:30] [TRAIN] Gen 49/192: prompt=59 resp=1959
[2026-06-02 23:14:31] [TRAIN] Gen 50/192: prompt=59 resp=1963
[2026-06-02 23:14:31] [TRAIN] Gen 51/192: prompt=59 resp=2047
[2026-06-02 23:14:33] [TRAIN] Gen 52/192: prompt=59 resp=2020
[2026-06-02 23:14:34] [TRAIN] Gen 53/192: prompt=21 resp=1995
[2026-06-02 23:14:34] [TRAIN] Gen 54/192: prompt=21 resp=2110
[2026-06-02 23:14:34] [TRAIN] Gen 58/192: prompt=13 resp=2393
[2026-06-02 23:14:34] [TRAIN] Gen 59/192: prompt=13 resp=2329
[2026-06-02 23:14:34] [TRAIN] Gen 56/192: prompt=21 resp=1999
[2026-06-02 23:14:34] [TRAIN] Gen 55/192: prompt=21 resp=2313
[2026-06-02 23:14:34] [TRAIN] Gen 57/192: prompt=13 resp=2435
[2026-06-02 23:14:34] [TRAIN] Gen 63/192: prompt=68 resp=2245
[2026-06-02 23:14:34] [TRAIN] Gen 61/192: prompt=68 resp=2205
[2026-06-02 23:14:34] [TRAIN] Gen 64/192: prompt=68 resp=2137
[2026-06-02 23:14:34] [TRAIN] Gen 62/192: prompt=68 resp=2185
[2026-06-02 23:14:34] [TRAIN] Gen 60/192: prompt=13 resp=2463
[2026-06-02 23:14:38] [TRAIN] Gen 72/192: prompt=36 resp=1169
[2026-06-02 23:14:38] [TRAIN] Gen 65/192: prompt=12 resp=2728
[2026-06-02 23:14:39] [TRAIN] Gen 66/192: prompt=12 resp=2651
[2026-06-02 23:14:39] [TRAIN] Gen 67/192: prompt=12 resp=2756
[2026-06-02 23:14:39] [TRAIN] Gen 71/192: prompt=36 resp=1667
[2026-06-02 23:14:40] [TRAIN] Gen 69/192: prompt=36 resp=1772
[2026-06-02 23:14:40] [TRAIN] Gen 70/192: prompt=36 resp=1938
[2026-06-02 23:14:41] [TRAIN] Gen 68/192: prompt=12 resp=2662
[2026-06-02 23:14:42] [TRAIN] Gen 74/192: prompt=17 resp=2099
[2026-06-02 23:14:42] [TRAIN] Gen 73/192: prompt=17 resp=2187
[2026-06-02 23:14:42] [TRAIN] Gen 78/192: prompt=28 resp=2025
[2026-06-02 23:14:42] [TRAIN] Gen 76/192: prompt=17 resp=2059
[2026-06-02 23:14:42] [TRAIN] Gen 77/192: prompt=28 resp=2172
[2026-06-02 23:14:42] [TRAIN] Gen 80/192: prompt=28 resp=1981
[2026-06-02 23:14:42] [TRAIN] Gen 75/192: prompt=17 resp=2087
[2026-06-02 23:14:42] [TRAIN] Gen 79/192: prompt=28 resp=2113
[2026-06-02 23:14:46] [TRAIN] Gen 81/192: prompt=34 resp=2556
[2026-06-02 23:14:46] [TRAIN] Gen 82/192: prompt=34 resp=2501
[2026-06-02 23:14:47] [TRAIN] Gen 83/192: prompt=34 resp=2390
[2026-06-02 23:14:47] [TRAIN] Gen 84/192: prompt=34 resp=2579
[2026-06-02 23:14:48] [TRAIN] Gen 85/192: prompt=8 resp=2556
[2026-06-02 23:14:48] [TRAIN] Gen 86/192: prompt=8 resp=2534
[2026-06-02 23:14:49] [TRAIN] Gen 87/192: prompt=8 resp=2547
[2026-06-02 23:14:49] [TRAIN] Gen 88/192: prompt=8 resp=2556
[2026-06-02 23:14:51] [TRAIN] Gen 90/192: prompt=14 resp=2527
[2026-06-02 23:14:51] [TRAIN] Gen 89/192: prompt=14 resp=2517
[2026-06-02 23:14:51] [TRAIN] Gen 95/192: prompt=317 resp=2514
[2026-06-02 23:14:51] [TRAIN] Gen 94/192: prompt=317 resp=2640
[2026-06-02 23:14:51] [TRAIN] Gen 92/192: prompt=14 resp=2474
[2026-06-02 23:14:51] [TRAIN] Gen 91/192: prompt=14 resp=2346
[2026-06-02 23:14:51] [TRAIN] Gen 96/192: prompt=317 resp=2552
[2026-06-02 23:14:51] [TRAIN] Gen 93/192: prompt=317 resp=2520
[2026-06-02 23:14:54] [TRAIN] Gen 97/192: prompt=21 resp=2643
[2026-06-02 23:14:55] [TRAIN] Gen 98/192: prompt=21 resp=2519
[2026-06-02 23:14:55] [TRAIN] Gen 99/192: prompt=21 resp=2464
[2026-06-02 23:14:56] [TRAIN] Gen 100/192: prompt=21 resp=2562
[2026-06-02 23:14:56] [TRAIN] Gen 101/192: prompt=70 resp=2737
[2026-06-02 23:14:56] [TRAIN] Gen 102/192: prompt=70 resp=2817
[2026-06-02 23:14:57] [TRAIN] Gen 103/192: prompt=70 resp=2719
[2026-06-02 23:14:57] [TRAIN] Gen 104/192: prompt=70 resp=2910
[2026-06-02 23:14:59] [TRAIN] Gen 105/192: prompt=11 resp=2609
[2026-06-02 23:14:59] [TRAIN] Gen 106/192: prompt=11 resp=2640
[2026-06-02 23:14:59] [TRAIN] Gen 110/192: prompt=6 resp=2828
[2026-06-02 23:14:59] [TRAIN] Gen 107/192: prompt=11 resp=2611
[2026-06-02 23:14:59] [TRAIN] Gen 111/192: prompt=6 resp=2715
[2026-06-02 23:14:59] [TRAIN] Gen 108/192: prompt=11 resp=2600
[2026-06-02 23:14:59] [TRAIN] Gen 112/192: prompt=6 resp=2889
[2026-06-02 23:14:59] [TRAIN] Gen 109/192: prompt=6 resp=3024
[2026-06-02 23:15:02] [TRAIN] Gen 113/192: prompt=19 resp=2214
[2026-06-02 23:15:03] [TRAIN] Gen 114/192: prompt=19 resp=2195
[2026-06-02 23:15:03] [TRAIN] Gen 115/192: prompt=19 resp=2174
[2026-06-02 23:15:04] [TRAIN] Gen 116/192: prompt=19 resp=2240
[2026-06-02 23:15:04] [TRAIN] Gen 117/192: prompt=13 resp=2694
[2026-06-02 23:15:04] [TRAIN] Gen 118/192: prompt=13 resp=2568
[2026-06-02 23:15:05] [TRAIN] Gen 119/192: prompt=13 resp=2626
[2026-06-02 23:15:06] [TRAIN] Gen 120/192: prompt=13 resp=2475
[2026-06-02 23:15:07] [TRAIN] Gen 122/192: prompt=5 resp=2562
[2026-06-02 23:15:07] [TRAIN] Gen 121/192: prompt=5 resp=2557
[2026-06-02 23:15:07] [TRAIN] Gen 126/192: prompt=23 resp=2661
[2026-06-02 23:15:07] [TRAIN] Gen 127/192: prompt=23 resp=2774
[2026-06-02 23:15:07] [TRAIN] Gen 124/192: prompt=5 resp=2609
[2026-06-02 23:15:07] [TRAIN] Gen 123/192: prompt=5 resp=2621
[2026-06-02 23:15:07] [TRAIN] Gen 125/192: prompt=23 resp=2741
[2026-06-02 23:15:07] [TRAIN] Gen 128/192: prompt=23 resp=2643
[2026-06-02 23:15:10] [TRAIN] Gen 129/192: prompt=9 resp=2497
[2026-06-02 23:15:11] [TRAIN] Gen 130/192: prompt=9 resp=2694
[2026-06-02 23:15:11] [TRAIN] Gen 131/192: prompt=9 resp=2589
[2026-06-02 23:15:12] [TRAIN] Gen 132/192: prompt=9 resp=2567
[2026-06-02 23:15:12] [TRAIN] Gen 133/192: prompt=8 resp=2105
[2026-06-02 23:15:12] [TRAIN] Gen 134/192: prompt=8 resp=2175
[2026-06-02 23:15:13] [TRAIN] Gen 135/192: prompt=8 resp=1960
[2026-06-02 23:15:14] [TRAIN] Gen 136/192: prompt=8 resp=2247
[2026-06-02 23:15:15] [TRAIN] Gen 138/192: prompt=19 resp=2264
[2026-06-02 23:15:15] [TRAIN] Gen 137/192: prompt=19 resp=2164
[2026-06-02 23:15:15] [TRAIN] Gen 141/192: prompt=30 resp=2292
[2026-06-02 23:15:15] [TRAIN] Gen 143/192: prompt=30 resp=2062
[2026-06-02 23:15:15] [TRAIN] Gen 142/192: prompt=30 resp=2270
[2026-06-02 23:15:15] [TRAIN] Gen 139/192: prompt=19 resp=2182
[2026-06-02 23:15:15] [TRAIN] Gen 140/192: prompt=19 resp=2187
[2026-06-02 23:15:15] [TRAIN] Gen 144/192: prompt=30 resp=2166
[2026-06-02 23:15:18] [TRAIN] Gen 151/192: prompt=13 resp=1380
[2026-06-02 23:15:18] [TRAIN] Gen 149/192: prompt=13 resp=1828
[2026-06-02 23:15:19] [TRAIN] Gen 145/192: prompt=3 resp=2768
[2026-06-02 23:15:19] [TRAIN] Gen 146/192: prompt=3 resp=2744
[2026-06-02 23:15:19] [TRAIN] Gen 147/192: prompt=3 resp=2717
[2026-06-02 23:15:20] [TRAIN] Gen 148/192: prompt=3 resp=2746
[2026-06-02 23:15:21] [TRAIN] Gen 150/192: prompt=13 resp=2402
[2026-06-02 23:15:22] [TRAIN] Gen 152/192: prompt=13 resp=2514
[2026-06-02 23:15:23] [TRAIN] Gen 153/192: prompt=42 resp=2532
[2026-06-02 23:15:23] [TRAIN] Gen 154/192: prompt=42 resp=2365
[2026-06-02 23:15:23] [TRAIN] Gen 160/192: prompt=15 resp=2530
[2026-06-02 23:15:23] [TRAIN] Gen 159/192: prompt=15 resp=2439
[2026-06-02 23:15:23] [TRAIN] Gen 156/192: prompt=42 resp=2606
[2026-06-02 23:15:23] [TRAIN] Gen 157/192: prompt=15 resp=2382
[2026-06-02 23:15:23] [TRAIN] Gen 155/192: prompt=42 resp=2533
[2026-06-02 23:15:23] [TRAIN] Gen 158/192: prompt=15 resp=2497
[2026-06-02 23:15:26] [TRAIN] Gen 161/192: prompt=9 resp=2071
[2026-06-02 23:15:26] [TRAIN] Gen 162/192: prompt=9 resp=2206
[2026-06-02 23:15:27] [TRAIN] Gen 163/192: prompt=9 resp=2274
[2026-06-02 23:15:27] [TRAIN] Gen 164/192: prompt=9 resp=2360
[2026-06-02 23:15:28] [TRAIN] Gen 165/192: prompt=46 resp=2295
[2026-06-02 23:15:28] [TRAIN] Gen 166/192: prompt=46 resp=2337
[2026-06-02 23:15:29] [TRAIN] Gen 167/192: prompt=46 resp=2362
[2026-06-02 23:15:30] [TRAIN] Gen 168/192: prompt=46 resp=2353
[2026-06-02 23:15:32] [TRAIN] Gen 169/192: prompt=37 resp=2033
[2026-06-02 23:15:32] [TRAIN] Gen 170/192: prompt=37 resp=2151
[2026-06-02 23:15:32] [TRAIN] Gen 176/192: prompt=69 resp=2276
[2026-06-02 23:15:32] [TRAIN] Gen 173/192: prompt=69 resp=2297
[2026-06-02 23:15:32] [TRAIN] Gen 171/192: prompt=37 resp=2245
[2026-06-02 23:15:32] [TRAIN] Gen 174/192: prompt=69 resp=2342
[2026-06-02 23:15:32] [TRAIN] Gen 172/192: prompt=37 resp=2118
[2026-06-02 23:15:32] [TRAIN] Gen 175/192: prompt=69 resp=2298
[2026-06-02 23:15:35] [TRAIN] Gen 177/192: prompt=69 resp=2352
[2026-06-02 23:15:35] [TRAIN] Gen 178/192: prompt=69 resp=2221
[2026-06-02 23:15:36] [TRAIN] Gen 179/192: prompt=69 resp=2254
[2026-06-02 23:15:36] [TRAIN] Gen 180/192: prompt=69 resp=2125
[2026-06-02 23:15:36] [TRAIN] Gen 181/192: prompt=5 resp=2452
[2026-06-02 23:15:37] [TRAIN] Gen 182/192: prompt=5 resp=2433
[2026-06-02 23:15:38] [TRAIN] Gen 183/192: prompt=5 resp=2551
[2026-06-02 23:15:39] [TRAIN] Gen 184/192: prompt=5 resp=2542
[2026-06-02 23:15:40] [TRAIN] Gen 185/192: prompt=9 resp=2061
[2026-06-02 23:15:40] [TRAIN] Gen 186/192: prompt=9 resp=2128
[2026-06-02 23:15:40] [TRAIN] Gen 191/192: prompt=10 resp=2240
[2026-06-02 23:15:40] [TRAIN] Gen 192/192: prompt=10 resp=2271
[2026-06-02 23:15:40] [TRAIN] Gen 188/192: prompt=9 resp=2112
[2026-06-02 23:15:40] [TRAIN] Gen 189/192: prompt=10 resp=2272
[2026-06-02 23:15:40] [TRAIN] Gen 190/192: prompt=10 resp=2214
[2026-06-02 23:15:40] [TRAIN] Gen 187/192: prompt=9 resp=2185
[2026-06-02 23:15:40] [TRAIN] Generation done in 98.5s
[2026-06-02 23:15:56] [TRAIN] Prompt 1/48: rewards=[0.0, 0.0, 0.5, 0.425]
[2026-06-02 23:16:13] [TRAIN] Prompt 2/48: rewards=[0.0, 0.0, 0.0, 0.0]
[2026-06-02 23:16:27] [TRAIN] Prompt 3/48: rewards=[0.812, 0.7, 0.188, 0.0]
[2026-06-02 23:16:44] [TRAIN] Prompt 4/48: rewards=[1.0, 0.863, 0.812, 0.0]
[2026-06-02 23:16:59] [TRAIN] Prompt 5/48: rewards=[0.0, 0.775, 0.775, 0.512]
[2026-06-02 23:17:16] [TRAIN] Prompt 6/48: rewards=[0.0, 0.85, 0.0, 0.7]
[2026-06-02 23:17:31] [TRAIN] Prompt 7/48: rewards=[0.0, 0.0, 0.062, 0.45]
[2026-06-02 23:17:45] [TRAIN] Prompt 8/48: rewards=[0.463, 0.0, 1.0, 0.863]
[2026-06-02 23:18:01] [TRAIN] Prompt 9/48: rewards=[0.0, 0.662, 0.0, 0.85]
[2026-06-02 23:18:15] [TRAIN] Prompt 10/48: rewards=[0.975, 1.0, 1.0, 1.0]
[2026-06-02 23:18:31] [TRAIN] Prompt 11/48: rewards=[0.0, 0.0, 0.275, 0.8]
[2026-06-02 23:18:47] [TRAIN] Prompt 12/48: rewards=[0.8, 0.0, 0.0, 0.0]
[2026-06-02 23:19:03] [TRAIN] Prompt 13/48: rewards=[0.0, 0.0, 0.0, 0.65]
[2026-06-02 23:19:20] [TRAIN] Prompt 14/48: rewards=[0.0, 0.325, 0.938, 0.0]
[2026-06-02 23:19:33] [TRAIN] Prompt 15/48: rewards=[0.287, 0.762, 0.725, 0.4]
[2026-06-02 23:19:50] [TRAIN] Prompt 16/48: rewards=[0.0, 0.163, 0.6, 0.988]
[2026-06-02 23:20:05] [TRAIN] Prompt 17/48: rewards=[0.375, 0.4, 0.0, 0.0]
[2026-06-02 23:20:22] [TRAIN] Prompt 18/48: rewards=[0.0, 1.0, 1.0, 1.0]
[2026-06-02 23:20:37] [TRAIN] Prompt 19/48: rewards=[0.838, 0.275, 0.812, 0.0]
[2026-06-02 23:20:53] [TRAIN] Prompt 20/48: rewards=[0.0, 0.7, 0.0, 0.738]
[2026-06-02 23:21:11] [TRAIN] Prompt 21/48: rewards=[0.0, 0.388, 0.85, 0.362]
[2026-06-02 23:21:26] [TRAIN] Prompt 22/48: rewards=[0.0, 0.0, 0.0, 0.938]
[2026-06-02 23:21:43] [TRAIN] Prompt 23/48: rewards=[0.0, 0.0, 0.0, 0.8]
[2026-06-02 23:21:57] [TRAIN] Prompt 24/48: rewards=[0.0, 0.55, 0.0, 0.0]
[2026-06-02 23:22:10] [TRAIN] Prompt 25/48: rewards=[0.0, 0.0, 0.0, 0.0]
[2026-06-02 23:22:27] [TRAIN] Prompt 26/48: rewards=[0.787, 0.0, 0.0, 0.7]
[2026-06-02 23:22:42] [TRAIN] Prompt 27/48: rewards=[0.0, 0.0, 0.0, 0.0]
[2026-06-02 23:22:57] [TRAIN] Prompt 28/48: rewards=[0.637, 0.45, 0.362, 0.0]
[2026-06-02 23:23:14] [TRAIN] Prompt 29/48: rewards=[0.0, 0.0, 0.0, 0.0]
[2026-06-02 23:23:30] [TRAIN] Prompt 30/48: rewards=[0.4, 0.0, 0.812, 0.0]
[2026-06-02 23:23:44] [TRAIN] Prompt 31/48: rewards=[0.525, 0.0, 0.775, 0.35]
[2026-06-02 23:24:01] [TRAIN] Prompt 32/48: rewards=[0.887, 0.938, 0.0, 0.25]
[2026-06-02 23:24:17] [TRAIN] Prompt 33/48: rewards=[0.0, 0.725, 0.0, 0.475]
[2026-06-02 23:24:34] [TRAIN] Prompt 34/48: rewards=[0.0, 0.0, 0.0, 0.0]
[2026-06-02 23:24:49] [TRAIN] Prompt 35/48: rewards=[0.6, 0.0, 0.0, 0.0]
[2026-06-02 23:25:05] [TRAIN] Prompt 36/48: rewards=[0.0, 0.9, 0.0, 0.0]
[2026-06-02 23:25:21] [TRAIN] Prompt 37/48: rewards=[0.0, 0.0, 0.0, 0.0]
[2026-06-02 23:25:36] [TRAIN] Prompt 38/48: rewards=[1.0, 1.0, 1.0, 0.0]
[2026-06-02 23:25:52] [TRAIN] Prompt 39/48: rewards=[0.575, 0.0, 0.0, 0.0]
[2026-06-02 23:26:06] [TRAIN] Prompt 40/48: rewards=[0.113, 0.438, 0.0, 0.0]
[2026-06-02 23:26:21] [TRAIN] Prompt 41/48: rewards=[0.0, 0.0, 0.0, 0.725]
[2026-06-02 23:26:37] [TRAIN] Prompt 42/48: rewards=[0.0, 0.0, 0.0, 0.0]
[2026-06-02 23:26:53] [TRAIN] Prompt 43/48: rewards=[0.0, 0.0, 0.0, 0.475]
[2026-06-02 23:27:09] [TRAIN] Prompt 44/48: rewards=[0.613, 0.0, 0.0, 0.0]
[2026-06-02 23:27:24] [TRAIN] Prompt 45/48: rewards=[0.487, 0.0, 0.0, 0.0]
[2026-06-02 23:27:35] [TRAIN] Prompt 46/48: rewards=[0.0, 0.412, 0.637, 0.0]
[2026-06-02 23:27:51] [TRAIN] Prompt 47/48: rewards=[0.625, 0.0, 0.0, 0.0]
[2026-06-02 23:28:05] [TRAIN] Prompt 48/48: rewards=[0.0, 0.4, 0.0, 0.0]
[2026-06-02 23:28:05] [TRAIN] Rewards: mean=0.287, 56/192 >0.5 (mode=rubric)
[2026-06-02 23:28:05] [TRAIN] Sleeping replicas via CheckpointEngineManager...
[2026-06-02 23:28:05] [TRAIN] Replicas asleep
[2026-06-02 23:28:05] [TRAIN] Training batch built: {'prompts': torch.Size([192, 317]), 'input_ids': torch.Size([192, 830]), 'attention_mask': torch.Size([192, 830]), 'position_ids': torch.Size([192, 830]), 'responses': torch.Size([192, 513])}
[2026-06-02 23:28:05] [TRAIN] rm_scores computed (last-token placement)
[2026-06-02 23:28:05] [TRAIN] response_mask computed
[2026-06-02 23:28:42] [TRAIN] old_log_probs computed
[2026-06-02 23:28:42] [TRAIN] GRPO advantages computed
[2026-06-02 23:31:07] [TRAIN] Actor update completed — loss=0.0012
[2026-06-02 23:31:08] [TRAIN] Weight sync done in 1.3s (wake handled internally)
[2026-06-02 23:31:08] [TRAIN] train_step completed in 1026.6s — reward=0.287 (56/192), loss=0.0012, grad_norm=0.116 | score=0.287, rewards=0.287, adv=-0.001 | rlen=502, plen=33, abort=0.000 | tps=100.1 tok/s/gpu, gen=1.02ms/tok, actor=1.42ms/tok
[2026-06-02 23:31:08] [TRAIN] train_step start: 48 prompts x 4 = 192 total
[2026-06-02 23:31:08] [TRAIN] Generating 192 responses (48 prompts x 4) with 16 concurrent workers
[2026-06-02 23:31:13] [TRAIN] Gen 6/192: prompt=82 resp=1085
[2026-06-02 23:31:14] [TRAIN] Gen 5/192: prompt=82 resp=1175
[2026-06-02 23:31:14] [TRAIN] Gen 8/192: prompt=82 resp=1287
[2026-06-02 23:31:14] [TRAIN] Gen 7/192: prompt=82 resp=1420
[2026-06-02 23:31:17] [TRAIN] Gen 1/192: prompt=327 resp=2341
[2026-06-02 23:31:17] [TRAIN] Gen 9/192: prompt=217 resp=2239
[2026-06-02 23:31:17] [TRAIN] Gen 10/192: prompt=217 resp=2475
[2026-06-02 23:31:17] [TRAIN] Gen 12/192: prompt=217 resp=2336
[2026-06-02 23:31:17] [TRAIN] Gen 2/192: prompt=327 resp=2317
[2026-06-02 23:31:17] [TRAIN] Gen 4/192: prompt=327 resp=2367
[2026-06-02 23:31:17] [TRAIN] Gen 16/192: prompt=24 resp=2463
[2026-06-02 23:31:17] [TRAIN] Gen 15/192: prompt=24 resp=2453
[2026-06-02 23:31:17] [TRAIN] Gen 11/192: prompt=217 resp=2249
[2026-06-02 23:31:17] [TRAIN] Gen 3/192: prompt=327 resp=2285
[2026-06-02 23:31:17] [TRAIN] Gen 14/192: prompt=24 resp=2369
[2026-06-02 23:31:17] [TRAIN] Gen 13/192: prompt=24 resp=2389
[2026-06-02 23:31:21] [TRAIN] Gen 17/192: prompt=369 resp=2440
[2026-06-02 23:31:22] [TRAIN] Gen 18/192: prompt=369 resp=2225
[2026-06-02 23:31:22] [TRAIN] Gen 19/192: prompt=369 resp=2278
[2026-06-02 23:31:22] [TRAIN] Gen 26/192: prompt=7 resp=1639
[2026-06-02 23:31:22] [TRAIN] Gen 20/192: prompt=369 resp=2372
[2026-06-02 23:31:23] [TRAIN] Gen 28/192: prompt=7 resp=1917
[2026-06-02 23:31:25] [TRAIN] Gen 21/192: prompt=41 resp=2243
[2026-06-02 23:31:25] [TRAIN] Gen 31/192: prompt=219 resp=2399
[2026-06-02 23:31:25] [TRAIN] Gen 27/192: prompt=7 resp=2353
[2026-06-02 23:31:25] [TRAIN] Gen 24/192: prompt=41 resp=2268
[2026-06-02 23:31:25] [TRAIN] Gen 30/192: prompt=219 resp=2354
[2026-06-02 23:31:25] [TRAIN] Gen 22/192: prompt=41 resp=2332
[2026-06-02 23:31:25] [TRAIN] Gen 23/192: prompt=41 resp=2401
[2026-06-02 23:31:25] [TRAIN] Gen 32/192: prompt=219 resp=2348
[2026-06-02 23:31:25] [TRAIN] Gen 25/192: prompt=7 resp=2430
[2026-06-02 23:31:25] [TRAIN] Gen 29/192: prompt=219 resp=2311
[2026-06-02 23:31:29] [TRAIN] Gen 33/192: prompt=15 resp=2215
[2026-06-02 23:31:30] [TRAIN] Gen 34/192: prompt=15 resp=2137
[2026-06-02 23:31:30] [TRAIN] Gen 35/192: prompt=15 resp=2187
[2026-06-02 23:31:30] [TRAIN] Gen 36/192: prompt=15 resp=2132
[2026-06-02 23:31:31] [TRAIN] Gen 37/192: prompt=8 resp=2386
[2026-06-02 23:31:31] [TRAIN] Gen 38/192: prompt=8 resp=2354
[2026-06-02 23:31:33] [TRAIN] Gen 39/192: prompt=8 resp=2356
[2026-06-02 23:31:33] [TRAIN] Gen 45/192: prompt=270 resp=2161
[2026-06-02 23:31:33] [TRAIN] Gen 43/192: prompt=31 resp=1750
[2026-06-02 23:31:33] [TRAIN] Gen 46/192: prompt=270 resp=2042
[2026-06-02 23:31:33] [TRAIN] Gen 48/192: prompt=270 resp=2051
[2026-06-02 23:31:33] [TRAIN] Gen 40/192: prompt=8 resp=2413
[2026-06-02 23:31:33] [TRAIN] Gen 41/192: prompt=31 resp=1784
[2026-06-02 23:31:33] [TRAIN] Gen 42/192: prompt=31 resp=1718
[2026-06-02 23:31:33] [TRAIN] Gen 44/192: prompt=31 resp=1888
[2026-06-02 23:31:33] [TRAIN] Gen 47/192: prompt=270 resp=2010
[2026-06-02 23:31:37] [TRAIN] Gen 49/192: prompt=15 resp=2098
[2026-06-02 23:31:38] [TRAIN] Gen 50/192: prompt=15 resp=2298
[2026-06-02 23:31:38] [TRAIN] Gen 51/192: prompt=15 resp=2156
[2026-06-02 23:31:38] [TRAIN] Gen 52/192: prompt=15 resp=2274
[2026-06-02 23:31:39] [TRAIN] Gen 53/192: prompt=16 resp=1998
[2026-06-02 23:31:40] [TRAIN] Gen 54/192: prompt=16 resp=1926
[2026-06-02 23:31:41] [TRAIN] Gen 55/192: prompt=16 resp=2228
[2026-06-02 23:31:41] [TRAIN] Gen 64/192: prompt=24 resp=2571
[2026-06-02 23:31:41] [TRAIN] Gen 61/192: prompt=24 resp=2524
[2026-06-02 23:31:41] [TRAIN] Gen 63/192: prompt=24 resp=2532
[2026-06-02 23:31:41] [TRAIN] Gen 57/192: prompt=10 resp=2379
[2026-06-02 23:31:41] [TRAIN] Gen 62/192: prompt=24 resp=2555
[2026-06-02 23:31:41] [TRAIN] Gen 60/192: prompt=10 resp=2349
[2026-06-02 23:31:41] [TRAIN] Gen 56/192: prompt=16 resp=2028
[2026-06-02 23:31:41] [TRAIN] Gen 59/192: prompt=10 resp=2349
[2026-06-02 23:31:41] [TRAIN] Gen 58/192: prompt=10 resp=2361
[2026-06-02 23:31:41] [TRAIN] Gen 65/192: prompt=135 resp=850
[2026-06-02 23:31:41] [TRAIN] Gen 68/192: prompt=135 resp=712
[2026-06-02 23:31:42] [TRAIN] Gen 66/192: prompt=135 resp=871
[2026-06-02 23:31:42] [TRAIN] Gen 67/192: prompt=135 resp=880
[2026-06-02 23:31:47] [TRAIN] Gen 69/192: prompt=7 resp=2418
[2026-06-02 23:31:48] [TRAIN] Gen 70/192: prompt=7 resp=2476
[2026-06-02 23:31:49] [TRAIN] Gen 71/192: prompt=7 resp=2512
[2026-06-02 23:31:49] [TRAIN] Gen 78/192: prompt=61 resp=2194
[2026-06-02 23:31:49] [TRAIN] Gen 77/192: prompt=61 resp=2118
[2026-06-02 23:31:49] [TRAIN] Gen 75/192: prompt=30 resp=2073
[2026-06-02 23:31:49] [TRAIN] Gen 79/192: prompt=61 resp=2115
[2026-06-02 23:31:49] [TRAIN] Gen 76/192: prompt=30 resp=2163
[2026-06-02 23:31:49] [TRAIN] Gen 74/192: prompt=30 resp=2077
[2026-06-02 23:31:49] [TRAIN] Gen 72/192: prompt=7 resp=2366
[2026-06-02 23:31:49] [TRAIN] Gen 80/192: prompt=61 resp=2057
[2026-06-02 23:31:49] [TRAIN] Gen 73/192: prompt=30 resp=2148
[2026-06-02 23:31:49] [TRAIN] Gen 81/192: prompt=10 resp=2219
[2026-06-02 23:31:50] [TRAIN] Gen 82/192: prompt=10 resp=2216
[2026-06-02 23:31:50] [TRAIN] Gen 83/192: prompt=10 resp=2167
[2026-06-02 23:31:51] [TRAIN] Gen 84/192: prompt=10 resp=2105
[2026-06-02 23:31:55] [TRAIN] Gen 85/192: prompt=15 resp=2333
[2026-06-02 23:31:56] [TRAIN] Gen 86/192: prompt=15 resp=2304
[2026-06-02 23:31:57] [TRAIN] Gen 87/192: prompt=15 resp=2340
[2026-06-02 23:31:57] [TRAIN] Gen 97/192: prompt=33 resp=2068
[2026-06-02 23:31:57] [TRAIN] Gen 96/192: prompt=66 resp=2141
[2026-06-02 23:31:57] [TRAIN] Gen 93/192: prompt=66 resp=2197
[2026-06-02 23:31:57] [TRAIN] Gen 95/192: prompt=66 resp=2118
[2026-06-02 23:31:57] [TRAIN] Gen 89/192: prompt=21 resp=2285
[2026-06-02 23:31:57] [TRAIN] Gen 90/192: prompt=21 resp=2158
[2026-06-02 23:31:57] [TRAIN] Gen 92/192: prompt=21 resp=2112
[2026-06-02 23:31:57] [TRAIN] Gen 88/192: prompt=15 resp=2183
[2026-06-02 23:31:57] [TRAIN] Gen 91/192: prompt=21 resp=2101
[2026-06-02 23:31:57] [TRAIN] Gen 94/192: prompt=66 resp=2259
[2026-06-02 23:31:58] [TRAIN] Gen 98/192: prompt=33 resp=1981
[2026-06-02 23:31:59] [TRAIN] Gen 99/192: prompt=33 resp=2074
[2026-06-02 23:31:59] [TRAIN] Gen 100/192: prompt=33 resp=2033
[2026-06-02 23:32:03] [TRAIN] Gen 101/192: prompt=20 resp=2366
[2026-06-02 23:32:04] [TRAIN] Gen 102/192: prompt=20 resp=2325
[2026-06-02 23:32:05] [TRAIN] Gen 103/192: prompt=20 resp=2355
[2026-06-02 23:32:06] [TRAIN] Gen 108/192: prompt=62 resp=2403
[2026-06-02 23:32:06] [TRAIN] Gen 106/192: prompt=62 resp=2436
[2026-06-02 23:32:06] [TRAIN] Gen 112/192: prompt=15 resp=2244
[2026-06-02 23:32:06] [TRAIN] Gen 105/192: prompt=62 resp=2463
[2026-06-02 23:32:06] [TRAIN] Gen 111/192: prompt=15 resp=2251
[2026-06-02 23:32:06] [TRAIN] Gen 113/192: prompt=188 resp=1991
[2026-06-02 23:32:06] [TRAIN] Gen 109/192: prompt=15 resp=2223
[2026-06-02 23:32:06] [TRAIN] Gen 104/192: prompt=20 resp=2379
[2026-06-02 23:32:06] [TRAIN] Gen 110/192: prompt=15 resp=2192
[2026-06-02 23:32:06] [TRAIN] Gen 107/192: prompt=62 resp=2421
[2026-06-02 23:32:06] [TRAIN] Gen 114/192: prompt=188 resp=2025
[2026-06-02 23:32:07] [TRAIN] Gen 115/192: prompt=188 resp=1712
[2026-06-02 23:32:07] [TRAIN] Gen 116/192: prompt=188 resp=1854
[2026-06-02 23:32:11] [TRAIN] Gen 117/192: prompt=12 resp=2370
[2026-06-02 23:32:12] [TRAIN] Gen 118/192: prompt=12 resp=2382
[2026-06-02 23:32:14] [TRAIN] Gen 119/192: prompt=12 resp=2399
[2026-06-02 23:32:14] [TRAIN] Gen 126/192: prompt=19 resp=2114
[2026-06-02 23:32:14] [TRAIN] Gen 123/192: prompt=30 resp=2100
[2026-06-02 23:32:14] [TRAIN] Gen 121/192: prompt=30 resp=2260
[2026-06-02 23:32:14] [TRAIN] Gen 129/192: prompt=7 resp=2408
[2026-06-02 23:32:14] [TRAIN] Gen 127/192: prompt=19 resp=2220
[2026-06-02 23:32:14] [TRAIN] Gen 128/192: prompt=19 resp=2128
[2026-06-02 23:32:14] [TRAIN] Gen 124/192: prompt=30 resp=2222
[2026-06-02 23:32:14] [TRAIN] Gen 122/192: prompt=30 resp=2283
[2026-06-02 23:32:14] [TRAIN] Gen 125/192: prompt=19 resp=2127
[2026-06-02 23:32:14] [TRAIN] Gen 120/192: prompt=12 resp=2306
[2026-06-02 23:32:14] [TRAIN] Gen 130/192: prompt=7 resp=2383
[2026-06-02 23:32:15] [TRAIN] Gen 131/192: prompt=7 resp=2393
[2026-06-02 23:32:15] [TRAIN] Gen 132/192: prompt=7 resp=2368
[2026-06-02 23:32:18] [TRAIN] Gen 138/192: prompt=17 resp=1507
[2026-06-02 23:32:19] [TRAIN] Gen 133/192: prompt=19 resp=2276
[2026-06-02 23:32:20] [TRAIN] Gen 134/192: prompt=19 resp=2193
[2026-06-02 23:32:21] [TRAIN] Gen 145/192: prompt=221 resp=1548
[2026-06-02 23:32:21] [TRAIN] Gen 147/192: prompt=221 resp=1299
[2026-06-02 23:32:21] [TRAIN] Gen 148/192: prompt=221 resp=1347
[2026-06-02 23:32:22] [TRAIN] Gen 135/192: prompt=19 resp=2263
[2026-06-02 23:32:22] [TRAIN] Gen 143/192: prompt=29 resp=2455
[2026-06-02 23:32:22] [TRAIN] Gen 144/192: prompt=29 resp=2276
[2026-06-02 23:32:22] [TRAIN] Gen 141/192: prompt=29 resp=2424
[2026-06-02 23:32:22] [TRAIN] Gen 137/192: prompt=17 resp=2492
[2026-06-02 23:32:22] [TRAIN] Gen 140/192: prompt=17 resp=2673
[2026-06-02 23:32:22] [TRAIN] Gen 136/192: prompt=19 resp=2268
[2026-06-02 23:32:22] [TRAIN] Gen 139/192: prompt=17 resp=2722
[2026-06-02 23:32:22] [TRAIN] Gen 142/192: prompt=29 resp=2348
[2026-06-02 23:32:22] [TRAIN] Gen 146/192: prompt=221 resp=1805
[2026-06-02 23:32:26] [TRAIN] Gen 149/192: prompt=35 resp=1977
[2026-06-02 23:32:28] [TRAIN] Gen 150/192: prompt=35 resp=1912
[2026-06-02 23:32:29] [TRAIN] Gen 151/192: prompt=35 resp=2104
[2026-06-02 23:32:29] [TRAIN] Gen 152/192: prompt=35 resp=1954
[2026-06-02 23:32:29] [TRAIN] Gen 153/192: prompt=63 resp=2457
[2026-06-02 23:32:29] [TRAIN] Gen 154/192: prompt=63 resp=2452
[2026-06-02 23:32:30] [TRAIN] Gen 155/192: prompt=63 resp=2365
[2026-06-02 23:32:30] [TRAIN] Gen 158/192: prompt=16 resp=2338
[2026-06-02 23:32:30] [TRAIN] Gen 162/192: prompt=11 resp=2319
[2026-06-02 23:32:30] [TRAIN] Gen 160/192: prompt=16 resp=2084
[2026-06-02 23:32:30] [TRAIN] Gen 161/192: prompt=11 resp=2279
[2026-06-02 23:32:30] [TRAIN] Gen 157/192: prompt=16 resp=2300
[2026-06-02 23:32:30] [TRAIN] Gen 159/192: prompt=16 resp=2090
[2026-06-02 23:32:30] [TRAIN] Gen 156/192: prompt=63 resp=2448
[2026-06-02 23:32:30] [TRAIN] Gen 163/192: prompt=11 resp=2286
[2026-06-02 23:32:31] [TRAIN] Gen 164/192: prompt=11 resp=2387
[2026-06-02 23:32:35] [TRAIN] Gen 165/192: prompt=165 resp=1606
[2026-06-02 23:32:36] [TRAIN] Gen 166/192: prompt=165 resp=1950
[2026-06-02 23:32:37] [TRAIN] Gen 167/192: prompt=165 resp=2098
[2026-06-02 23:32:37] [TRAIN] Gen 168/192: prompt=165 resp=1901
[2026-06-02 23:32:37] [TRAIN] Gen 169/192: prompt=32 resp=2332
[2026-06-02 23:32:38] [TRAIN] Gen 170/192: prompt=32 resp=2329
[2026-06-02 23:32:38] [TRAIN] Gen 171/192: prompt=32 resp=2383
[2026-06-02 23:32:38] [TRAIN] Gen 175/192: prompt=34 resp=2401
[2026-06-02 23:32:38] [TRAIN] Gen 172/192: prompt=32 resp=2297
[2026-06-02 23:32:38] [TRAIN] Gen 177/192: prompt=6 resp=2353
[2026-06-02 23:32:38] [TRAIN] Gen 176/192: prompt=34 resp=2345
[2026-06-02 23:32:38] [TRAIN] Gen 174/192: prompt=34 resp=2458
[2026-06-02 23:32:38] [TRAIN] Gen 173/192: prompt=34 resp=2364
[2026-06-02 23:32:38] [TRAIN] Gen 178/192: prompt=6 resp=2326
[2026-06-02 23:32:38] [TRAIN] Gen 179/192: prompt=6 resp=2355
[2026-06-02 23:32:39] [TRAIN] Gen 180/192: prompt=6 resp=2450
[2026-06-02 23:32:43] [TRAIN] Gen 181/192: prompt=25 resp=2282
[2026-06-02 23:32:44] [TRAIN] Gen 182/192: prompt=25 resp=2214
[2026-06-02 23:32:45] [TRAIN] Gen 183/192: prompt=25 resp=2425
[2026-06-02 23:32:45] [TRAIN] Gen 184/192: prompt=25 resp=2312
[2026-06-02 23:32:45] [TRAIN] Gen 185/192: prompt=18 resp=2394
[2026-06-02 23:32:46] [TRAIN] Gen 186/192: prompt=18 resp=2342
[2026-06-02 23:32:46] [TRAIN] Gen 187/192: prompt=18 resp=2430
[2026-06-02 23:32:47] [TRAIN] Gen 191/192: prompt=13 resp=2349
[2026-06-02 23:32:47] [TRAIN] Gen 190/192: prompt=13 resp=2393
[2026-06-02 23:32:47] [TRAIN] Gen 189/192: prompt=13 resp=2317
[2026-06-02 23:32:47] [TRAIN] Gen 192/192: prompt=13 resp=2408
[2026-06-02 23:32:47] [TRAIN] Gen 188/192: prompt=18 resp=2434
[2026-06-02 23:32:47] [TRAIN] Generation done in 98.1s
[2026-06-02 23:33:03] [TRAIN] Prompt 1/48: rewards=[0.35, 0.0, 0.113, 0.0]
[2026-06-02 23:33:16] [TRAIN] Prompt 2/48: rewards=[0.988, 0.988, 1.0, 1.0]
[2026-06-02 23:33:30] [TRAIN] Prompt 3/48: rewards=[0.0, 0.0, 0.338, 0.338]
[2026-06-02 23:33:46] [TRAIN] Prompt 4/48: rewards=[0.0, 0.45, 0.0, 0.0]
[2026-06-02 23:34:02] [TRAIN] Prompt 5/48: rewards=[0.0, 0.0, 0.0, 0.0]
[2026-06-02 23:34:18] [TRAIN] Prompt 6/48: rewards=[0.362, 0.0, 0.375, 0.35]
[2026-06-02 23:34:35] [TRAIN] Prompt 7/48: rewards=[0.75, 1.0, 0.0, 0.0]
[2026-06-02 23:34:50] [TRAIN] Prompt 8/48: rewards=[0.312, 0.0, 0.4, 0.25]
[2026-06-02 23:35:04] [TRAIN] Prompt 9/48: rewards=[0.0, 0.0, 0.425, 0.662]
[2026-06-02 23:35:21] [TRAIN] Prompt 10/48: rewards=[0.55, 0.762, 0.0, 0.212]
[2026-06-02 23:35:35] [TRAIN] Prompt 11/48: rewards=[0.938, 0.0, 0.725, 0.613]
[2026-06-02 23:35:50] [TRAIN] Prompt 12/48: rewards=[0.0, 0.0, 0.0, 0.875]
[2026-06-02 23:36:06] [TRAIN] Prompt 13/48: rewards=[0.463, 0.0, 0.0, 0.0]
[2026-06-02 23:36:24] [TRAIN] Prompt 14/48: rewards=[0.0, 0.0, 0.0, 0.0]
[2026-06-02 23:36:38] [TRAIN] Prompt 15/48: rewards=[0.0, 0.0, 0.0, 0.0]
[2026-06-02 23:36:54] [TRAIN] Prompt 16/48: rewards=[0.0, 0.0, 0.825, 0.0]
[2026-06-02 23:37:04] [TRAIN] Prompt 17/48: rewards=[1.0, 1.0, 1.0, 0.988]
[2026-06-02 23:37:21] [TRAIN] Prompt 18/48: rewards=[0.0, 0.438, 0.0, 0.0]
[2026-06-02 23:37:37] [TRAIN] Prompt 19/48: rewards=[0.0, 0.0, 0.0, 0.35]
[2026-06-02 23:37:54] [TRAIN] Prompt 20/48: rewards=[0.0, 0.0, 0.0, 0.0]
[2026-06-02 23:38:09] [TRAIN] Prompt 21/48: rewards=[0.338, 0.0, 0.512, 0.0]
[2026-06-02 23:38:25] [TRAIN] Prompt 22/48: rewards=[0.4, 0.0, 0.0, 0.438]
[2026-06-02 23:38:40] [TRAIN] Prompt 23/48: rewards=[0.0, 0.0, 0.0, 0.0]
[2026-06-02 23:38:56] [TRAIN] Prompt 24/48: rewards=[0.0, 0.0, 0.0, 0.3]
[2026-06-02 23:39:12] [TRAIN] Prompt 25/48: rewards=[0.562, 0.0, 0.6, 0.0]
[2026-06-02 23:39:28] [TRAIN] Prompt 26/48: rewards=[0.188, 0.0, 0.0, 0.0]
[2026-06-02 23:39:44] [TRAIN] Prompt 27/48: rewards=[0.0, 0.512, 0.0, 0.0]
[2026-06-02 23:40:01] [TRAIN] Prompt 28/48: rewards=[0.0, 0.237, 0.0, 0.0]
[2026-06-02 23:40:18] [TRAIN] Prompt 29/48: rewards=[0.0, 0.975, 0.0, 0.0]
[2026-06-02 23:40:34] [TRAIN] Prompt 30/48: rewards=[0.0, 0.0, 0.463, 0.0]
[2026-06-02 23:40:50] [TRAIN] Prompt 31/48: rewards=[0.0, 0.0, 0.575, 0.0]
[2026-06-02 23:41:08] [TRAIN] Prompt 32/48: rewards=[0.0, 0.0, 0.0, 0.0]
[2026-06-02 23:41:25] [TRAIN] Prompt 33/48: rewards=[0.0, 0.0, 0.0, 0.825]
[2026-06-02 23:41:42] [TRAIN] Prompt 34/48: rewards=[0.163, 0.312, 0.0, 0.0]
[2026-06-02 23:41:59] [TRAIN] Prompt 35/48: rewards=[0.0, 1.0, 0.0, 0.0]
[2026-06-02 23:42:15] [TRAIN] Prompt 36/48: rewards=[0.0, 0.0, 0.412, 0.45]
[2026-06-02 23:42:30] [TRAIN] Prompt 37/48: rewards=[0.0, 0.75, 0.975, 0.988]
[2026-06-02 23:42:47] [TRAIN] Prompt 38/48: rewards=[0.0, 0.0, 0.0, 0.0]
[2026-06-02 23:43:03] [TRAIN] Prompt 39/48: rewards=[0.0, 0.0, 0.0, 0.0]
[2026-06-02 23:43:18] [TRAIN] Prompt 40/48: rewards=[0.287, 0.0, 0.0, 0.438]
[2026-06-02 23:43:36] [TRAIN] Prompt 41/48: rewards=[0.0, 0.0, 0.0, 0.0]
[2026-06-02 23:43:51] [TRAIN] Prompt 42/48: rewards=[0.0, 0.725, 0.0, 0.525]
[2026-06-02 23:44:08] [TRAIN] Prompt 43/48: rewards=[0.0, 0.0, 0.0, 0.0]
[2026-06-02 23:44:24] [TRAIN] Prompt 44/48: rewards=[0.0, 0.087, 0.0, 0.0]
[2026-06-02 23:44:39] [TRAIN] Prompt 45/48: rewards=[0.25, 0.475, 0.0, 0.0]
[2026-06-02 23:44:56] [TRAIN] Prompt 46/48: rewards=[0.0, 0.0, 0.0, 0.0]
[2026-06-02 23:45:10] [TRAIN] Prompt 47/48: rewards=[0.0, 0.0, 0.0, 0.4]
[2026-06-02 23:45:28] [TRAIN] Prompt 48/48: rewards=[0.0, 0.362, 0.0, 0.0]
[2026-06-02 23:45:28] [TRAIN] Rewards: mean=0.191, 31/192 >0.5 (mode=rubric)
[2026-06-02 23:45:28] [TRAIN] Sleeping replicas via CheckpointEngineManager...
[2026-06-02 23:45:28] [TRAIN] Replicas asleep
[2026-06-02 23:45:28] [TRAIN] Training batch built: {'prompts': torch.Size([192, 369]), 'input_ids': torch.Size([192, 882]), 'attention_mask': torch.Size([192, 882]), 'position_ids': torch.Size([192, 882]), 'responses': torch.Size([192, 513])}
[2026-06-02 23:45:28] [TRAIN] rm_scores computed (last-token placement)
[2026-06-02 23:45:28] [TRAIN] response_mask computed
[2026-06-02 23:46:08] [TRAIN] old_log_probs computed
[2026-06-02 23:46:08] [TRAIN] GRPO advantages computed
[2026-06-02 23:48:58] [TRAIN] Actor update completed — loss=0.0038
[2026-06-02 23:49:00] [TRAIN] Weight sync done in 1.8s (wake handled internally)
[2026-06-02 23:49:00] [TRAIN] train_step completed in 1071.2s — reward=0.191 (31/192), loss=0.0038, grad_norm=0.110 | score=0.191, rewards=0.191, adv=-0.004 | rlen=498, plen=65, abort=0.000 | tps=100.9 tok/s/gpu, gen=1.03ms/tok, actor=1.57ms/tok
[2026-06-02 23:49:00] [TRAIN] train_step start: 48 prompts x 4 = 192 total
[2026-06-02 23:49:00] [TRAIN] Generating 192 responses (48 prompts x 4) with 16 concurrent workers
[2026-06-02 23:49:05] [TRAIN] Gen 16/192: prompt=8 resp=1295
[2026-06-02 23:49:05] [TRAIN] Gen 14/192: prompt=8 resp=1270
[2026-06-02 23:49:05] [TRAIN] Gen 15/192: prompt=8 resp=1430
[2026-06-02 23:49:06] [TRAIN] Gen 13/192: prompt=8 resp=1535
[2026-06-02 23:49:09] [TRAIN] Gen 1/192: prompt=9 resp=2106
[2026-06-02 23:49:09] [TRAIN] Gen 2/192: prompt=9 resp=2045
[2026-06-02 23:49:09] [TRAIN] Gen 7/192: prompt=77 resp=2104
[2026-06-02 23:49:09] [TRAIN] Gen 9/192: prompt=84 resp=2428
[2026-06-02 23:49:09] [TRAIN] Gen 12/192: prompt=84 resp=2347
[2026-06-02 23:49:09] [TRAIN] Gen 8/192: prompt=77 resp=2262
[2026-06-02 23:49:09] [TRAIN] Gen 11/192: prompt=84 resp=2344
[2026-06-02 23:49:09] [TRAIN] Gen 4/192: prompt=9 resp=2127
[2026-06-02 23:49:09] [TRAIN] Gen 6/192: prompt=77 resp=2257
[2026-06-02 23:49:09] [TRAIN] Gen 10/192: prompt=84 resp=2336
[2026-06-02 23:49:09] [TRAIN] Gen 3/192: prompt=9 resp=2141
[2026-06-02 23:49:09] [TRAIN] Gen 5/192: prompt=77 resp=2229
[2026-06-02 23:49:14] [TRAIN] Gen 17/192: prompt=9 resp=2135
[2026-06-02 23:49:14] [TRAIN] Gen 18/192: prompt=9 resp=2210
[2026-06-02 23:49:14] [TRAIN] Gen 19/192: prompt=9 resp=2175
[2026-06-02 23:49:15] [TRAIN] Gen 20/192: prompt=9 resp=2201
[2026-06-02 23:49:18] [TRAIN] Gen 21/192: prompt=33 resp=2113
[2026-06-02 23:49:18] [TRAIN] Gen 27/192: prompt=13 resp=2294
[2026-06-02 23:49:18] [TRAIN] Gen 28/192: prompt=13 resp=2389
[2026-06-02 23:49:18] [TRAIN] Gen 22/192: prompt=33 resp=2180
[2026-06-02 23:49:18] [TRAIN] Gen 30/192: prompt=15 resp=2053
[2026-06-02 23:49:18] [TRAIN] Gen 31/192: prompt=15 resp=2072
[2026-06-02 23:49:18] [TRAIN] Gen 29/192: prompt=15 resp=1992
[2026-06-02 23:49:18] [TRAIN] Gen 25/192: prompt=13 resp=2376
[2026-06-02 23:49:18] [TRAIN] Gen 24/192: prompt=33 resp=2187
[2026-06-02 23:49:18] [TRAIN] Gen 26/192: prompt=13 resp=2296
[2026-06-02 23:49:18] [TRAIN] Gen 23/192: prompt=33 resp=2144
[2026-06-02 23:49:18] [TRAIN] Gen 32/192: prompt=15 resp=2057
[2026-06-02 23:49:23] [TRAIN] Gen 33/192: prompt=12 resp=2145
[2026-06-02 23:49:23] [TRAIN] Gen 34/192: prompt=12 resp=2028
[2026-06-02 23:49:23] [TRAIN] Gen 35/192: prompt=12 resp=2095
[2026-06-02 23:49:24] [TRAIN] Gen 36/192: prompt=12 resp=2121
[2026-06-02 23:49:27] [TRAIN] Gen 37/192: prompt=12 resp=2248
[2026-06-02 23:49:27] [TRAIN] Gen 41/192: prompt=10 resp=2558
[2026-06-02 23:49:27] [TRAIN] Gen 40/192: prompt=12 resp=2289
[2026-06-02 23:49:27] [TRAIN] Gen 38/192: prompt=12 resp=2168
[2026-06-02 23:49:27] [TRAIN] Gen 39/192: prompt=12 resp=2318
[2026-06-02 23:49:27] [TRAIN] Gen 42/192: prompt=10 resp=2369
[2026-06-02 23:49:27] [TRAIN] Gen 43/192: prompt=10 resp=2529
[2026-06-02 23:49:27] [TRAIN] Gen 48/192: prompt=17 resp=2391
[2026-06-02 23:49:27] [TRAIN] Gen 44/192: prompt=10 resp=2447
[2026-06-02 23:49:27] [TRAIN] Gen 47/192: prompt=17 resp=2541
[2026-06-02 23:49:27] [TRAIN] Gen 46/192: prompt=17 resp=2011
[2026-06-02 23:49:27] [TRAIN] Gen 45/192: prompt=17 resp=2427
[2026-06-02 23:49:32] [TRAIN] Gen 49/192: prompt=19 resp=2487
[2026-06-02 23:49:32] [TRAIN] Gen 50/192: prompt=19 resp=2367
[2026-06-02 23:49:32] [TRAIN] Gen 51/192: prompt=19 resp=2336
[2026-06-02 23:49:33] [TRAIN] Gen 52/192: prompt=19 resp=2346
[2026-06-02 23:49:36] [TRAIN] Gen 53/192: prompt=194 resp=2268
[2026-06-02 23:49:36] [TRAIN] Gen 54/192: prompt=194 resp=2262
[2026-06-02 23:49:36] [TRAIN] Gen 55/192: prompt=194 resp=2197
[2026-06-02 23:49:36] [TRAIN] Gen 56/192: prompt=194 resp=2298
[2026-06-02 23:49:36] [TRAIN] Gen 57/192: prompt=5 resp=2112
[2026-06-02 23:49:36] [TRAIN] Gen 62/192: prompt=6 resp=2254
[2026-06-02 23:49:36] [TRAIN] Gen 60/192: prompt=5 resp=1996
[2026-06-02 23:49:36] [TRAIN] Gen 61/192: prompt=6 resp=2380
[2026-06-02 23:49:36] [TRAIN] Gen 59/192: prompt=5 resp=2052
[2026-06-02 23:49:36] [TRAIN] Gen 64/192: prompt=6 resp=2298
[2026-06-02 23:49:36] [TRAIN] Gen 58/192: prompt=5 resp=2114
[2026-06-02 23:49:36] [TRAIN] Gen 63/192: prompt=6 resp=2343
[2026-06-02 23:49:41] [TRAIN] Gen 65/192: prompt=99 resp=2048
[2026-06-02 23:49:41] [TRAIN] Gen 66/192: prompt=99 resp=2098
[2026-06-02 23:49:42] [TRAIN] Gen 67/192: prompt=99 resp=2210
[2026-06-02 23:49:42] [TRAIN] Gen 68/192: prompt=99 resp=2159
[2026-06-02 23:49:46] [TRAIN] Gen 69/192: prompt=663 resp=1989
[2026-06-02 23:49:46] [TRAIN] Gen 73/192: prompt=9 resp=2423
[2026-06-02 23:49:46] [TRAIN] Gen 72/192: prompt=663 resp=2056
[2026-06-02 23:49:46] [TRAIN] Gen 70/192: prompt=663 resp=2049
[2026-06-02 23:49:46] [TRAIN] Gen 71/192: prompt=663 resp=2077
[2026-06-02 23:49:46] [TRAIN] Gen 80/192: prompt=10 resp=2389
[2026-06-02 23:49:46] [TRAIN] Gen 79/192: prompt=10 resp=2346
[2026-06-02 23:49:46] [TRAIN] Gen 77/192: prompt=10 resp=2414
[2026-06-02 23:49:46] [TRAIN] Gen 74/192: prompt=9 resp=2457
[2026-06-02 23:49:46] [TRAIN] Gen 76/192: prompt=9 resp=2437
[2026-06-02 23:49:46] [TRAIN] Gen 75/192: prompt=9 resp=2554
[2026-06-02 23:49:46] [TRAIN] Gen 78/192: prompt=10 resp=2316
[2026-06-02 23:49:48] [TRAIN] Gen 84/192: prompt=6 resp=1218
[2026-06-02 23:49:49] [TRAIN] Gen 83/192: prompt=6 resp=1602
[2026-06-02 23:49:51] [TRAIN] Gen 81/192: prompt=6 resp=2313
[2026-06-02 23:49:51] [TRAIN] Gen 82/192: prompt=6 resp=2095
[2026-06-02 23:49:55] [TRAIN] Gen 85/192: prompt=34 resp=2402
[2026-06-02 23:49:55] [TRAIN] Gen 89/192: prompt=185 resp=2615
[2026-06-02 23:49:55] [TRAIN] Gen 87/192: prompt=34 resp=2466
[2026-06-02 23:49:55] [TRAIN] Gen 86/192: prompt=34 resp=2386
[2026-06-02 23:49:55] [TRAIN] Gen 88/192: prompt=34 resp=2446
[2026-06-02 23:49:55] [TRAIN] Gen 92/192: prompt=185 resp=2643
[2026-06-02 23:49:55] [TRAIN] Gen 94/192: prompt=15 resp=2358
[2026-06-02 23:49:55] [TRAIN] Gen 95/192: prompt=15 resp=2475
[2026-06-02 23:49:55] [TRAIN] Gen 96/192: prompt=15 resp=2445
[2026-06-02 23:49:55] [TRAIN] Gen 91/192: prompt=185 resp=2617
[2026-06-02 23:49:55] [TRAIN] Gen 90/192: prompt=185 resp=2546
[2026-06-02 23:49:55] [TRAIN] Gen 93/192: prompt=15 resp=2358
[2026-06-02 23:49:57] [TRAIN] Gen 97/192: prompt=338 resp=2112
[2026-06-02 23:49:58] [TRAIN] Gen 98/192: prompt=338 resp=2207
[2026-06-02 23:50:01] [TRAIN] Gen 99/192: prompt=338 resp=2263
[2026-06-02 23:50:01] [TRAIN] Gen 100/192: prompt=338 resp=2166
[2026-06-02 23:50:05] [TRAIN] Gen 101/192: prompt=8 resp=2302
[2026-06-02 23:50:05] [TRAIN] Gen 104/192: prompt=8 resp=2354
[2026-06-02 23:50:05] [TRAIN] Gen 103/192: prompt=8 resp=2213
[2026-06-02 23:50:05] [TRAIN] Gen 105/192: prompt=106 resp=2254
[2026-06-02 23:50:05] [TRAIN] Gen 102/192: prompt=8 resp=2318
[2026-06-02 23:50:05] [TRAIN] Gen 111/192: prompt=16 resp=2181
[2026-06-02 23:50:05] [TRAIN] Gen 112/192: prompt=16 resp=2013
[2026-06-02 23:50:05] [TRAIN] Gen 107/192: prompt=106 resp=2289
[2026-06-02 23:50:05] [TRAIN] Gen 110/192: prompt=16 resp=1998
[2026-06-02 23:50:05] [TRAIN] Gen 106/192: prompt=106 resp=2345
[2026-06-02 23:50:05] [TRAIN] Gen 108/192: prompt=106 resp=2315
[2026-06-02 23:50:05] [TRAIN] Gen 109/192: prompt=16 resp=2183
[2026-06-02 23:50:07] [TRAIN] Gen 113/192: prompt=232 resp=1902
[2026-06-02 23:50:08] [TRAIN] Gen 114/192: prompt=232 resp=2079
[2026-06-02 23:50:10] [TRAIN] Gen 115/192: prompt=232 resp=2149
[2026-06-02 23:50:10] [TRAIN] Gen 116/192: prompt=232 resp=2109
[2026-06-02 23:50:10] [TRAIN] Gen 118/192: prompt=13 resp=1637
[2026-06-02 23:50:14] [TRAIN] Gen 117/192: prompt=13 resp=2666
[2026-06-02 23:50:14] [TRAIN] Gen 120/192: prompt=13 resp=2632
[2026-06-02 23:50:14] [TRAIN] Gen 119/192: prompt=13 resp=2698
[2026-06-02 23:50:14] [TRAIN] Gen 121/192: prompt=41 resp=2491
[2026-06-02 23:50:14] [TRAIN] Gen 126/192: prompt=21 resp=2773
[2026-06-02 23:50:14] [TRAIN] Gen 128/192: prompt=21 resp=2752
[2026-06-02 23:50:14] [TRAIN] Gen 125/192: prompt=21 resp=2540
[2026-06-02 23:50:14] [TRAIN] Gen 127/192: prompt=21 resp=2746
[2026-06-02 23:50:14] [TRAIN] Gen 124/192: prompt=41 resp=2501
[2026-06-02 23:50:14] [TRAIN] Gen 122/192: prompt=41 resp=2514
[2026-06-02 23:50:14] [TRAIN] Gen 123/192: prompt=41 resp=2540
[2026-06-02 23:50:16] [TRAIN] Gen 129/192: prompt=344 resp=2635
[2026-06-02 23:50:17] [TRAIN] Gen 130/192: prompt=344 resp=2583
[2026-06-02 23:50:19] [TRAIN] Gen 131/192: prompt=344 resp=2564
[2026-06-02 23:50:19] [TRAIN] Gen 132/192: prompt=344 resp=2599
[2026-06-02 23:50:20] [TRAIN] Gen 133/192: prompt=182 resp=2074
[2026-06-02 23:50:23] [TRAIN] Gen 136/192: prompt=182 resp=2011
[2026-06-02 23:50:23] [TRAIN] Gen 134/192: prompt=182 resp=2150
[2026-06-02 23:50:23] [TRAIN] Gen 135/192: prompt=182 resp=2036
[2026-06-02 23:50:23] [TRAIN] Gen 137/192: prompt=9 resp=2148
[2026-06-02 23:50:23] [TRAIN] Gen 140/192: prompt=9 resp=1959
[2026-06-02 23:50:23] [TRAIN] Gen 144/192: prompt=8 resp=2436
[2026-06-02 23:50:23] [TRAIN] Gen 141/192: prompt=8 resp=2378
[2026-06-02 23:50:23] [TRAIN] Gen 143/192: prompt=8 resp=2352
[2026-06-02 23:50:23] [TRAIN] Gen 142/192: prompt=8 resp=2449
[2026-06-02 23:50:23] [TRAIN] Gen 138/192: prompt=9 resp=2199
[2026-06-02 23:50:23] [TRAIN] Gen 139/192: prompt=9 resp=2086
[2026-06-02 23:50:25] [TRAIN] Gen 145/192: prompt=312 resp=2422
[2026-06-02 23:50:26] [TRAIN] Gen 146/192: prompt=312 resp=2467
[2026-06-02 23:50:28] [TRAIN] Gen 147/192: prompt=312 resp=2434
[2026-06-02 23:50:28] [TRAIN] Gen 148/192: prompt=312 resp=2351
[2026-06-02 23:50:29] [TRAIN] Gen 149/192: prompt=56 resp=2479
[2026-06-02 23:50:30] [TRAIN] Gen 161/192: prompt=64 resp=1335
[2026-06-02 23:50:33] [TRAIN] Gen 150/192: prompt=56 resp=2395
[2026-06-02 23:50:33] [TRAIN] Gen 151/192: prompt=56 resp=2418
[2026-06-02 23:50:33] [TRAIN] Gen 152/192: prompt=56 resp=2337
[2026-06-02 23:50:33] [TRAIN] Gen 153/192: prompt=26 resp=2219
[2026-06-02 23:50:33] [TRAIN] Gen 159/192: prompt=16 resp=2612
[2026-06-02 23:50:33] [TRAIN] Gen 154/192: prompt=26 resp=2381
[2026-06-02 23:50:33] [TRAIN] Gen 160/192: prompt=16 resp=2660
[2026-06-02 23:50:33] [TRAIN] Gen 158/192: prompt=16 resp=2707
[2026-06-02 23:50:33] [TRAIN] Gen 155/192: prompt=26 resp=2330
[2026-06-02 23:50:33] [TRAIN] Gen 157/192: prompt=16 resp=2572
[2026-06-02 23:50:33] [TRAIN] Gen 156/192: prompt=26 resp=2426
[2026-06-02 23:50:33] [TRAIN] Gen 162/192: prompt=64 resp=1819
[2026-06-02 23:50:33] [TRAIN] Gen 164/192: prompt=64 resp=1247
[2026-06-02 23:50:34] [TRAIN] Gen 163/192: prompt=64 resp=1409
[2026-06-02 23:50:39] [TRAIN] Gen 165/192: prompt=27 resp=2641
[2026-06-02 23:50:40] [TRAIN] Gen 166/192: prompt=27 resp=2811
[2026-06-02 23:50:41] [TRAIN] Gen 176/192: prompt=22 resp=2210
[2026-06-02 23:50:42] [TRAIN] Gen 169/192: prompt=110 resp=2465
[2026-06-02 23:50:42] [TRAIN] Gen 173/192: prompt=22 resp=2473
[2026-06-02 23:50:42] [TRAIN] Gen 179/192: prompt=5 resp=2090
[2026-06-02 23:50:42] [TRAIN] Gen 178/192: prompt=5 resp=2163
[2026-06-02 23:50:42] [TRAIN] Gen 167/192: prompt=27 resp=2711
[2026-06-02 23:50:43] [TRAIN] Gen 168/192: prompt=27 resp=2679
[2026-06-02 23:50:43] [TRAIN] Gen 170/192: prompt=110 resp=2529
[2026-06-02 23:50:43] [TRAIN] Gen 177/192: prompt=5 resp=2342
[2026-06-02 23:50:43] [TRAIN] Gen 174/192: prompt=22 resp=2404
[2026-06-02 23:50:43] [TRAIN] Gen 175/192: prompt=22 resp=2565
[2026-06-02 23:50:43] [TRAIN] Gen 172/192: prompt=110 resp=2649
[2026-06-02 23:50:43] [TRAIN] Gen 171/192: prompt=110 resp=2668
[2026-06-02 23:50:44] [TRAIN] Gen 180/192: prompt=5 resp=2293
[2026-06-02 23:50:48] [TRAIN] Gen 181/192: prompt=15 resp=2470
[2026-06-02 23:50:50] [TRAIN] Gen 182/192: prompt=15 resp=2563
[2026-06-02 23:50:50] [TRAIN] Gen 190/192: prompt=12 resp=1991
[2026-06-02 23:50:50] [TRAIN] Gen 192/192: prompt=12 resp=2046
[2026-06-02 23:50:50] [TRAIN] Gen 183/192: prompt=15 resp=2513
[2026-06-02 23:50:52] [TRAIN] Gen 184/192: prompt=15 resp=2561
[2026-06-02 23:50:52] [TRAIN] Gen 185/192: prompt=98 resp=1988
[2026-06-02 23:50:52] [TRAIN] Gen 186/192: prompt=98 resp=2146
[2026-06-02 23:50:52] [TRAIN] Gen 187/192: prompt=98 resp=2056
[2026-06-02 23:50:52] [TRAIN] Gen 188/192: prompt=98 resp=2107
[2026-06-02 23:50:52] [TRAIN] Gen 189/192: prompt=12 resp=2539
[2026-06-02 23:50:52] [TRAIN] Gen 191/192: prompt=12 resp=2539
[2026-06-02 23:50:52] [TRAIN] Generation done in 112.5s
[2026-06-02 23:51:08] [TRAIN] Prompt 1/48: rewards=[0.75, 0.0, 0.0, 0.0]
[2026-06-02 23:51:22] [TRAIN] Prompt 2/48: rewards=[0.25, 0.0, 0.475, 0.45]
[2026-06-02 23:51:38] [TRAIN] Prompt 3/48: rewards=[0.425, 0.0, 0.0, 0.0]
[2026-06-02 23:51:55] [TRAIN] Prompt 4/48: rewards=[0.875, 1.0, 1.0, 0.0]
[2026-06-02 23:52:10] [TRAIN] Prompt 5/48: rewards=[0.375, 0.412, 0.0, 0.0]
[2026-06-02 23:52:24] [TRAIN] Prompt 6/48: rewards=[0.0, 0.6, 0.0, 0.338]
[2026-06-02 23:52:39] [TRAIN] Prompt 7/48: rewards=[0.0, 0.263, 0.0, 0.0]
[2026-06-02 23:52:54] [TRAIN] Prompt 8/48: rewards=[0.0, 0.438, 0.0, 0.0]
[2026-06-02 23:53:07] [TRAIN] Prompt 9/48: rewards=[0.0, 0.0, 0.0, 0.487]
[2026-06-02 23:53:23] [TRAIN] Prompt 10/48: rewards=[0.0, 0.0, 0.0, 0.0]
[2026-06-02 23:53:39] [TRAIN] Prompt 11/48: rewards=[0.0, 0.863, 0.0, 0.0]
[2026-06-02 23:53:54] [TRAIN] Prompt 12/48: rewards=[0.487, 0.0, 0.0, 0.0]
[2026-06-02 23:54:10] [TRAIN] Prompt 13/48: rewards=[0.338, 0.0, 0.0, 0.0]
[2026-06-02 23:54:25] [TRAIN] Prompt 14/48: rewards=[0.0, 0.0, 0.0, 0.0]
[2026-06-02 23:54:40] [TRAIN] Prompt 15/48: rewards=[0.0, 0.0, 0.0, 0.0]
[2026-06-02 23:54:55] [TRAIN] Prompt 16/48: rewards=[0.0, 0.613, 0.512, 0.0]
[2026-06-02 23:55:10] [TRAIN] Prompt 17/48: rewards=[0.0, 0.887, 0.0, 1.0]
[2026-06-02 23:55:24] [TRAIN] Prompt 18/48: rewards=[0.537, 0.625, 0.0, 0.0]
[2026-06-02 23:55:38] [TRAIN] Prompt 19/48: rewards=[0.0, 0.0, 0.0, 0.0]
[2026-06-02 23:55:53] [TRAIN] Prompt 20/48: rewards=[0.0, 0.0, 0.0, 0.0]
[2026-06-03 04:32:18] [TRAIN] train_step start: 48 prompts x 4 = 192 total
[2026-06-03 04:32:18] [TRAIN] Generating 192 responses (48 prompts x 4) with 16 concurrent workers
[2026-06-03 04:32:26] [TRAIN] Gen 2/192: prompt=5 resp=1905
[2026-06-03 04:32:29] [TRAIN] Gen 3/192: prompt=5 resp=2707
[2026-06-03 04:32:29] [TRAIN] Gen 11/192: prompt=19 resp=2671
[2026-06-03 04:32:29] [TRAIN] Gen 16/192: prompt=48 resp=2364
[2026-06-03 04:32:29] [TRAIN] Gen 8/192: prompt=26 resp=2123
[2026-06-03 04:32:29] [TRAIN] Gen 15/192: prompt=48 resp=2420
[2026-06-03 04:32:29] [TRAIN] Gen 7/192: prompt=26 resp=2238
[2026-06-03 04:32:29] [TRAIN] Gen 6/192: prompt=26 resp=2080
[2026-06-03 04:32:29] [TRAIN] Gen 5/192: prompt=26 resp=2096
[2026-06-03 04:32:29] [TRAIN] Gen 10/192: prompt=19 resp=2685
[2026-06-03 04:32:29] [TRAIN] Gen 13/192: prompt=48 resp=2466
[2026-06-03 04:32:29] [TRAIN] Gen 14/192: prompt=48 resp=2384
[2026-06-03 04:32:29] [TRAIN] Gen 4/192: prompt=5 resp=2789
[2026-06-03 04:32:29] [TRAIN] Gen 12/192: prompt=19 resp=2695
[2026-06-03 04:32:29] [TRAIN] Gen 9/192: prompt=19 resp=2596
[2026-06-03 04:32:29] [TRAIN] Gen 1/192: prompt=5 resp=2836
[2026-06-03 04:32:35] [TRAIN] Gen 17/192: prompt=22 resp=2254
[2026-06-03 04:32:36] [TRAIN] Gen 25/192: prompt=22 resp=2227
[2026-06-03 04:32:37] [TRAIN] Gen 24/192: prompt=14 resp=2114
[2026-06-03 04:32:37] [TRAIN] Gen 22/192: prompt=14 resp=2266
[2026-06-03 04:32:38] [TRAIN] Gen 18/192: prompt=22 resp=2546
[2026-06-03 04:32:38] [TRAIN] Gen 19/192: prompt=22 resp=2317
[2026-06-03 04:32:38] [TRAIN] Gen 23/192: prompt=14 resp=2741
[2026-06-03 04:32:38] [TRAIN] Gen 27/192: prompt=22 resp=2640
[2026-06-03 04:32:38] [TRAIN] Gen 31/192: prompt=12 resp=1883
[2026-06-03 04:32:38] [TRAIN] Gen 21/192: prompt=14 resp=2686
[2026-06-03 04:32:38] [TRAIN] Gen 32/192: prompt=12 resp=2053
[2026-06-03 04:32:38] [TRAIN] Gen 29/192: prompt=12 resp=1944
[2026-06-03 04:32:38] [TRAIN] Gen 28/192: prompt=22 resp=2785
[2026-06-03 04:32:38] [TRAIN] Gen 26/192: prompt=22 resp=2710
[2026-06-03 04:32:38] [TRAIN] Gen 20/192: prompt=22 resp=2337
[2026-06-03 04:32:38] [TRAIN] Gen 30/192: prompt=12 resp=2135
[2026-06-03 04:32:45] [TRAIN] Gen 33/192: prompt=80 resp=2527
[2026-06-03 04:32:46] [TRAIN] Gen 34/192: prompt=80 resp=2524
[2026-06-03 04:32:46] [TRAIN] Gen 35/192: prompt=80 resp=2533
[2026-06-03 04:32:47] [TRAIN] Gen 36/192: prompt=80 resp=2470
[2026-06-03 04:32:48] [TRAIN] Gen 37/192: prompt=15 resp=2122
[2026-06-03 04:32:48] [TRAIN] Gen 38/192: prompt=15 resp=2163
[2026-06-03 04:32:48] [TRAIN] Gen 39/192: prompt=15 resp=2265
[2026-06-03 04:32:48] [TRAIN] Gen 48/192: prompt=67 resp=2035
[2026-06-03 04:32:48] [TRAIN] Gen 42/192: prompt=137 resp=2526
[2026-06-03 04:32:48] [TRAIN] Gen 46/192: prompt=67 resp=1984
[2026-06-03 04:32:48] [TRAIN] Gen 41/192: prompt=137 resp=2304
[2026-06-03 04:32:48] [TRAIN] Gen 44/192: prompt=137 resp=2477
[2026-06-03 04:32:48] [TRAIN] Gen 47/192: prompt=67 resp=1972
[2026-06-03 04:32:48] [TRAIN] Gen 45/192: prompt=67 resp=2034
[2026-06-03 04:32:48] [TRAIN] Gen 40/192: prompt=15 resp=2114
[2026-06-03 04:32:48] [TRAIN] Gen 43/192: prompt=137 resp=2396
[2026-06-03 04:32:54] [TRAIN] Gen 49/192: prompt=13 resp=2666
[2026-06-03 04:32:56] [TRAIN] Gen 50/192: prompt=13 resp=2643
[2026-06-03 04:32:56] [TRAIN] Gen 51/192: prompt=13 resp=2626
[2026-06-03 04:32:56] [TRAIN] Gen 52/192: prompt=13 resp=2658
[2026-06-03 04:32:58] [TRAIN] Gen 53/192: prompt=106 resp=2672
[2026-06-03 04:32:58] [TRAIN] Gen 54/192: prompt=106 resp=2512
[2026-06-03 04:32:58] [TRAIN] Gen 55/192: prompt=106 resp=2480
[2026-06-03 04:32:58] [TRAIN] Gen 56/192: prompt=106 resp=2400
[2026-06-03 04:32:58] [TRAIN] Gen 61/192: prompt=34 resp=2091
[2026-06-03 04:32:58] [TRAIN] Gen 57/192: prompt=40 resp=2618
[2026-06-03 04:32:58] [TRAIN] Gen 59/192: prompt=40 resp=2524
[2026-06-03 04:32:58] [TRAIN] Gen 63/192: prompt=34 resp=2451
[2026-06-03 04:32:58] [TRAIN] Gen 58/192: prompt=40 resp=2462
[2026-06-03 04:32:58] [TRAIN] Gen 64/192: prompt=34 resp=2506
[2026-06-03 04:32:58] [TRAIN] Gen 60/192: prompt=40 resp=2557
[2026-06-03 04:32:58] [TRAIN] Gen 62/192: prompt=34 resp=2048
[2026-06-03 04:33:04] [TRAIN] Gen 65/192: prompt=12 resp=2138
[2026-06-03 04:33:06] [TRAIN] Gen 66/192: prompt=12 resp=2296
[2026-06-03 04:33:06] [TRAIN] Gen 67/192: prompt=12 resp=2270
[2026-06-03 04:33:06] [TRAIN] Gen 68/192: prompt=12 resp=2177
[2026-06-03 04:33:07] [TRAIN] Gen 69/192: prompt=48 resp=2186
[2026-06-03 04:33:08] [TRAIN] Gen 70/192: prompt=48 resp=2179
[2026-06-03 04:33:08] [TRAIN] Gen 78/192: prompt=28 resp=2493
[2026-06-03 04:33:08] [TRAIN] Gen 77/192: prompt=28 resp=2515
[2026-06-03 04:33:08] [TRAIN] Gen 75/192: prompt=263 resp=2135
[2026-06-03 04:33:08] [TRAIN] Gen 72/192: prompt=48 resp=2326
[2026-06-03 04:33:08] [TRAIN] Gen 80/192: prompt=28 resp=2411
[2026-06-03 04:33:08] [TRAIN] Gen 73/192: prompt=263 resp=1806
[2026-06-03 04:33:08] [TRAIN] Gen 79/192: prompt=28 resp=2470
[2026-06-03 04:33:08] [TRAIN] Gen 71/192: prompt=48 resp=2337
[2026-06-03 04:33:08] [TRAIN] Gen 76/192: prompt=263 resp=1830
[2026-06-03 04:33:08] [TRAIN] Gen 74/192: prompt=263 resp=2104
[2026-06-03 04:33:14] [TRAIN] Gen 81/192: prompt=16 resp=2447
[2026-06-03 04:33:15] [TRAIN] Gen 82/192: prompt=16 resp=2399
[2026-06-03 04:33:16] [TRAIN] Gen 85/192: prompt=9 resp=1413
[2026-06-03 04:33:16] [TRAIN] Gen 83/192: prompt=16 resp=2389
[2026-06-03 04:33:16] [TRAIN] Gen 84/192: prompt=16 resp=2440
[2026-06-03 04:33:17] [TRAIN] Gen 86/192: prompt=9 resp=1771
[2026-06-03 04:33:17] [TRAIN] Gen 91/192: prompt=7 resp=2537
[2026-06-03 04:33:17] [TRAIN] Gen 96/192: prompt=21 resp=2380
[2026-06-03 04:33:17] [TRAIN] Gen 88/192: prompt=9 resp=1727
[2026-06-03 04:33:17] [TRAIN] Gen 95/192: prompt=21 resp=2191
[2026-06-03 04:33:17] [TRAIN] Gen 92/192: prompt=7 resp=2608
[2026-06-03 04:33:17] [TRAIN] Gen 93/192: prompt=21 resp=2242
[2026-06-03 04:33:17] [TRAIN] Gen 90/192: prompt=7 resp=2513
[2026-06-03 04:33:17] [TRAIN] Gen 87/192: prompt=9 resp=1755
[2026-06-03 04:33:17] [TRAIN] Gen 94/192: prompt=21 resp=2229
[2026-06-03 04:33:17] [TRAIN] Gen 89/192: prompt=7 resp=2596
[2026-06-03 04:33:24] [TRAIN] Gen 97/192: prompt=25 resp=2615
[2026-06-03 04:33:25] [TRAIN] Gen 98/192: prompt=25 resp=2678
[2026-06-03 04:33:25] [TRAIN] Gen 99/192: prompt=25 resp=2487
[2026-06-03 04:33:25] [TRAIN] Gen 100/192: prompt=25 resp=2603
[2026-06-03 04:33:26] [TRAIN] Gen 101/192: prompt=37 resp=2518
[2026-06-03 04:33:26] [TRAIN] Gen 110/192: prompt=18 resp=2420
[2026-06-03 04:33:27] [TRAIN] Gen 102/192: prompt=37 resp=2459
[2026-06-03 04:33:27] [TRAIN] Gen 108/192: prompt=25 resp=2437
[2026-06-03 04:33:27] [TRAIN] Gen 112/192: prompt=18 resp=2562
[2026-06-03 04:33:27] [TRAIN] Gen 106/192: prompt=25 resp=2637
[2026-06-03 04:33:27] [TRAIN] Gen 107/192: prompt=25 resp=2555
[2026-06-03 04:33:27] [TRAIN] Gen 103/192: prompt=37 resp=2644
[2026-06-03 04:33:27] [TRAIN] Gen 104/192: prompt=37 resp=2369
[2026-06-03 04:33:27] [TRAIN] Gen 105/192: prompt=25 resp=2504
[2026-06-03 04:33:27] [TRAIN] Gen 109/192: prompt=18 resp=2631
[2026-06-03 04:33:27] [TRAIN] Gen 111/192: prompt=18 resp=2543
[2026-06-03 04:33:33] [TRAIN] Gen 113/192: prompt=11 resp=1936
[2026-06-03 04:33:35] [TRAIN] Gen 114/192: prompt=11 resp=2226
[2026-06-03 04:33:35] [TRAIN] Gen 128/192: prompt=23 resp=1933
[2026-06-03 04:33:35] [TRAIN] Gen 115/192: prompt=11 resp=2138
[2026-06-03 04:33:35] [TRAIN] Gen 116/192: prompt=11 resp=1937
[2026-06-03 04:33:35] [TRAIN] Gen 117/192: prompt=8 resp=2446
[2026-06-03 04:33:36] [TRAIN] Gen 118/192: prompt=8 resp=2207
[2026-06-03 04:33:36] [TRAIN] Gen 119/192: prompt=8 resp=2317
[2026-06-03 04:33:36] [TRAIN] Gen 127/192: prompt=23 resp=2172
[2026-06-03 04:33:36] [TRAIN] Gen 120/192: prompt=8 resp=2308
[2026-06-03 04:33:36] [TRAIN] Gen 126/192: prompt=23 resp=2293
[2026-06-03 04:33:36] [TRAIN] Gen 123/192: prompt=12 resp=2769
[2026-06-03 04:33:36] [TRAIN] Gen 124/192: prompt=12 resp=2653
[2026-06-03 04:33:36] [TRAIN] Gen 121/192: prompt=12 resp=2486
[2026-06-03 04:33:36] [TRAIN] Gen 125/192: prompt=23 resp=2185
[2026-06-03 04:33:36] [TRAIN] Gen 122/192: prompt=12 resp=2759
[2026-06-03 04:33:43] [TRAIN] Gen 129/192: prompt=23 resp=2145
[2026-06-03 04:33:44] [TRAIN] Gen 130/192: prompt=23 resp=2061
[2026-06-03 04:33:44] [TRAIN] Gen 131/192: prompt=23 resp=2056
[2026-06-03 04:33:44] [TRAIN] Gen 132/192: prompt=23 resp=2112
[2026-06-03 04:33:44] [TRAIN] Gen 133/192: prompt=21 resp=2594
[2026-06-03 04:33:45] [TRAIN] Gen 134/192: prompt=21 resp=2444
[2026-06-03 04:33:45] [TRAIN] Gen 135/192: prompt=21 resp=2465
[2026-06-03 04:33:46] [TRAIN] Gen 136/192: prompt=21 resp=2534
[2026-06-03 04:33:46] [TRAIN] Gen 137/192: prompt=15 resp=2592
[2026-06-03 04:33:46] [TRAIN] Gen 139/192: prompt=15 resp=2560
[2026-06-03 04:33:46] [TRAIN] Gen 144/192: prompt=29 resp=2200
[2026-06-03 04:33:46] [TRAIN] Gen 140/192: prompt=15 resp=2454
[2026-06-03 04:33:46] [TRAIN] Gen 141/192: prompt=29 resp=2317
[2026-06-03 04:33:46] [TRAIN] Gen 142/192: prompt=29 resp=2337
[2026-06-03 04:33:46] [TRAIN] Gen 138/192: prompt=15 resp=2567
[2026-06-03 04:33:46] [TRAIN] Gen 143/192: prompt=29 resp=2233
[2026-06-03 04:33:52] [TRAIN] Gen 145/192: prompt=10 resp=2738
[2026-06-03 04:33:54] [TRAIN] Gen 146/192: prompt=10 resp=2680
[2026-06-03 04:33:54] [TRAIN] Gen 147/192: prompt=10 resp=2597
[2026-06-03 04:33:54] [TRAIN] Gen 148/192: prompt=10 resp=2773
[2026-06-03 04:33:54] [TRAIN] Gen 149/192: prompt=322 resp=2343
[2026-06-03 04:33:54] [TRAIN] Gen 150/192: prompt=322 resp=2477
[2026-06-03 04:33:55] [TRAIN] Gen 151/192: prompt=322 resp=2591
[2026-06-03 04:33:56] [TRAIN] Gen 152/192: prompt=322 resp=2442
[2026-06-03 04:33:56] [TRAIN] Gen 159/192: prompt=9 resp=2526
[2026-06-03 04:33:56] [TRAIN] Gen 155/192: prompt=23 resp=2489
[2026-06-03 04:33:56] [TRAIN] Gen 157/192: prompt=9 resp=2643
[2026-06-03 04:33:56] [TRAIN] Gen 156/192: prompt=23 resp=2486
[2026-06-03 04:33:56] [TRAIN] Gen 160/192: prompt=9 resp=2688
[2026-06-03 04:33:56] [TRAIN] Gen 158/192: prompt=9 resp=2623
[2026-06-03 04:33:56] [TRAIN] Gen 153/192: prompt=23 resp=2545
[2026-06-03 04:33:56] [TRAIN] Gen 154/192: prompt=23 resp=2627
[2026-06-03 04:34:02] [TRAIN] Gen 161/192: prompt=16 resp=2566
[2026-06-03 04:34:03] [TRAIN] Gen 162/192: prompt=16 resp=2556
[2026-06-03 04:34:04] [TRAIN] Gen 163/192: prompt=16 resp=2549
[2026-06-03 04:34:04] [TRAIN] Gen 164/192: prompt=16 resp=2551
[2026-06-03 04:34:04] [TRAIN] Gen 165/192: prompt=15 resp=2687
[2026-06-03 04:34:04] [TRAIN] Gen 166/192: prompt=15 resp=2676
[2026-06-03 04:34:05] [TRAIN] Gen 167/192: prompt=15 resp=2722
[2026-06-03 04:34:05] [TRAIN] Gen 168/192: prompt=15 resp=2760
[2026-06-03 04:34:05] [TRAIN] Gen 173/192: prompt=23 resp=2547
[2026-06-03 04:34:05] [TRAIN] Gen 172/192: prompt=49 resp=2637
[2026-06-03 04:34:05] [TRAIN] Gen 176/192: prompt=23 resp=2422
[2026-06-03 04:34:05] [TRAIN] Gen 175/192: prompt=23 resp=2472
[2026-06-03 04:34:05] [TRAIN] Gen 170/192: prompt=49 resp=2630
[2026-06-03 04:34:05] [TRAIN] Gen 169/192: prompt=49 resp=2531
[2026-06-03 04:34:05] [TRAIN] Gen 174/192: prompt=23 resp=2448
[2026-06-03 04:34:05] [TRAIN] Gen 171/192: prompt=49 resp=2675
[2026-06-03 04:34:12] [TRAIN] Gen 177/192: prompt=13 resp=2755
[2026-06-03 04:34:13] [TRAIN] Gen 178/192: prompt=13 resp=2546
[2026-06-03 04:34:13] [TRAIN] Gen 179/192: prompt=13 resp=2555
[2026-06-03 04:34:13] [TRAIN] Gen 180/192: prompt=13 resp=2659
[2026-06-03 04:34:13] [TRAIN] Gen 181/192: prompt=14 resp=2395
[2026-06-03 04:34:14] [TRAIN] Gen 182/192: prompt=14 resp=2464
[2026-06-03 04:34:14] [TRAIN] Gen 183/192: prompt=14 resp=2443
[2026-06-03 04:34:15] [TRAIN] Gen 184/192: prompt=14 resp=2538
[2026-06-03 04:34:15] [TRAIN] Gen 185/192: prompt=8 resp=2392
[2026-06-03 04:34:15] [TRAIN] Gen 186/192: prompt=8 resp=2320
[2026-06-03 04:34:15] [TRAIN] Gen 190/192: prompt=26 resp=2554
[2026-06-03 04:34:15] [TRAIN] Gen 192/192: prompt=26 resp=2457
[2026-06-03 04:34:15] [TRAIN] Gen 187/192: prompt=8 resp=2486
[2026-06-03 04:34:15] [TRAIN] Gen 189/192: prompt=26 resp=2391
[2026-06-03 04:34:15] [TRAIN] Gen 191/192: prompt=26 resp=2465
[2026-06-03 04:34:15] [TRAIN] Gen 188/192: prompt=8 resp=2464
[2026-06-03 04:34:15] [TRAIN] Generation done in 116.3s
[2026-06-03 04:34:26] [TRAIN] Prompt 1/48: rewards=[0.757, 0.9, 0.2, 0.571]
[2026-06-03 04:34:40] [TRAIN] Prompt 2/48: rewards=[0.0, 0.0, 0.186, 0.0]
[2026-06-03 04:34:53] [TRAIN] Prompt 3/48: rewards=[0.0, 0.0, 0.0, 0.0]
[2026-06-03 04:35:07] [TRAIN] Prompt 4/48: rewards=[0.014, 0.486, 0.0, 0.0]
[2026-06-03 04:35:20] [TRAIN] Prompt 5/48: rewards=[0.0, 0.6, 0.243, 0.0]
[2026-06-03 04:35:32] [TRAIN] Prompt 6/48: rewards=[0.314, 0.0, 0.0, 0.0]
[2026-06-03 04:35:47] [TRAIN] Prompt 7/48: rewards=[0.0, 0.0, 0.6, 0.943]
[2026-06-03 04:36:00] [TRAIN] Prompt 8/48: rewards=[0.0, 0.0, 0.0, 0.0]
[2026-06-03 04:36:15] [TRAIN] Prompt 9/48: rewards=[0.0, 0.0, 0.0, 0.0]
[2026-06-03 04:36:29] [TRAIN] Prompt 10/48: rewards=[0.0, 0.114, 0.0, 0.0]
[2026-06-03 04:36:42] [TRAIN] Prompt 11/48: rewards=[0.0, 0.029, 0.0, 0.514]
[2026-06-03 04:36:55] [TRAIN] Prompt 12/48: rewards=[0.0, 0.0, 0.286, 0.0]
[2026-06-03 04:37:07] [TRAIN] Prompt 13/48: rewards=[0.457, 0.0, 0.0, 0.3]
[2026-06-03 04:37:21] [TRAIN] Prompt 14/48: rewards=[0.0, 0.0, 0.0, 0.0]
[2026-06-03 04:37:36] [TRAIN] Prompt 15/48: rewards=[0.0, 0.0, 0.0, 0.0]
[2026-06-03 04:37:51] [TRAIN] Prompt 16/48: rewards=[0.0, 0.0, 0.371, 0.0]
[2026-06-03 04:38:04] [TRAIN] Prompt 17/48: rewards=[0.0, 0.029, 0.0, 0.0]
[2026-06-03 04:38:18] [TRAIN] Prompt 18/48: rewards=[0.0, 0.0, 0.571, 0.1]
[2026-06-03 04:38:32] [TRAIN] Prompt 19/48: rewards=[0.0, 0.0, 0.0, 0.371]
[2026-06-03 04:38:46] [TRAIN] Prompt 20/48: rewards=[0.0, 0.0, 0.0, 0.0]
[2026-06-03 04:39:00] [TRAIN] Prompt 21/48: rewards=[0.0, 0.071, 0.0, 0.0]
[2026-06-03 04:39:13] [TRAIN] Prompt 22/48: rewards=[1.0, 0.0, 0.529, 0.0]
[2026-06-03 04:39:27] [TRAIN] Prompt 23/48: rewards=[0.0, 0.0, 0.257, 0.0]
[2026-06-03 04:39:41] [TRAIN] Prompt 24/48: rewards=[0.243, 0.0, 0.514, 0.0]
[2026-06-03 04:39:54] [TRAIN] Prompt 25/48: rewards=[0.0, 0.0, 0.0, 0.0]
[2026-06-03 04:40:08] [TRAIN] Prompt 26/48: rewards=[0.571, 0.371, 0.0, 0.0]
[2026-06-03 04:40:22] [TRAIN] Prompt 27/48: rewards=[0.0, 0.0, 0.0, 0.114]
[2026-06-03 04:40:35] [TRAIN] Prompt 28/48: rewards=[0.671, 1.0, 0.0, 0.786]
[2026-06-03 04:40:50] [TRAIN] Prompt 29/48: rewards=[0.0, 0.0, 0.343, 0.286]
[2026-06-03 04:41:04] [TRAIN] Prompt 30/48: rewards=[0.314, 0.0, 0.0, 0.0]
[2026-06-03 04:41:18] [TRAIN] Prompt 31/48: rewards=[0.0, 0.429, 0.0, 0.0]
[2026-06-03 04:41:32] [TRAIN] Prompt 32/48: rewards=[0.3, 0.0, 0.286, 1.0]
[2026-06-03 04:41:47] [TRAIN] Prompt 33/48: rewards=[0.486, 0.0, 0.343, 0.0]
[2026-06-03 04:42:00] [TRAIN] Prompt 34/48: rewards=[0.0, 0.0, 0.0, 0.0]
[2026-06-03 04:42:14] [TRAIN] Prompt 35/48: rewards=[0.043, 0.0, 0.271, 0.0]
[2026-06-03 04:42:28] [TRAIN] Prompt 36/48: rewards=[0.0, 0.0, 0.529, 0.0]
[2026-06-03 04:42:40] [TRAIN] Prompt 37/48: rewards=[0.543, 0.0, 0.243, 0.0]
[2026-06-03 04:42:53] [TRAIN] Prompt 38/48: rewards=[0.143, 0.0, 0.0, 0.0]
[2026-06-03 04:43:07] [TRAIN] Prompt 39/48: rewards=[0.157, 0.0, 0.0, 0.0]
[2026-06-03 04:43:21] [TRAIN] Prompt 40/48: rewards=[0.0, 0.0, 0.0, 0.0]
[2026-06-03 04:43:35] [TRAIN] Prompt 41/48: rewards=[0.0, 0.0, 0.0, 0.0]
[2026-06-03 04:43:49] [TRAIN] Prompt 42/48: rewards=[0.357, 0.0, 0.357, 0.0]
[2026-06-03 04:44:03] [TRAIN] Prompt 43/48: rewards=[0.0, 0.0, 0.7, 0.0]
[2026-06-03 04:44:16] [TRAIN] Prompt 44/48: rewards=[0.0, 0.0, 0.0, 0.214]
[2026-06-03 04:44:31] [TRAIN] Prompt 45/48: rewards=[0.0, 0.486, 0.0, 0.0]
[2026-06-03 04:44:45] [TRAIN] Prompt 46/48: rewards=[0.571, 0.6, 0.0, 0.0]
[2026-06-03 04:44:57] [TRAIN] Prompt 47/48: rewards=[0.343, 0.529, 0.0, 0.486]
[2026-06-03 04:45:11] [TRAIN] Prompt 48/48: rewards=[0.0, 0.0, 0.0, 0.0]
[2026-06-03 04:45:11] [TRAIN] Rewards: mean=0.133, 22/192 >0.5 (mode=rubric)
[2026-06-03 04:45:11] [TRAIN] Sleeping replicas via CheckpointEngineManager...
[2026-06-03 04:45:12] [TRAIN] Replicas asleep
[2026-06-03 04:45:12] [TRAIN] Training batch built: {'prompts': torch.Size([192, 322]), 'input_ids': torch.Size([192, 835]), 'attention_mask': torch.Size([192, 835]), 'position_ids': torch.Size([192, 835]), 'responses': torch.Size([192, 513])}
[2026-06-03 04:45:12] [TRAIN] rm_scores computed (last-token placement)
[2026-06-03 04:45:12] [TRAIN] response_mask computed
[2026-06-03 04:45:54] [TRAIN] old_log_probs computed
[2026-06-03 04:45:54] [TRAIN] GRPO advantages computed
[2026-06-03 04:48:41] [TRAIN] Actor update completed — loss=0.0030
[2026-06-03 04:50:32] [TRAIN] train_step start: 48 prompts x 4 = 192 total
[2026-06-03 04:50:32] [TRAIN] Generating 192 responses (48 prompts x 4) with 16 concurrent workers
[2026-06-03 04:50:42] [TRAIN] Gen 3/192: prompt=5 resp=2750
[2026-06-03 04:50:43] [TRAIN] Gen 2/192: prompt=5 resp=2717
[2026-06-03 04:50:43] [TRAIN] Gen 11/192: prompt=19 resp=2533
[2026-06-03 04:50:43] [TRAIN] Gen 5/192: prompt=26 resp=2155
[2026-06-03 04:50:43] [TRAIN] Gen 1/192: prompt=5 resp=2681
[2026-06-03 04:50:43] [TRAIN] Gen 16/192: prompt=48 resp=2437
[2026-06-03 04:50:43] [TRAIN] Gen 7/192: prompt=26 resp=2163
[2026-06-03 04:50:43] [TRAIN] Gen 9/192: prompt=19 resp=2614
[2026-06-03 04:50:43] [TRAIN] Gen 12/192: prompt=19 resp=2636
[2026-06-03 04:50:43] [TRAIN] Gen 14/192: prompt=48 resp=2441
[2026-06-03 04:50:43] [TRAIN] Gen 6/192: prompt=26 resp=2121
[2026-06-03 04:50:43] [TRAIN] Gen 4/192: prompt=5 resp=2817
[2026-06-03 04:50:43] [TRAIN] Gen 10/192: prompt=19 resp=2637
[2026-06-03 04:50:43] [TRAIN] Gen 13/192: prompt=48 resp=2528
[2026-06-03 04:50:43] [TRAIN] Gen 15/192: prompt=48 resp=2373
[2026-06-03 04:50:43] [TRAIN] Gen 8/192: prompt=26 resp=1954
[2026-06-03 04:50:49] [TRAIN] Gen 22/192: prompt=14 resp=1777
[2026-06-03 04:50:52] [TRAIN] Gen 17/192: prompt=22 resp=2330
[2026-06-03 04:50:52] [TRAIN] Gen 19/192: prompt=22 resp=2266
[2026-06-03 04:50:52] [TRAIN] Gen 20/192: prompt=22 resp=2120
[2026-06-03 04:50:52] [TRAIN] Gen 30/192: prompt=12 resp=2227
[2026-06-03 04:50:52] [TRAIN] Gen 29/192: prompt=12 resp=2032
[2026-06-03 04:50:52] [TRAIN] Gen 25/192: prompt=22 resp=2571
[2026-06-03 04:50:52] [TRAIN] Gen 21/192: prompt=14 resp=2750
[2026-06-03 04:50:52] [TRAIN] Gen 31/192: prompt=12 resp=1898
[2026-06-03 04:50:52] [TRAIN] Gen 27/192: prompt=22 resp=2678
[2026-06-03 04:50:52] [TRAIN] Gen 23/192: prompt=14 resp=2665
[2026-06-03 04:50:52] [TRAIN] Gen 28/192: prompt=22 resp=2692
[2026-06-03 04:50:52] [TRAIN] Gen 24/192: prompt=14 resp=2722
[2026-06-03 04:50:52] [TRAIN] Gen 18/192: prompt=22 resp=2508
[2026-06-03 04:50:52] [TRAIN] Gen 32/192: prompt=12 resp=1960
[2026-06-03 04:50:52] [TRAIN] Gen 26/192: prompt=22 resp=2815
[2026-06-03 04:50:58] [TRAIN] Gen 33/192: prompt=80 resp=2535
[2026-06-03 04:51:01] [TRAIN] Gen 34/192: prompt=80 resp=2552
[2026-06-03 04:51:01] [TRAIN] Gen 35/192: prompt=80 resp=2483
[2026-06-03 04:51:01] [TRAIN] Gen 37/192: prompt=15 resp=2229
[2026-06-03 04:51:01] [TRAIN] Gen 43/192: prompt=137 resp=2476
[2026-06-03 04:51:01] [TRAIN] Gen 36/192: prompt=80 resp=2589
[2026-06-03 04:51:01] [TRAIN] Gen 38/192: prompt=15 resp=2218
[2026-06-03 04:51:01] [TRAIN] Gen 46/192: prompt=67 resp=2078
[2026-06-03 04:51:01] [TRAIN] Gen 41/192: prompt=137 resp=2496
[2026-06-03 04:51:01] [TRAIN] Gen 48/192: prompt=67 resp=1948
[2026-06-03 04:51:01] [TRAIN] Gen 39/192: prompt=15 resp=2212
[2026-06-03 04:51:01] [TRAIN] Gen 44/192: prompt=137 resp=2438
[2026-06-03 04:51:01] [TRAIN] Gen 45/192: prompt=67 resp=1930
[2026-06-03 04:51:01] [TRAIN] Gen 42/192: prompt=137 resp=2619
[2026-06-03 04:51:01] [TRAIN] Gen 47/192: prompt=67 resp=1878
[2026-06-03 04:51:01] [TRAIN] Gen 40/192: prompt=15 resp=2061
[2026-06-03 04:51:07] [TRAIN] Gen 49/192: prompt=13 resp=2688
[2026-06-03 04:51:10] [TRAIN] Gen 50/192: prompt=13 resp=2616
[2026-06-03 04:51:10] [TRAIN] Gen 51/192: prompt=13 resp=2642
[2026-06-03 04:51:10] [TRAIN] Gen 59/192: prompt=40 resp=2544
[2026-06-03 04:51:10] [TRAIN] Gen 56/192: prompt=106 resp=2493
[2026-06-03 04:51:10] [TRAIN] Gen 58/192: prompt=40 resp=2405
[2026-06-03 04:51:10] [TRAIN] Gen 60/192: prompt=40 resp=2578
[2026-06-03 04:51:10] [TRAIN] Gen 53/192: prompt=106 resp=2403
[2026-06-03 04:51:10] [TRAIN] Gen 63/192: prompt=34 resp=2648
[2026-06-03 04:51:10] [TRAIN] Gen 57/192: prompt=40 resp=2438
[2026-06-03 04:51:10] [TRAIN] Gen 64/192: prompt=34 resp=2585
[2026-06-03 04:51:10] [TRAIN] Gen 55/192: prompt=106 resp=2495
[2026-06-03 04:51:10] [TRAIN] Gen 54/192: prompt=106 resp=2696
[2026-06-03 04:51:10] [TRAIN] Gen 52/192: prompt=13 resp=2620
[2026-06-03 04:51:10] [TRAIN] Gen 61/192: prompt=34 resp=2617
[2026-06-03 04:51:10] [TRAIN] Gen 62/192: prompt=34 resp=2022
[2026-06-03 04:51:16] [TRAIN] Gen 65/192: prompt=12 resp=2298
[2026-06-03 04:51:20] [TRAIN] Gen 66/192: prompt=12 resp=2027
[2026-06-03 04:51:20] [TRAIN] Gen 67/192: prompt=12 resp=2352
[2026-06-03 04:51:20] [TRAIN] Gen 69/192: prompt=48 resp=1881
[2026-06-03 04:51:20] [TRAIN] Gen 76/192: prompt=263 resp=1741
[2026-06-03 04:51:20] [TRAIN] Gen 79/192: prompt=28 resp=2377
[2026-06-03 04:51:20] [TRAIN] Gen 74/192: prompt=263 resp=2492
[2026-06-03 04:51:20] [TRAIN] Gen 71/192: prompt=48 resp=2430
[2026-06-03 04:51:20] [TRAIN] Gen 68/192: prompt=12 resp=2318
[2026-06-03 04:51:20] [TRAIN] Gen 80/192: prompt=28 resp=2342
[2026-06-03 04:51:20] [TRAIN] Gen 72/192: prompt=48 resp=2235
[2026-06-03 04:51:20] [TRAIN] Gen 77/192: prompt=28 resp=2511
[2026-06-03 04:51:20] [TRAIN] Gen 75/192: prompt=263 resp=1567
[2026-06-03 04:51:20] [TRAIN] Gen 78/192: prompt=28 resp=2425
[2026-06-03 04:51:20] [TRAIN] Gen 73/192: prompt=263 resp=2066
[2026-06-03 04:51:20] [TRAIN] Gen 70/192: prompt=48 resp=2255
[2026-06-03 04:51:26] [TRAIN] Gen 81/192: prompt=16 resp=2460
[2026-06-03 04:51:27] [TRAIN] Gen 85/192: prompt=9 resp=1326
[2026-06-03 04:51:29] [TRAIN] Gen 82/192: prompt=16 resp=2458
[2026-06-03 04:51:29] [TRAIN] Gen 83/192: prompt=16 resp=2468
[2026-06-03 04:51:29] [TRAIN] Gen 84/192: prompt=16 resp=2438
[2026-06-03 04:51:29] [TRAIN] Gen 95/192: prompt=21 resp=2348
[2026-06-03 04:51:29] [TRAIN] Gen 89/192: prompt=7 resp=2527
[2026-06-03 04:51:29] [TRAIN] Gen 94/192: prompt=21 resp=2246
[2026-06-03 04:51:29] [TRAIN] Gen 96/192: prompt=21 resp=2136
[2026-06-03 04:51:29] [TRAIN] Gen 86/192: prompt=9 resp=1757
[2026-06-03 04:51:29] [TRAIN] Gen 88/192: prompt=9 resp=1733
[2026-06-03 04:51:29] [TRAIN] Gen 92/192: prompt=7 resp=2533
[2026-06-03 04:51:29] [TRAIN] Gen 93/192: prompt=21 resp=2295
[2026-06-03 04:51:29] [TRAIN] Gen 87/192: prompt=9 resp=1760
[2026-06-03 04:51:29] [TRAIN] Gen 91/192: prompt=7 resp=2584
[2026-06-03 04:51:29] [TRAIN] Gen 90/192: prompt=7 resp=2476
[2026-06-03 04:51:35] [TRAIN] Gen 97/192: prompt=25 resp=2535
[2026-06-03 04:51:36] [TRAIN] Gen 98/192: prompt=25 resp=2521
[2026-06-03 04:51:38] [TRAIN] Gen 99/192: prompt=25 resp=2548
[2026-06-03 04:51:38] [TRAIN] Gen 100/192: prompt=25 resp=2578
[2026-06-03 04:51:38] [TRAIN] Gen 101/192: prompt=37 resp=2692
[2026-06-03 04:51:38] [TRAIN] Gen 110/192: prompt=18 resp=2554
[2026-06-03 04:51:38] [TRAIN] Gen 105/192: prompt=25 resp=2546
[2026-06-03 04:51:38] [TRAIN] Gen 111/192: prompt=18 resp=2685
[2026-06-03 04:51:38] [TRAIN] Gen 102/192: prompt=37 resp=2528
[2026-06-03 04:51:38] [TRAIN] Gen 103/192: prompt=37 resp=2551
[2026-06-03 04:51:38] [TRAIN] Gen 112/192: prompt=18 resp=2539
[2026-06-03 04:51:38] [TRAIN] Gen 106/192: prompt=25 resp=2698
[2026-06-03 04:51:38] [TRAIN] Gen 109/192: prompt=18 resp=2542
[2026-06-03 04:51:38] [TRAIN] Gen 107/192: prompt=25 resp=2553
[2026-06-03 04:51:38] [TRAIN] Gen 104/192: prompt=37 resp=2561
[2026-06-03 04:51:38] [TRAIN] Gen 108/192: prompt=25 resp=2550
[2026-06-03 04:51:44] [TRAIN] Gen 127/192: prompt=23 resp=1387
[2026-06-03 04:51:44] [TRAIN] Gen 113/192: prompt=11 resp=2006
[2026-06-03 04:51:45] [TRAIN] Gen 114/192: prompt=11 resp=2110
[2026-06-03 04:51:47] [TRAIN] Gen 115/192: prompt=11 resp=2067
[2026-06-03 04:51:47] [TRAIN] Gen 116/192: prompt=11 resp=2027
[2026-06-03 04:51:47] [TRAIN] Gen 117/192: prompt=8 resp=2297
[2026-06-03 04:51:47] [TRAIN] Gen 122/192: prompt=12 resp=2778
[2026-06-03 04:51:47] [TRAIN] Gen 126/192: prompt=23 resp=2231
[2026-06-03 04:51:47] [TRAIN] Gen 123/192: prompt=12 resp=2731
[2026-06-03 04:51:47] [TRAIN] Gen 121/192: prompt=12 resp=2624
[2026-06-03 04:51:47] [TRAIN] Gen 124/192: prompt=12 resp=2637
[2026-06-03 04:51:47] [TRAIN] Gen 125/192: prompt=23 resp=2313
[2026-06-03 04:51:47] [TRAIN] Gen 120/192: prompt=8 resp=2378
[2026-06-03 04:51:47] [TRAIN] Gen 118/192: prompt=8 resp=2355
[2026-06-03 04:51:47] [TRAIN] Gen 128/192: prompt=23 resp=2275
[2026-06-03 04:51:47] [TRAIN] Gen 119/192: prompt=8 resp=2242
[2026-06-03 04:51:52] [TRAIN] Gen 129/192: prompt=23 resp=2093
[2026-06-03 04:51:52] [TRAIN] Gen 130/192: prompt=23 resp=2169
[2026-06-03 04:51:53] [TRAIN] Gen 131/192: prompt=23 resp=2058
[2026-06-03 04:51:55] [TRAIN] Gen 132/192: prompt=23 resp=2099
[2026-06-03 04:51:55] [TRAIN] Gen 133/192: prompt=21 resp=2452
[2026-06-03 04:51:55] [TRAIN] Gen 134/192: prompt=21 resp=2535
[2026-06-03 04:51:56] [TRAIN] Gen 137/192: prompt=15 resp=2598
[2026-06-03 04:51:56] [TRAIN] Gen 138/192: prompt=15 resp=2597
[2026-06-03 04:51:56] [TRAIN] Gen 139/192: prompt=15 resp=2632
[2026-06-03 04:51:56] [TRAIN] Gen 140/192: prompt=15 resp=2516
[2026-06-03 04:51:56] [TRAIN] Gen 136/192: prompt=21 resp=2377
[2026-06-03 04:51:56] [TRAIN] Gen 143/192: prompt=29 resp=2267
[2026-06-03 04:51:56] [TRAIN] Gen 144/192: prompt=29 resp=2249
[2026-06-03 04:51:56] [TRAIN] Gen 141/192: prompt=29 resp=2310
[2026-06-03 04:51:56] [TRAIN] Gen 135/192: prompt=21 resp=2586
[2026-06-03 04:51:56] [TRAIN] Gen 142/192: prompt=29 resp=2253
[2026-06-03 04:52:01] [TRAIN] Gen 145/192: prompt=10 resp=2675
[2026-06-03 04:52:01] [TRAIN] Gen 146/192: prompt=10 resp=2665
[2026-06-03 04:52:02] [TRAIN] Gen 147/192: prompt=10 resp=2579
[2026-06-03 04:52:04] [TRAIN] Gen 148/192: prompt=10 resp=2765
[2026-06-03 04:52:04] [TRAIN] Gen 149/192: prompt=322 resp=2476
[2026-06-03 04:52:04] [TRAIN] Gen 150/192: prompt=322 resp=2492
[2026-06-03 04:52:04] [TRAIN] Gen 151/192: prompt=322 resp=2482
[2026-06-03 04:52:04] [TRAIN] Gen 160/192: prompt=9 resp=2633
[2026-06-03 04:52:04] [TRAIN] Gen 157/192: prompt=9 resp=2633
[2026-06-03 04:52:04] [TRAIN] Gen 159/192: prompt=9 resp=2670
[2026-06-03 04:52:04] [TRAIN] Gen 158/192: prompt=9 resp=2623
[2026-06-03 04:52:04] [TRAIN] Gen 155/192: prompt=23 resp=2542
[2026-06-03 04:52:04] [TRAIN] Gen 156/192: prompt=23 resp=2336
[2026-06-03 04:52:04] [TRAIN] Gen 154/192: prompt=23 resp=2339
[2026-06-03 04:52:04] [TRAIN] Gen 153/192: prompt=23 resp=2379
[2026-06-03 04:52:04] [TRAIN] Gen 152/192: prompt=322 resp=2351
[2026-06-03 04:52:10] [TRAIN] Gen 161/192: prompt=16 resp=2585
[2026-06-03 04:52:10] [TRAIN] Gen 162/192: prompt=16 resp=2582
[2026-06-03 04:52:11] [TRAIN] Gen 163/192: prompt=16 resp=2665
[2026-06-03 04:52:13] [TRAIN] Gen 164/192: prompt=16 resp=2601
[2026-06-03 04:52:13] [TRAIN] Gen 165/192: prompt=15 resp=2700
[2026-06-03 04:52:13] [TRAIN] Gen 166/192: prompt=15 resp=2842
[2026-06-03 04:52:13] [TRAIN] Gen 167/192: prompt=15 resp=2719
[2026-06-03 04:52:13] [TRAIN] Gen 170/192: prompt=49 resp=2694
[2026-06-03 04:52:13] [TRAIN] Gen 174/192: prompt=23 resp=2476
[2026-06-03 04:52:13] [TRAIN] Gen 171/192: prompt=49 resp=2629
[2026-06-03 04:52:13] [TRAIN] Gen 168/192: prompt=15 resp=2739
[2026-06-03 04:52:13] [TRAIN] Gen 169/192: prompt=49 resp=2664
[2026-06-03 04:52:13] [TRAIN] Gen 172/192: prompt=49 resp=2590
[2026-06-03 04:52:13] [TRAIN] Gen 175/192: prompt=23 resp=2556
[2026-06-03 04:52:13] [TRAIN] Gen 176/192: prompt=23 resp=2546
[2026-06-03 04:52:13] [TRAIN] Gen 173/192: prompt=23 resp=2471
[2026-06-03 04:52:19] [TRAIN] Gen 177/192: prompt=13 resp=2629
[2026-06-03 04:52:19] [TRAIN] Gen 178/192: prompt=13 resp=2611
[2026-06-03 04:52:20] [TRAIN] Gen 179/192: prompt=13 resp=2573
[2026-06-03 04:52:22] [TRAIN] Gen 180/192: prompt=13 resp=2602
[2026-06-03 04:52:22] [TRAIN] Gen 181/192: prompt=14 resp=2598
[2026-06-03 04:52:22] [TRAIN] Gen 182/192: prompt=14 resp=2460
[2026-06-03 04:52:22] [TRAIN] Gen 183/192: prompt=14 resp=2458
[2026-06-03 04:52:22] [TRAIN] Gen 189/192: prompt=26 resp=2453
[2026-06-03 04:52:22] [TRAIN] Gen 185/192: prompt=8 resp=2334
[2026-06-03 04:52:22] [TRAIN] Gen 184/192: prompt=14 resp=2484
[2026-06-03 04:52:22] [TRAIN] Gen 187/192: prompt=8 resp=2378
[2026-06-03 04:52:22] [TRAIN] Gen 188/192: prompt=8 resp=2322
[2026-06-03 04:52:22] [TRAIN] Gen 186/192: prompt=8 resp=2509
[2026-06-03 04:52:22] [TRAIN] Gen 190/192: prompt=26 resp=2368
[2026-06-03 04:52:22] [TRAIN] Gen 191/192: prompt=26 resp=2474
[2026-06-03 04:52:22] [TRAIN] Gen 192/192: prompt=26 resp=2449
[2026-06-03 04:52:22] [TRAIN] Generation done in 110.2s
[2026-06-03 04:52:33] [TRAIN] Prompt 1/48: rewards=[0.0, 0.0, 0.0, 0.8]
[2026-06-03 04:52:44] [TRAIN] Prompt 2/48: rewards=[0.0, 0.0, 0.56, 0.0]
[2026-06-03 04:52:54] [TRAIN] Prompt 3/48: rewards=[0.6, 0.0, 0.0, 0.0]
[2026-06-03 04:53:04] [TRAIN] Prompt 4/48: rewards=[0.0, 0.0, 0.0, 0.0]
[2026-06-03 04:53:15] [TRAIN] Prompt 5/48: rewards=[0.3, 0.0, 0.0, 0.0]
[2026-06-03 04:53:23] [TRAIN] Prompt 6/48: rewards=[0.9, 1.0, 0.78, 0.8]
[2026-06-03 04:53:33] [TRAIN] Prompt 7/48: rewards=[0.66, 0.0, 0.74, 0.8]
[2026-06-03 04:53:43] [TRAIN] Prompt 8/48: rewards=[0.0, 0.4, 0.0, 0.96]
[2026-06-03 04:53:54] [TRAIN] Prompt 9/48: rewards=[0.0, 0.0, 0.0, 0.4]
[2026-06-03 04:54:04] [TRAIN] Prompt 10/48: rewards=[0.0, 0.0, 0.0, 0.56]
[2026-06-03 04:54:14] [TRAIN] Prompt 11/48: rewards=[0.0, 0.0, 0.0, 0.0]
[2026-06-03 04:54:24] [TRAIN] Prompt 12/48: rewards=[0.0, 0.0, 0.6, 0.0]
[2026-06-03 04:54:34] [TRAIN] Prompt 13/48: rewards=[0.0, 0.0, 0.86, 0.0]
[2026-06-03 04:54:44] [TRAIN] Prompt 14/48: rewards=[0.0, 0.0, 0.0, 0.0]
[2026-06-03 04:54:55] [TRAIN] Prompt 15/48: rewards=[0.0, 0.0, 0.0, 0.0]
[2026-06-03 04:55:05] [TRAIN] Prompt 16/48: rewards=[0.8, 0.0, 0.0, 0.0]
[2026-06-03 04:55:15] [TRAIN] Prompt 17/48: rewards=[0.0, 0.0, 0.0, 0.0]
[2026-06-03 04:55:25] [TRAIN] Prompt 18/48: rewards=[0.0, 0.0, 0.0, 0.0]
[2026-06-03 04:55:35] [TRAIN] Prompt 19/48: rewards=[0.0, 0.0, 0.0, 0.6]
[2026-06-03 04:55:46] [TRAIN] Prompt 20/48: rewards=[0.96, 0.0, 0.0, 0.0]
[2026-06-03 04:55:56] [TRAIN] Prompt 21/48: rewards=[0.2, 0.0, 0.0, 0.0]
[2026-06-03 04:56:06] [TRAIN] Prompt 22/48: rewards=[1.0, 1.0, 0.0, 0.0]
[2026-06-03 04:56:16] [TRAIN] Prompt 23/48: rewards=[0.0, 0.0, 0.0, 0.0]
[2026-06-03 04:56:26] [TRAIN] Prompt 24/48: rewards=[0.0, 0.0, 0.0, 0.0]
[2026-06-03 04:56:36] [TRAIN] Prompt 25/48: rewards=[0.94, 0.0, 0.0, 0.0]
[2026-06-03 04:56:46] [TRAIN] Prompt 26/48: rewards=[0.0, 0.0, 0.0, 0.0]
[2026-06-03 04:56:56] [TRAIN] Prompt 27/48: rewards=[0.0, 0.0, 0.0, 0.1]
[2026-06-03 04:57:07] [TRAIN] Prompt 28/48: rewards=[0.0, 0.92, 0.96, 0.88]
[2026-06-03 04:57:17] [TRAIN] Prompt 29/48: rewards=[0.0, 0.92, 0.0, 0.0]
[2026-06-03 04:57:27] [TRAIN] Prompt 30/48: rewards=[0.0, 0.78, 0.0, 0.0]
[2026-06-03 04:57:37] [TRAIN] Prompt 31/48: rewards=[0.0, 0.78, 0.0, 0.0]
[2026-06-03 04:57:46] [TRAIN] Prompt 32/48: rewards=[0.0, 0.0, 1.0, 0.0]
[2026-06-03 04:57:56] [TRAIN] Prompt 33/48: rewards=[0.6, 0.0, 0.0, 0.0]
[2026-06-03 04:58:06] [TRAIN] Prompt 34/48: rewards=[0.0, 0.0, 0.0, 0.0]
[2026-06-03 04:58:16] [TRAIN] Prompt 35/48: rewards=[0.0, 0.0, 0.0, 0.8]
[2026-06-03 04:58:26] [TRAIN] Prompt 36/48: rewards=[1.0, 0.0, 0.0, 0.0]
[2026-06-03 04:58:36] [TRAIN] Prompt 37/48: rewards=[0.0, 0.0, 0.0, 0.0]
[2026-06-03 04:58:47] [TRAIN] Prompt 38/48: rewards=[0.0, 0.0, 0.0, 0.6]
[2026-06-03 04:58:57] [TRAIN] Prompt 39/48: rewards=[0.0, 0.0, 0.36, 0.78]
[2026-06-03 04:59:08] [TRAIN] Prompt 40/48: rewards=[0.0, 0.0, 0.92, 0.0]
[2026-06-03 04:59:17] [TRAIN] Prompt 41/48: rewards=[0.0, 0.0, 0.0, 0.0]
[2026-06-03 04:59:26] [TRAIN] Prompt 42/48: rewards=[0.0, 0.8, 0.96, 0.94]
[2026-06-03 04:59:35] [TRAIN] Prompt 43/48: rewards=[0.0, 0.0, 0.0, 0.6]
[2026-06-03 04:59:46] [TRAIN] Prompt 44/48: rewards=[0.0, 0.0, 0.0, 0.0]
[2026-06-03 04:59:56] [TRAIN] Prompt 45/48: rewards=[0.0, 0.0, 0.0, 0.0]
[2026-06-03 05:00:06] [TRAIN] Prompt 46/48: rewards=[0.0, 0.0, 0.0, 0.0]
[2026-06-03 05:00:18] [TRAIN] Prompt 47/48: rewards=[0.0, 0.0, 0.0, 0.76]
[2026-06-03 05:00:29] [TRAIN] Prompt 48/48: rewards=[0.96, 0.74, 0.0, 0.0]
[2026-06-03 05:00:29] [TRAIN] Rewards: mean=0.179, 40/192 >0.5 (mode=rubric)
[2026-06-03 05:00:29] [TRAIN] Sleeping replicas via CheckpointEngineManager...
[2026-06-03 05:00:29] [TRAIN] Replicas asleep
[2026-06-03 05:00:29] [TRAIN] Training batch built: {'prompts': torch.Size([192, 322]), 'input_ids': torch.Size([192, 836]), 'attention_mask': torch.Size([192, 836]), 'position_ids': torch.Size([192, 836]), 'responses': torch.Size([192, 514])}
[2026-06-03 05:00:29] [TRAIN] rm_scores computed (last-token placement)
[2026-06-03 05:00:29] [TRAIN] response_mask computed
[2026-06-03 05:01:09] [TRAIN] old_log_probs computed
[2026-06-03 05:01:09] [TRAIN] GRPO advantages computed
[2026-06-03 05:04:05] [TRAIN] Actor update completed — loss=0.0063
[2026-06-03 05:04:08] [TRAIN] Weight sync done in 2.7s (wake handled internally)
[2026-06-03 05:04:08] [TRAIN] train_step completed in 816.0s — reward=0.179 (40/192), loss=0.0063, grad_norm=0.105 | score=0.179, rewards=0.179, adv=-0.006 | rlen=509, plen=38, abort=0.000 | tps=128.9 tok/s/gpu, gen=1.13ms/tok, actor=1.68ms/tok
[2026-06-03 05:04:08] [TRAIN] train_step start: 48 prompts x 4 = 192 total
[2026-06-03 05:04:08] [TRAIN] Generating 192 responses (48 prompts x 4) with 16 concurrent workers
[2026-06-03 05:04:17] [TRAIN] Gen 1/192: prompt=64 resp=1753
[2026-06-03 05:04:17] [TRAIN] Gen 3/192: prompt=64 resp=1672
[2026-06-03 05:04:17] [TRAIN] Gen 7/192: prompt=30 resp=2092
[2026-06-03 05:04:17] [TRAIN] Gen 6/192: prompt=30 resp=2126
[2026-06-03 05:04:17] [TRAIN] Gen 2/192: prompt=64 resp=1639
[2026-06-03 05:04:17] [TRAIN] Gen 13/192: prompt=26 resp=2478
[2026-06-03 05:04:17] [TRAIN] Gen 10/192: prompt=43 resp=2693
[2026-06-03 05:04:17] [TRAIN] Gen 11/192: prompt=43 resp=2683
[2026-06-03 05:04:17] [TRAIN] Gen 16/192: prompt=26 resp=2515
[2026-06-03 05:04:17] [TRAIN] Gen 9/192: prompt=43 resp=2725
[2026-06-03 05:04:17] [TRAIN] Gen 4/192: prompt=64 resp=1866
[2026-06-03 05:04:17] [TRAIN] Gen 15/192: prompt=26 resp=2501
[2026-06-03 05:04:17] [TRAIN] Gen 12/192: prompt=43 resp=2600
[2026-06-03 05:04:17] [TRAIN] Gen 8/192: prompt=30 resp=1451
[2026-06-03 05:04:17] [TRAIN] Gen 5/192: prompt=30 resp=1579
[2026-06-03 05:04:17] [TRAIN] Gen 14/192: prompt=26 resp=2428
[2026-06-03 05:04:27] [TRAIN] Gen 17/192: prompt=20 resp=2286
[2026-06-03 05:04:27] [TRAIN] Gen 27/192: prompt=82 resp=2784
[2026-06-03 05:04:27] [TRAIN] Gen 28/192: prompt=82 resp=2704
[2026-06-03 05:04:27] [TRAIN] Gen 30/192: prompt=18 resp=2629
[2026-06-03 05:04:27] [TRAIN] Gen 25/192: prompt=82 resp=2660
[2026-06-03 05:04:27] [TRAIN] Gen 26/192: prompt=82 resp=2914
[2026-06-03 05:04:27] [TRAIN] Gen 31/192: prompt=18 resp=2636
[2026-06-03 05:04:27] [TRAIN] Gen 20/192: prompt=20 resp=2152
[2026-06-03 05:04:27] [TRAIN] Gen 22/192: prompt=11 resp=2546
[2026-06-03 05:04:27] [TRAIN] Gen 19/192: prompt=20 resp=2148
[2026-06-03 05:04:27] [TRAIN] Gen 18/192: prompt=20 resp=2250
[2026-06-03 05:04:27] [TRAIN] Gen 24/192: prompt=11 resp=2516
[2026-06-03 05:04:27] [TRAIN] Gen 23/192: prompt=11 resp=2519
[2026-06-03 05:04:27] [TRAIN] Gen 29/192: prompt=18 resp=2696
[2026-06-03 05:04:27] [TRAIN] Gen 32/192: prompt=18 resp=2661
[2026-06-03 05:04:27] [TRAIN] Gen 21/192: prompt=11 resp=2449
[2026-06-03 05:04:30] [TRAIN] Gen 38/192: prompt=60 resp=750
[2026-06-03 05:04:32] [TRAIN] Gen 37/192: prompt=60 resp=1060
[2026-06-03 05:04:33] [TRAIN] Gen 39/192: prompt=60 resp=1264
[2026-06-03 05:04:34] [TRAIN] Gen 40/192: prompt=60 resp=1521
[2026-06-03 05:04:36] [TRAIN] Gen 33/192: prompt=8 resp=2317
[2026-06-03 05:04:36] [TRAIN] Gen 42/192: prompt=14 resp=2517
[2026-06-03 05:04:36] [TRAIN] Gen 46/192: prompt=21 resp=2380
[2026-06-03 05:04:36] [TRAIN] Gen 36/192: prompt=8 resp=2450
[2026-06-03 05:04:36] [TRAIN] Gen 48/192: prompt=21 resp=2674
[2026-06-03 05:04:36] [TRAIN] Gen 47/192: prompt=21 resp=2566
[2026-06-03 05:04:36] [TRAIN] Gen 35/192: prompt=8 resp=2341
[2026-06-03 05:04:36] [TRAIN] Gen 34/192: prompt=8 resp=2358
[2026-06-03 05:04:36] [TRAIN] Gen 45/192: prompt=21 resp=2413
[2026-06-03 05:04:36] [TRAIN] Gen 43/192: prompt=14 resp=2503
[2026-06-03 05:04:36] [TRAIN] Gen 44/192: prompt=14 resp=2651
[2026-06-03 05:04:36] [TRAIN] Gen 41/192: prompt=14 resp=2521
[2026-06-03 05:04:39] [TRAIN] Gen 49/192: prompt=59 resp=1923
[2026-06-03 05:04:41] [TRAIN] Gen 50/192: prompt=59 resp=2005
[2026-06-03 05:04:42] [TRAIN] Gen 51/192: prompt=59 resp=1975
[2026-06-03 05:04:43] [TRAIN] Gen 52/192: prompt=59 resp=1796
[2026-06-03 05:04:45] [TRAIN] Gen 53/192: prompt=21 resp=2229
[2026-06-03 05:04:45] [TRAIN] Gen 59/192: prompt=13 resp=2172
[2026-06-03 05:04:45] [TRAIN] Gen 60/192: prompt=13 resp=2360
[2026-06-03 05:04:45] [TRAIN] Gen 62/192: prompt=68 resp=2259
[2026-06-03 05:04:45] [TRAIN] Gen 57/192: prompt=13 resp=2253
[2026-06-03 05:04:45] [TRAIN] Gen 63/192: prompt=68 resp=2380
[2026-06-03 05:04:45] [TRAIN] Gen 54/192: prompt=21 resp=2249
[2026-06-03 05:04:45] [TRAIN] Gen 58/192: prompt=13 resp=2438
[2026-06-03 05:04:45] [TRAIN] Gen 64/192: prompt=68 resp=2241
[2026-06-03 05:04:45] [TRAIN] Gen 61/192: prompt=68 resp=2126
[2026-06-03 05:04:45] [TRAIN] Gen 56/192: prompt=21 resp=2167
[2026-06-03 05:04:45] [TRAIN] Gen 55/192: prompt=21 resp=2054
[2026-06-03 05:04:49] [TRAIN] Gen 65/192: prompt=12 resp=2674
[2026-06-03 05:04:49] [TRAIN] Gen 71/192: prompt=36 resp=1079
[2026-06-03 05:04:50] [TRAIN] Gen 66/192: prompt=12 resp=2718
[2026-06-03 05:04:50] [TRAIN] Gen 70/192: prompt=36 resp=1411
[2026-06-03 05:04:51] [TRAIN] Gen 67/192: prompt=12 resp=2679
[2026-06-03 05:04:52] [TRAIN] Gen 69/192: prompt=36 resp=1660
[2026-06-03 05:04:52] [TRAIN] Gen 68/192: prompt=12 resp=2780
[2026-06-03 05:04:54] [TRAIN] Gen 72/192: prompt=36 resp=2462
[2026-06-03 05:04:54] [TRAIN] Gen 73/192: prompt=17 resp=2020
[2026-06-03 05:04:54] [TRAIN] Gen 74/192: prompt=17 resp=2154
[2026-06-03 05:04:54] [TRAIN] Gen 75/192: prompt=17 resp=2053
[2026-06-03 05:04:54] [TRAIN] Gen 76/192: prompt=17 resp=2098
[2026-06-03 05:04:54] [TRAIN] Gen 77/192: prompt=28 resp=2056
[2026-06-03 05:04:54] [TRAIN] Gen 79/192: prompt=28 resp=2225
[2026-06-03 05:04:54] [TRAIN] Gen 78/192: prompt=28 resp=2158
[2026-06-03 05:04:54] [TRAIN] Gen 80/192: prompt=28 resp=2191
[2026-06-03 05:04:58] [TRAIN] Gen 81/192: prompt=34 resp=2504
[2026-06-03 05:04:58] [TRAIN] Gen 82/192: prompt=34 resp=2562
[2026-06-03 05:04:59] [TRAIN] Gen 83/192: prompt=34 resp=2544
[2026-06-03 05:04:59] [TRAIN] Gen 84/192: prompt=34 resp=2454
[2026-06-03 05:05:00] [TRAIN] Gen 85/192: prompt=8 resp=2715
[2026-06-03 05:05:00] [TRAIN] Gen 86/192: prompt=8 resp=2606
[2026-06-03 05:05:01] [TRAIN] Gen 87/192: prompt=8 resp=2510
[2026-06-03 05:05:03] [TRAIN] Gen 88/192: prompt=8 resp=2545
[2026-06-03 05:05:03] [TRAIN] Gen 89/192: prompt=14 resp=2399
[2026-06-03 05:05:03] [TRAIN] Gen 91/192: prompt=14 resp=2424
[2026-06-03 05:05:03] [TRAIN] Gen 90/192: prompt=14 resp=2539
[2026-06-03 05:05:03] [TRAIN] Gen 96/192: prompt=317 resp=2710
[2026-06-03 05:05:03] [TRAIN] Gen 94/192: prompt=317 resp=2634
[2026-06-03 05:05:03] [TRAIN] Gen 95/192: prompt=317 resp=2653
[2026-06-03 05:05:03] [TRAIN] Gen 92/192: prompt=14 resp=2453
[2026-06-03 05:05:03] [TRAIN] Gen 93/192: prompt=317 resp=2480
[2026-06-03 05:05:06] [TRAIN] Gen 97/192: prompt=21 resp=2715
[2026-06-03 05:05:07] [TRAIN] Gen 98/192: prompt=21 resp=2730
[2026-06-03 05:05:08] [TRAIN] Gen 99/192: prompt=21 resp=2748
[2026-06-03 05:05:08] [TRAIN] Gen 100/192: prompt=21 resp=2712
[2026-06-03 05:05:09] [TRAIN] Gen 101/192: prompt=70 resp=2483
[2026-06-03 05:05:09] [TRAIN] Gen 102/192: prompt=70 resp=2748
[2026-06-03 05:05:10] [TRAIN] Gen 103/192: prompt=70 resp=2770
[2026-06-03 05:05:12] [TRAIN] Gen 104/192: prompt=70 resp=2770
[2026-06-03 05:05:12] [TRAIN] Gen 106/192: prompt=11 resp=2548
[2026-06-03 05:05:12] [TRAIN] Gen 105/192: prompt=11 resp=2595
[2026-06-03 05:05:12] [TRAIN] Gen 107/192: prompt=11 resp=2748
[2026-06-03 05:05:12] [TRAIN] Gen 109/192: prompt=6 resp=2892
[2026-06-03 05:05:12] [TRAIN] Gen 110/192: prompt=6 resp=2815
[2026-06-03 05:05:12] [TRAIN] Gen 108/192: prompt=11 resp=2671
[2026-06-03 05:05:12] [TRAIN] Gen 111/192: prompt=6 resp=2902
[2026-06-03 05:05:12] [TRAIN] Gen 112/192: prompt=6 resp=2862
[2026-06-03 05:05:15] [TRAIN] Gen 113/192: prompt=19 resp=2270
[2026-06-03 05:05:16] [TRAIN] Gen 114/192: prompt=19 resp=2333
[2026-06-03 05:05:17] [TRAIN] Gen 115/192: prompt=19 resp=2357
[2026-06-03 05:05:17] [TRAIN] Gen 116/192: prompt=19 resp=2281
[2026-06-03 05:05:18] [TRAIN] Gen 117/192: prompt=13 resp=2522
[2026-06-03 05:05:18] [TRAIN] Gen 118/192: prompt=13 resp=2464
[2026-06-03 05:05:19] [TRAIN] Gen 119/192: prompt=13 resp=2502
[2026-06-03 05:05:21] [TRAIN] Gen 120/192: prompt=13 resp=2585
[2026-06-03 05:05:21] [TRAIN] Gen 123/192: prompt=5 resp=2554
[2026-06-03 05:05:21] [TRAIN] Gen 121/192: prompt=5 resp=2695
[2026-06-03 05:05:21] [TRAIN] Gen 122/192: prompt=5 resp=2600
[2026-06-03 05:05:21] [TRAIN] Gen 128/192: prompt=23 resp=2686
[2026-06-03 05:05:21] [TRAIN] Gen 125/192: prompt=23 resp=2707
[2026-06-03 05:05:21] [TRAIN] Gen 124/192: prompt=5 resp=2690
[2026-06-03 05:05:21] [TRAIN] Gen 126/192: prompt=23 resp=2668
[2026-06-03 05:05:21] [TRAIN] Gen 127/192: prompt=23 resp=2662
[2026-06-03 05:05:24] [TRAIN] Gen 129/192: prompt=9 resp=2629
[2026-06-03 05:05:25] [TRAIN] Gen 130/192: prompt=9 resp=2710
[2026-06-03 05:05:25] [TRAIN] Gen 131/192: prompt=9 resp=2639
[2026-06-03 05:05:26] [TRAIN] Gen 132/192: prompt=9 resp=2606
[2026-06-03 05:05:26] [TRAIN] Gen 133/192: prompt=8 resp=2206
[2026-06-03 05:05:27] [TRAIN] Gen 134/192: prompt=8 resp=2249
[2026-06-03 05:05:28] [TRAIN] Gen 135/192: prompt=8 resp=2158
[2026-06-03 05:05:30] [TRAIN] Gen 136/192: prompt=8 resp=2156
[2026-06-03 05:05:30] [TRAIN] Gen 137/192: prompt=19 resp=2132
[2026-06-03 05:05:30] [TRAIN] Gen 138/192: prompt=19 resp=2049
[2026-06-03 05:05:30] [TRAIN] Gen 139/192: prompt=19 resp=1991
[2026-06-03 05:05:30] [TRAIN] Gen 144/192: prompt=30 resp=2182
[2026-06-03 05:05:30] [TRAIN] Gen 143/192: prompt=30 resp=2398
[2026-06-03 05:05:30] [TRAIN] Gen 142/192: prompt=30 resp=2149
[2026-06-03 05:05:30] [TRAIN] Gen 140/192: prompt=19 resp=2251
[2026-06-03 05:05:30] [TRAIN] Gen 141/192: prompt=30 resp=2348
[2026-06-03 05:05:32] [TRAIN] Gen 150/192: prompt=13 resp=1289
[2026-06-03 05:05:32] [TRAIN] Gen 149/192: prompt=13 resp=1459
[2026-06-03 05:05:33] [TRAIN] Gen 145/192: prompt=3 resp=2812
[2026-06-03 05:05:34] [TRAIN] Gen 146/192: prompt=3 resp=2748
[2026-06-03 05:05:34] [TRAIN] Gen 151/192: prompt=13 resp=1492
[2026-06-03 05:05:34] [TRAIN] Gen 147/192: prompt=3 resp=2750
[2026-06-03 05:05:34] [TRAIN] Gen 148/192: prompt=3 resp=2720
[2026-06-03 05:05:39] [TRAIN] Gen 152/192: prompt=13 resp=2426
[2026-06-03 05:05:39] [TRAIN] Gen 153/192: prompt=42 resp=2501
[2026-06-03 05:05:39] [TRAIN] Gen 154/192: prompt=42 resp=2442
[2026-06-03 05:05:39] [TRAIN] Gen 155/192: prompt=42 resp=2286
[2026-06-03 05:05:39] [TRAIN] Gen 160/192: prompt=15 resp=2324
[2026-06-03 05:05:39] [TRAIN] Gen 156/192: prompt=42 resp=2310
[2026-06-03 05:05:39] [TRAIN] Gen 157/192: prompt=15 resp=2552
[2026-06-03 05:05:39] [TRAIN] Gen 159/192: prompt=15 resp=2427
[2026-06-03 05:05:39] [TRAIN] Gen 158/192: prompt=15 resp=2543
[2026-06-03 05:05:41] [TRAIN] Gen 161/192: prompt=9 resp=2212
[2026-06-03 05:05:41] [TRAIN] Gen 162/192: prompt=9 resp=2273
[2026-06-03 05:05:42] [TRAIN] Gen 163/192: prompt=9 resp=2157
[2026-06-03 05:05:43] [TRAIN] Gen 165/192: prompt=46 resp=2389
[2026-06-03 05:05:43] [TRAIN] Gen 164/192: prompt=9 resp=2233
[2026-06-03 05:05:43] [TRAIN] Gen 166/192: prompt=46 resp=2223
[2026-06-03 05:05:43] [TRAIN] Gen 167/192: prompt=46 resp=2292
[2026-06-03 05:05:47] [TRAIN] Gen 168/192: prompt=46 resp=2360
[2026-06-03 05:05:48] [TRAIN] Gen 170/192: prompt=37 resp=2103
[2026-06-03 05:05:48] [TRAIN] Gen 171/192: prompt=37 resp=2153
[2026-06-03 05:05:48] [TRAIN] Gen 169/192: prompt=37 resp=2210
[2026-06-03 05:05:48] [TRAIN] Gen 175/192: prompt=69 resp=2312
[2026-06-03 05:05:48] [TRAIN] Gen 176/192: prompt=69 resp=2314
[2026-06-03 05:05:48] [TRAIN] Gen 173/192: prompt=69 resp=2341
[2026-06-03 05:05:48] [TRAIN] Gen 172/192: prompt=37 resp=2175
[2026-06-03 05:05:48] [TRAIN] Gen 174/192: prompt=69 resp=2290
[2026-06-03 05:05:50] [TRAIN] Gen 177/192: prompt=69 resp=2286
[2026-06-03 05:05:50] [TRAIN] Gen 178/192: prompt=69 resp=2343
[2026-06-03 05:05:51] [TRAIN] Gen 179/192: prompt=69 resp=2096
[2026-06-03 05:05:51] [TRAIN] Gen 181/192: prompt=5 resp=2389
[2026-06-03 05:05:51] [TRAIN] Gen 180/192: prompt=69 resp=2181
[2026-06-03 05:05:52] [TRAIN] Gen 182/192: prompt=5 resp=2425
[2026-06-03 05:05:52] [TRAIN] Gen 183/192: prompt=5 resp=2277
[2026-06-03 05:05:56] [TRAIN] Gen 184/192: prompt=5 resp=2492
[2026-06-03 05:05:56] [TRAIN] Gen 187/192: prompt=9 resp=2069
[2026-06-03 05:05:56] [TRAIN] Gen 186/192: prompt=9 resp=2138
[2026-06-03 05:05:56] [TRAIN] Gen 185/192: prompt=9 resp=2180
[2026-06-03 05:05:56] [TRAIN] Gen 191/192: prompt=10 resp=2101
[2026-06-03 05:05:56] [TRAIN] Gen 192/192: prompt=10 resp=1986
[2026-06-03 05:05:56] [TRAIN] Gen 189/192: prompt=10 resp=2266
[2026-06-03 05:05:56] [TRAIN] Gen 188/192: prompt=9 resp=2108
[2026-06-03 05:05:56] [TRAIN] Gen 190/192: prompt=10 resp=2328
[2026-06-03 05:05:56] [TRAIN] Generation done in 108.3s
[2026-06-03 05:06:06] [TRAIN] Prompt 1/48: rewards=[0.0, 0.0, 0.68, 0.8]
[2026-06-03 05:06:16] [TRAIN] Prompt 2/48: rewards=[0.0, 0.0, 0.96, 0.0]
[2026-06-03 05:06:26] [TRAIN] Prompt 3/48: rewards=[0.0, 0.0, 0.96, 0.88]
[2026-06-03 05:06:36] [TRAIN] Prompt 4/48: rewards=[0.0, 0.0, 0.0, 0.6]
[2026-06-03 05:06:47] [TRAIN] Prompt 5/48: rewards=[0.0, 0.0, 0.0, 0.0]
[2026-06-03 05:06:57] [TRAIN] Prompt 6/48: rewards=[0.0, 0.6, 0.0, 0.0]
[2026-06-03 05:07:08] [TRAIN] Prompt 7/48: rewards=[0.94, 0.0, 0.0, 0.8]
[2026-06-03 05:07:18] [TRAIN] Prompt 8/48: rewards=[0.0, 0.0, 0.8, 0.06]
[2026-06-03 05:07:29] [TRAIN] Prompt 9/48: rewards=[0.0, 0.0, 0.0, 0.0]
[2026-06-03 05:07:39] [TRAIN] Prompt 10/48: rewards=[1.0, 0.0, 0.0, 1.0]
[2026-06-03 05:07:49] [TRAIN] Prompt 11/48: rewards=[0.0, 0.0, 0.0, 0.0]
[2026-06-03 05:08:00] [TRAIN] Prompt 12/48: rewards=[0.86, 0.0, 0.0, 0.0]
[2026-06-03 05:08:11] [TRAIN] Prompt 13/48: rewards=[0.8, 0.0, 0.0, 0.0]
[2026-06-03 05:08:21] [TRAIN] Prompt 14/48: rewards=[0.0, 0.78, 0.0, 0.0]
[2026-06-03 05:08:30] [TRAIN] Prompt 15/48: rewards=[0.0, 0.0, 0.0, 0.0]
[2026-06-03 05:08:41] [TRAIN] Prompt 16/48: rewards=[0.0, 0.0, 0.0, 0.0]
[2026-06-03 05:08:51] [TRAIN] Prompt 17/48: rewards=[0.0, 0.0, 0.0, 0.0]
[2026-06-03 05:09:01] [TRAIN] Prompt 18/48: rewards=[0.8, 0.0, 1.0, 1.0]
[2026-06-03 05:09:11] [TRAIN] Prompt 19/48: rewards=[0.0, 0.0, 0.0, 0.0]
[2026-06-03 05:09:21] [TRAIN] Prompt 20/48: rewards=[0.0, 0.0, 0.0, 0.0]
[2026-06-03 05:09:32] [TRAIN] Prompt 21/48: rewards=[0.0, 0.0, 0.0, 0.66]
[2026-06-03 05:09:41] [TRAIN] Prompt 22/48: rewards=[0.0, 0.0, 0.78, 0.0]
[2026-06-03 05:09:52] [TRAIN] Prompt 23/48: rewards=[0.0, 0.0, 0.0, 0.0]
[2026-06-03 05:10:02] [TRAIN] Prompt 24/48: rewards=[0.0, 0.0, 0.0, 0.6]
[2026-06-03 05:10:12] [TRAIN] Prompt 25/48: rewards=[0.0, 0.0, 0.78, 0.6]
[2026-06-03 05:10:22] [TRAIN] Prompt 26/48: rewards=[0.0, 0.0, 0.8, 1.0]
[2026-06-03 05:10:32] [TRAIN] Prompt 27/48: rewards=[0.0, 0.0, 0.0, 0.0]
[2026-06-03 05:10:42] [TRAIN] Prompt 28/48: rewards=[0.0, 1.0, 0.0, 0.0]
[2026-06-03 05:10:52] [TRAIN] Prompt 29/48: rewards=[0.0, 0.94, 1.0, 0.6]
[2026-06-03 05:11:02] [TRAIN] Prompt 30/48: rewards=[0.0, 0.0, 0.0, 0.0]
[2026-06-03 05:11:12] [TRAIN] Prompt 31/48: rewards=[0.0, 0.0, 0.0, 0.0]
[2026-06-03 05:11:21] [TRAIN] Prompt 32/48: rewards=[0.0, 0.0, 0.0, 0.8]
[2026-06-03 05:11:32] [TRAIN] Prompt 33/48: rewards=[0.0, 0.0, 0.0, 0.0]
[2026-06-03 05:11:41] [TRAIN] Prompt 34/48: rewards=[0.0, 0.0, 0.0, 0.0]
[2026-06-03 05:11:51] [TRAIN] Prompt 35/48: rewards=[0.0, 0.0, 0.2, 0.0]
[2026-06-03 05:12:01] [TRAIN] Prompt 36/48: rewards=[0.96, 0.0, 0.0, 0.94]
[2026-06-03 05:12:11] [TRAIN] Prompt 37/48: rewards=[0.0, 0.0, 0.36, 0.78]
[2026-06-03 05:12:19] [TRAIN] Prompt 38/48: rewards=[1.0, 1.0, 1.0, 0.96]
[2026-06-03 05:12:29] [TRAIN] Prompt 39/48: rewards=[0.0, 0.0, 0.0, 0.0]
[2026-06-03 05:12:38] [TRAIN] Prompt 40/48: rewards=[0.0, 0.76, 0.0, 0.0]
[2026-06-03 05:12:48] [TRAIN] Prompt 41/48: rewards=[0.6, 0.0, 0.0, 0.0]
[2026-06-03 05:12:58] [TRAIN] Prompt 42/48: rewards=[0.74, 0.0, 0.0, 0.0]
[2026-06-03 05:13:08] [TRAIN] Prompt 43/48: rewards=[0.0, 0.0, 0.0, 0.0]
[2026-06-03 05:13:18] [TRAIN] Prompt 44/48: rewards=[0.0, 0.0, 0.0, 0.96]
[2026-06-03 05:13:28] [TRAIN] Prompt 45/48: rewards=[0.0, 0.0, 0.0, 0.0]
[2026-06-03 05:13:38] [TRAIN] Prompt 46/48: rewards=[0.0, 0.0, 0.0, 0.0]
[2026-06-03 05:13:47] [TRAIN] Prompt 47/48: rewards=[0.0, 0.0, 0.0, 0.0]
[2026-06-03 05:13:57] [TRAIN] Prompt 48/48: rewards=[0.0, 0.0, 0.0, 0.48]
[2026-06-03 05:13:57] [TRAIN] Rewards: mean=0.186, 41/192 >0.5 (mode=rubric)
[2026-06-03 05:13:57] [TRAIN] Sleeping replicas via CheckpointEngineManager...
[2026-06-03 05:13:58] [TRAIN] Replicas asleep
[2026-06-03 05:13:58] [TRAIN] Training batch built: {'prompts': torch.Size([192, 317]), 'input_ids': torch.Size([192, 829]), 'attention_mask': torch.Size([192, 829]), 'position_ids': torch.Size([192, 829]), 'responses': torch.Size([192, 512])}
[2026-06-03 05:13:58] [TRAIN] rm_scores computed (last-token placement)
[2026-06-03 05:13:58] [TRAIN] response_mask computed
[2026-06-03 05:14:38] [TRAIN] old_log_probs computed
[2026-06-03 05:14:38] [TRAIN] GRPO advantages computed
[2026-06-03 05:17:30] [TRAIN] Actor update completed — loss=0.0004
[2026-06-03 05:17:32] [TRAIN] Weight sync done in 1.7s (wake handled internally)
[2026-06-03 05:17:32] [TRAIN] train_step completed in 803.5s — reward=0.186 (41/192), loss=0.0004, grad_norm=0.099 | score=0.186, rewards=0.186, adv=-0.000 | rlen=500, plen=33, abort=0.000 | tps=127.5 tok/s/gpu, gen=1.13ms/tok, actor=1.68ms/tok
[2026-06-03 05:17:32] [TRAIN] train_step start: 48 prompts x 4 = 192 total
[2026-06-03 05:17:32] [TRAIN] Generating 192 responses (48 prompts x 4) with 16 concurrent workers
[2026-06-03 05:17:37] [TRAIN] Gen 7/192: prompt=82 resp=1111
[2026-06-03 05:17:39] [TRAIN] Gen 5/192: prompt=82 resp=1376
[2026-06-03 05:17:39] [TRAIN] Gen 6/192: prompt=82 resp=1383
[2026-06-03 05:17:40] [TRAIN] Gen 8/192: prompt=82 resp=1749
[2026-06-03 05:17:41] [TRAIN] Gen 1/192: prompt=327 resp=2295
[2026-06-03 05:17:41] [TRAIN] Gen 2/192: prompt=327 resp=2330
[2026-06-03 05:17:41] [TRAIN] Gen 15/192: prompt=24 resp=2372
[2026-06-03 05:17:41] [TRAIN] Gen 9/192: prompt=217 resp=2416
[2026-06-03 05:17:41] [TRAIN] Gen 3/192: prompt=327 resp=2297
[2026-06-03 05:17:41] [TRAIN] Gen 14/192: prompt=24 resp=2328
[2026-06-03 05:17:41] [TRAIN] Gen 13/192: prompt=24 resp=2543
[2026-06-03 05:17:41] [TRAIN] Gen 16/192: prompt=24 resp=2441
[2026-06-03 05:17:41] [TRAIN] Gen 10/192: prompt=217 resp=2446
[2026-06-03 05:17:41] [TRAIN] Gen 4/192: prompt=327 resp=2269
[2026-06-03 05:17:41] [TRAIN] Gen 11/192: prompt=217 resp=2281
[2026-06-03 05:17:41] [TRAIN] Gen 12/192: prompt=217 resp=2529
[2026-06-03 05:17:46] [TRAIN] Gen 27/192: prompt=7 resp=1251
[2026-06-03 05:17:46] [TRAIN] Gen 17/192: prompt=369 resp=2527
[2026-06-03 05:17:47] [TRAIN] Gen 25/192: prompt=7 resp=1363
[2026-06-03 05:17:47] [TRAIN] Gen 28/192: prompt=7 resp=1396
[2026-06-03 05:17:48] [TRAIN] Gen 18/192: prompt=369 resp=2377
[2026-06-03 05:17:48] [TRAIN] Gen 19/192: prompt=369 resp=2360
[2026-06-03 05:17:50] [TRAIN] Gen 20/192: prompt=369 resp=2423
[2026-06-03 05:17:51] [TRAIN] Gen 21/192: prompt=41 resp=2253
[2026-06-03 05:17:51] [TRAIN] Gen 22/192: prompt=41 resp=2337
[2026-06-03 05:17:51] [TRAIN] Gen 30/192: prompt=219 resp=2372
[2026-06-03 05:17:51] [TRAIN] Gen 29/192: prompt=219 resp=2394
[2026-06-03 05:17:51] [TRAIN] Gen 31/192: prompt=219 resp=2346
[2026-06-03 05:17:51] [TRAIN] Gen 26/192: prompt=7 resp=2371
[2026-06-03 05:17:51] [TRAIN] Gen 24/192: prompt=41 resp=2273
[2026-06-03 05:17:51] [TRAIN] Gen 23/192: prompt=41 resp=2254
[2026-06-03 05:17:51] [TRAIN] Gen 32/192: prompt=219 resp=2363
[2026-06-03 05:17:56] [TRAIN] Gen 33/192: prompt=15 resp=2139
[2026-06-03 05:17:56] [TRAIN] Gen 34/192: prompt=15 resp=2183
[2026-06-03 05:17:56] [TRAIN] Gen 35/192: prompt=15 resp=2192
[2026-06-03 05:17:56] [TRAIN] Gen 36/192: prompt=15 resp=2268
[2026-06-03 05:17:57] [TRAIN] Gen 37/192: prompt=8 resp=2451
[2026-06-03 05:17:57] [TRAIN] Gen 38/192: prompt=8 resp=2437
[2026-06-03 05:17:59] [TRAIN] Gen 39/192: prompt=8 resp=2359
[2026-06-03 05:18:00] [TRAIN] Gen 40/192: prompt=8 resp=2435
[2026-06-03 05:18:00] [TRAIN] Gen 41/192: prompt=31 resp=2008
[2026-06-03 05:18:00] [TRAIN] Gen 45/192: prompt=270 resp=2020
[2026-06-03 05:18:00] [TRAIN] Gen 42/192: prompt=31 resp=1960
[2026-06-03 05:18:00] [TRAIN] Gen 46/192: prompt=270 resp=1994
[2026-06-03 05:18:00] [TRAIN] Gen 43/192: prompt=31 resp=1816
[2026-06-03 05:18:00] [TRAIN] Gen 44/192: prompt=31 resp=1834
[2026-06-03 05:18:00] [TRAIN] Gen 47/192: prompt=270 resp=2337
[2026-06-03 05:18:00] [TRAIN] Gen 48/192: prompt=270 resp=2074
[2026-06-03 05:18:05] [TRAIN] Gen 49/192: prompt=15 resp=2089
[2026-06-03 05:18:05] [TRAIN] Gen 50/192: prompt=15 resp=2355
[2026-06-03 05:18:05] [TRAIN] Gen 51/192: prompt=15 resp=2047
[2026-06-03 05:18:05] [TRAIN] Gen 52/192: prompt=15 resp=2122
[2026-06-03 05:18:06] [TRAIN] Gen 53/192: prompt=16 resp=1957
[2026-06-03 05:18:06] [TRAIN] Gen 54/192: prompt=16 resp=2020
[2026-06-03 05:18:08] [TRAIN] Gen 55/192: prompt=16 resp=2049
[2026-06-03 05:18:08] [TRAIN] Gen 67/192: prompt=135 resp=580
[2026-06-03 05:18:09] [TRAIN] Gen 57/192: prompt=10 resp=2318
[2026-06-03 05:18:09] [TRAIN] Gen 56/192: prompt=16 resp=2046
[2026-06-03 05:18:09] [TRAIN] Gen 61/192: prompt=24 resp=2622
[2026-06-03 05:18:09] [TRAIN] Gen 58/192: prompt=10 resp=2365
[2026-06-03 05:18:09] [TRAIN] Gen 59/192: prompt=10 resp=2399
[2026-06-03 05:18:09] [TRAIN] Gen 60/192: prompt=10 resp=2409
[2026-06-03 05:18:09] [TRAIN] Gen 62/192: prompt=24 resp=2431
[2026-06-03 05:18:09] [TRAIN] Gen 63/192: prompt=24 resp=2506
[2026-06-03 05:18:09] [TRAIN] Gen 64/192: prompt=24 resp=2445
[2026-06-03 05:18:09] [TRAIN] Gen 65/192: prompt=135 resp=910
[2026-06-03 05:18:09] [TRAIN] Gen 68/192: prompt=135 resp=835
[2026-06-03 05:18:10] [TRAIN] Gen 66/192: prompt=135 resp=1053
[2026-06-03 05:18:15] [TRAIN] Gen 69/192: prompt=7 resp=2406
[2026-06-03 05:18:15] [TRAIN] Gen 70/192: prompt=7 resp=2423
[2026-06-03 05:18:17] [TRAIN] Gen 71/192: prompt=7 resp=2507
[2026-06-03 05:18:17] [TRAIN] Gen 72/192: prompt=7 resp=2404
[2026-06-03 05:18:18] [TRAIN] Gen 73/192: prompt=30 resp=2078
[2026-06-03 05:18:18] [TRAIN] Gen 74/192: prompt=30 resp=2162
[2026-06-03 05:18:18] [TRAIN] Gen 76/192: prompt=30 resp=1981
[2026-06-03 05:18:18] [TRAIN] Gen 77/192: prompt=61 resp=2092
[2026-06-03 05:18:18] [TRAIN] Gen 81/192: prompt=10 resp=2252
[2026-06-03 05:18:18] [TRAIN] Gen 75/192: prompt=30 resp=2139
[2026-06-03 05:18:18] [TRAIN] Gen 78/192: prompt=61 resp=2145
[2026-06-03 05:18:18] [TRAIN] Gen 79/192: prompt=61 resp=2076
[2026-06-03 05:18:18] [TRAIN] Gen 80/192: prompt=61 resp=2092
[2026-06-03 05:18:18] [TRAIN] Gen 82/192: prompt=10 resp=2204
[2026-06-03 05:18:18] [TRAIN] Gen 83/192: prompt=10 resp=2209
[2026-06-03 05:18:19] [TRAIN] Gen 84/192: prompt=10 resp=2169
[2026-06-03 05:18:24] [TRAIN] Gen 85/192: prompt=15 resp=2195
[2026-06-03 05:18:24] [TRAIN] Gen 86/192: prompt=15 resp=2235
[2026-06-03 05:18:26] [TRAIN] Gen 87/192: prompt=15 resp=2376
[2026-06-03 05:18:26] [TRAIN] Gen 88/192: prompt=15 resp=2349
[2026-06-03 05:18:26] [TRAIN] Gen 89/192: prompt=21 resp=2237
[2026-06-03 05:18:26] [TRAIN] Gen 90/192: prompt=21 resp=2228
[2026-06-03 05:18:27] [TRAIN] Gen 91/192: prompt=21 resp=2105
[2026-06-03 05:18:27] [TRAIN] Gen 94/192: prompt=66 resp=2229
[2026-06-03 05:18:27] [TRAIN] Gen 93/192: prompt=66 resp=2160
[2026-06-03 05:18:27] [TRAIN] Gen 95/192: prompt=66 resp=2229
[2026-06-03 05:18:27] [TRAIN] Gen 92/192: prompt=21 resp=2224
[2026-06-03 05:18:27] [TRAIN] Gen 96/192: prompt=66 resp=2192
[2026-06-03 05:18:27] [TRAIN] Gen 97/192: prompt=33 resp=1916
[2026-06-03 05:18:27] [TRAIN] Gen 98/192: prompt=33 resp=1903
[2026-06-03 05:18:27] [TRAIN] Gen 99/192: prompt=33 resp=1906
[2026-06-03 05:18:28] [TRAIN] Gen 100/192: prompt=33 resp=1920
[2026-06-03 05:18:33] [TRAIN] Gen 101/192: prompt=20 resp=2266
[2026-06-03 05:18:33] [TRAIN] Gen 102/192: prompt=20 resp=2255
[2026-06-03 05:18:34] [TRAIN] Gen 103/192: prompt=20 resp=2301
[2026-06-03 05:18:35] [TRAIN] Gen 104/192: prompt=20 resp=2249
[2026-06-03 05:18:35] [TRAIN] Gen 105/192: prompt=62 resp=2391
[2026-06-03 05:18:35] [TRAIN] Gen 106/192: prompt=62 resp=2438
[2026-06-03 05:18:35] [TRAIN] Gen 107/192: prompt=62 resp=2395
[2026-06-03 05:18:35] [TRAIN] Gen 109/192: prompt=15 resp=2263
[2026-06-03 05:18:35] [TRAIN] Gen 110/192: prompt=15 resp=2205
[2026-06-03 05:18:35] [TRAIN] Gen 108/192: prompt=62 resp=2420
[2026-06-03 05:18:35] [TRAIN] Gen 111/192: prompt=15 resp=2285
[2026-06-03 05:18:35] [TRAIN] Gen 112/192: prompt=15 resp=2139
[2026-06-03 05:18:35] [TRAIN] Gen 113/192: prompt=188 resp=1873
[2026-06-03 05:18:36] [TRAIN] Gen 114/192: prompt=188 resp=2014
[2026-06-03 05:18:36] [TRAIN] Gen 115/192: prompt=188 resp=1990
[2026-06-03 05:18:37] [TRAIN] Gen 116/192: prompt=188 resp=2021
[2026-06-03 05:18:42] [TRAIN] Gen 117/192: prompt=12 resp=2267
[2026-06-03 05:18:42] [TRAIN] Gen 118/192: prompt=12 resp=2381
[2026-06-03 05:18:43] [TRAIN] Gen 119/192: prompt=12 resp=2308
[2026-06-03 05:18:44] [TRAIN] Gen 120/192: prompt=12 resp=2358
[2026-06-03 05:18:44] [TRAIN] Gen 122/192: prompt=30 resp=2109
[2026-06-03 05:18:44] [TRAIN] Gen 121/192: prompt=30 resp=2276
[2026-06-03 05:18:44] [TRAIN] Gen 123/192: prompt=30 resp=2145
[2026-06-03 05:18:44] [TRAIN] Gen 124/192: prompt=30 resp=2253
[2026-06-03 05:18:44] [TRAIN] Gen 125/192: prompt=19 resp=2225
[2026-06-03 05:18:44] [TRAIN] Gen 126/192: prompt=19 resp=2124
[2026-06-03 05:18:44] [TRAIN] Gen 127/192: prompt=19 resp=2291
[2026-06-03 05:18:44] [TRAIN] Gen 128/192: prompt=19 resp=2127
[2026-06-03 05:18:44] [TRAIN] Gen 129/192: prompt=7 resp=2406
[2026-06-03 05:18:45] [TRAIN] Gen 130/192: prompt=7 resp=2366
[2026-06-03 05:18:45] [TRAIN] Gen 131/192: prompt=7 resp=2395
[2026-06-03 05:18:45] [TRAIN] Gen 132/192: prompt=7 resp=2412
[2026-06-03 05:18:50] [TRAIN] Gen 133/192: prompt=19 resp=2326
[2026-06-03 05:18:51] [TRAIN] Gen 134/192: prompt=19 resp=2447
[2026-06-03 05:18:51] [TRAIN] Gen 147/192: prompt=221 resp=1364
[2026-06-03 05:18:52] [TRAIN] Gen 145/192: prompt=221 resp=1651
[2026-06-03 05:18:52] [TRAIN] Gen 135/192: prompt=19 resp=2403
[2026-06-03 05:18:52] [TRAIN] Gen 138/192: prompt=17 resp=2538
[2026-06-03 05:18:52] [TRAIN] Gen 136/192: prompt=19 resp=2409
[2026-06-03 05:18:53] [TRAIN] Gen 137/192: prompt=17 resp=2721
[2026-06-03 05:18:53] [TRAIN] Gen 139/192: prompt=17 resp=2521
[2026-06-03 05:18:53] [TRAIN] Gen 142/192: prompt=29 resp=2321
[2026-06-03 05:18:53] [TRAIN] Gen 141/192: prompt=29 resp=2382
[2026-06-03 05:18:53] [TRAIN] Gen 140/192: prompt=17 resp=2578
[2026-06-03 05:18:53] [TRAIN] Gen 143/192: prompt=29 resp=2358
[2026-06-03 05:18:53] [TRAIN] Gen 144/192: prompt=29 resp=2409
[2026-06-03 05:18:53] [TRAIN] Gen 148/192: prompt=221 resp=1719
[2026-06-03 05:18:54] [TRAIN] Gen 146/192: prompt=221 resp=1862
[2026-06-03 05:19:00] [TRAIN] Gen 149/192: prompt=35 resp=1885
[2026-06-03 05:19:00] [TRAIN] Gen 150/192: prompt=35 resp=2062
[2026-06-03 05:19:01] [TRAIN] Gen 151/192: prompt=35 resp=1930
[2026-06-03 05:19:01] [TRAIN] Gen 152/192: prompt=35 resp=1834
[2026-06-03 05:19:02] [TRAIN] Gen 153/192: prompt=63 resp=2353
[2026-06-03 05:19:02] [TRAIN] Gen 154/192: prompt=63 resp=2342
[2026-06-03 05:19:02] [TRAIN] Gen 155/192: prompt=63 resp=2286
[2026-06-03 05:19:03] [TRAIN] Gen 156/192: prompt=63 resp=2461
[2026-06-03 05:19:03] [TRAIN] Gen 157/192: prompt=16 resp=2065
[2026-06-03 05:19:03] [TRAIN] Gen 160/192: prompt=16 resp=2313
[2026-06-03 05:19:03] [TRAIN] Gen 158/192: prompt=16 resp=2313
[2026-06-03 05:19:03] [TRAIN] Gen 159/192: prompt=16 resp=2262
[2026-06-03 05:19:03] [TRAIN] Gen 161/192: prompt=11 resp=2259
[2026-06-03 05:19:03] [TRAIN] Gen 162/192: prompt=11 resp=2217
[2026-06-03 05:19:03] [TRAIN] Gen 163/192: prompt=11 resp=2283
[2026-06-03 05:19:04] [TRAIN] Gen 164/192: prompt=11 resp=2295
[2026-06-03 05:19:10] [TRAIN] Gen 165/192: prompt=165 resp=1921
[2026-06-03 05:19:10] [TRAIN] Gen 166/192: prompt=165 resp=1915
[2026-06-03 05:19:11] [TRAIN] Gen 167/192: prompt=165 resp=1543
[2026-06-03 05:19:11] [TRAIN] Gen 168/192: prompt=165 resp=1524
[2026-06-03 05:19:11] [TRAIN] Gen 169/192: prompt=32 resp=2293
[2026-06-03 05:19:12] [TRAIN] Gen 170/192: prompt=32 resp=2233
[2026-06-03 05:19:12] [TRAIN] Gen 171/192: prompt=32 resp=2243
[2026-06-03 05:19:12] [TRAIN] Gen 172/192: prompt=32 resp=2185
[2026-06-03 05:19:12] [TRAIN] Gen 173/192: prompt=34 resp=2400
[2026-06-03 05:19:12] [TRAIN] Gen 175/192: prompt=34 resp=2354
[2026-06-03 05:19:12] [TRAIN] Gen 176/192: prompt=34 resp=2436
[2026-06-03 05:19:12] [TRAIN] Gen 174/192: prompt=34 resp=2372
[2026-06-03 05:19:12] [TRAIN] Gen 178/192: prompt=6 resp=2179
[2026-06-03 05:19:12] [TRAIN] Gen 177/192: prompt=6 resp=2362
[2026-06-03 05:19:13] [TRAIN] Gen 179/192: prompt=6 resp=2335
[2026-06-03 05:19:13] [TRAIN] Gen 180/192: prompt=6 resp=2348
[2026-06-03 05:19:19] [TRAIN] Gen 181/192: prompt=25 resp=2250
[2026-06-03 05:19:19] [TRAIN] Gen 182/192: prompt=25 resp=2277
[2026-06-03 05:19:20] [TRAIN] Gen 183/192: prompt=25 resp=2266
[2026-06-03 05:19:20] [TRAIN] Gen 184/192: prompt=25 resp=2201
[2026-06-03 05:19:21] [TRAIN] Gen 185/192: prompt=18 resp=2429
[2026-06-03 05:19:21] [TRAIN] Gen 186/192: prompt=18 resp=2323
[2026-06-03 05:19:21] [TRAIN] Gen 187/192: prompt=18 resp=2269
[2026-06-03 05:19:21] [TRAIN] Gen 188/192: prompt=18 resp=2341
[2026-06-03 05:19:21] [TRAIN] Gen 189/192: prompt=13 resp=2342
[2026-06-03 05:19:21] [TRAIN] Gen 191/192: prompt=13 resp=2404
[2026-06-03 05:19:21] [TRAIN] Gen 192/192: prompt=13 resp=2368
[2026-06-03 05:19:21] [TRAIN] Gen 190/192: prompt=13 resp=2359
[2026-06-03 05:19:21] [TRAIN] Generation done in 109.9s
[2026-06-03 05:19:32] [TRAIN] Prompt 1/48: rewards=[0.8, 0.0, 0.0, 0.0]
[2026-06-03 05:19:43] [TRAIN] Prompt 2/48: rewards=[1.0, 0.0, 0.0, 1.0]
[2026-06-03 05:19:53] [TRAIN] Prompt 3/48: rewards=[0.0, 0.0, 0.0, 0.8]
[2026-06-03 05:20:04] [TRAIN] Prompt 4/48: rewards=[0.0, 0.0, 0.8, 0.0]
[2026-06-03 05:20:15] [TRAIN] Prompt 5/48: rewards=[0.0, 0.0, 0.0, 0.0]
[2026-06-03 05:20:26] [TRAIN] Prompt 6/48: rewards=[0.0, 0.0, 0.0, 0.0]
[2026-06-03 05:20:34] [TRAIN] Prompt 7/48: rewards=[1.0, 0.94, 1.0, 1.0]
[2026-06-03 05:20:44] [TRAIN] Prompt 8/48: rewards=[0.0, 0.0, 0.0, 0.0]
[2026-06-03 05:20:54] [TRAIN] Prompt 9/48: rewards=[0.0, 0.8, 0.92, 0.0]
[2026-06-03 05:21:04] [TRAIN] Prompt 10/48: rewards=[0.0, 0.0, 0.0, 0.0]
[2026-06-03 05:21:14] [TRAIN] Prompt 11/48: rewards=[0.0, 0.92, 0.0, 0.0]
[2026-06-03 05:21:24] [TRAIN] Prompt 12/48: rewards=[0.8, 0.0, 0.0, 0.0]
[2026-06-03 05:21:34] [TRAIN] Prompt 13/48: rewards=[0.56, 0.48, 0.0, 0.46]
[2026-06-03 05:21:44] [TRAIN] Prompt 14/48: rewards=[0.0, 0.0, 0.0, 0.0]
[2026-06-03 05:21:55] [TRAIN] Prompt 15/48: rewards=[0.0, 0.0, 0.0, 0.0]
[2026-06-03 05:22:06] [TRAIN] Prompt 16/48: rewards=[0.0, 0.0, 0.0, 0.0]
[2026-06-03 05:22:15] [TRAIN] Prompt 17/48: rewards=[1.0, 1.0, 1.0, 1.0]
[2026-06-03 05:22:25] [TRAIN] Prompt 18/48: rewards=[0.0, 0.0, 0.0, 0.0]
[2026-06-03 05:22:36] [TRAIN] Prompt 19/48: rewards=[0.0, 0.0, 0.8, 0.0]
[2026-06-03 05:22:46] [TRAIN] Prompt 20/48: rewards=[0.0, 0.0, 0.0, 0.0]
[2026-06-03 05:22:57] [TRAIN] Prompt 21/48: rewards=[0.0, 0.6, 0.8, 0.0]
[2026-06-03 05:23:08] [TRAIN] Prompt 22/48: rewards=[0.0, 0.0, 0.0, 0.0]
[2026-06-03 05:23:18] [TRAIN] Prompt 23/48: rewards=[0.0, 0.0, 0.0, 0.0]
[2026-06-03 05:23:29] [TRAIN] Prompt 24/48: rewards=[0.0, 0.0, 0.0, 0.0]
[2026-06-03 05:23:39] [TRAIN] Prompt 25/48: rewards=[0.0, 0.0, 0.0, 0.0]
[2026-06-03 05:23:51] [TRAIN] Prompt 26/48: rewards=[0.0, 0.0, 0.0, 0.0]
[2026-06-03 05:24:01] [TRAIN] Prompt 27/48: rewards=[0.8, 0.6, 0.78, 0.0]
[2026-06-03 05:24:12] [TRAIN] Prompt 28/48: rewards=[0.56, 0.58, 0.0, 0.0]
[2026-06-03 05:24:22] [TRAIN] Prompt 29/48: rewards=[0.0, 0.0, 0.0, 0.0]
[2026-06-03 05:24:32] [TRAIN] Prompt 30/48: rewards=[0.0, 0.0, 0.0, 0.7]
[2026-06-03 05:24:42] [TRAIN] Prompt 31/48: rewards=[0.0, 0.0, 0.8, 0.0]
[2026-06-03 05:24:53] [TRAIN] Prompt 32/48: rewards=[0.0, 0.76, 0.0, 0.0]
[2026-06-03 05:25:03] [TRAIN] Prompt 33/48: rewards=[0.0, 0.6, 0.0, 0.0]
[2026-06-03 05:25:14] [TRAIN] Prompt 34/48: rewards=[0.0, 0.0, 0.0, 0.0]
[2026-06-03 05:25:23] [TRAIN] Prompt 35/48: rewards=[0.0, 1.0, 0.0, 0.8]
[2026-06-03 05:25:33] [TRAIN] Prompt 36/48: rewards=[0.0, 0.0, 0.0, 0.0]
[2026-06-03 05:25:44] [TRAIN] Prompt 37/48: rewards=[0.0, 0.0, 1.0, 1.0]
[2026-06-03 05:25:55] [TRAIN] Prompt 38/48: rewards=[0.0, 0.0, 0.0, 0.0]
[2026-06-03 05:26:05] [TRAIN] Prompt 39/48: rewards=[0.0, 0.0, 0.0, 0.0]
[2026-06-03 05:26:16] [TRAIN] Prompt 40/48: rewards=[0.0, 0.0, 0.0, 0.0]
[2026-06-03 05:26:26] [TRAIN] Prompt 41/48: rewards=[0.0, 0.0, 0.0, 0.0]
[2026-06-03 05:26:36] [TRAIN] Prompt 42/48: rewards=[0.0, 0.0, 0.92, 0.0]
[2026-06-03 05:26:46] [TRAIN] Prompt 43/48: rewards=[0.0, 0.0, 0.94, 0.96]
[2026-06-03 05:26:57] [TRAIN] Prompt 44/48: rewards=[0.0, 0.0, 0.0, 0.0]
[2026-06-03 05:27:08] [TRAIN] Prompt 45/48: rewards=[0.0, 0.0, 0.88, 0.0]
[2026-06-03 05:27:18] [TRAIN] Prompt 46/48: rewards=[0.0, 0.0, 0.0, 0.0]
[2026-06-03 05:27:29] [TRAIN] Prompt 47/48: rewards=[0.0, 0.0, 0.0, 0.0]
[2026-06-03 05:27:39] [TRAIN] Prompt 48/48: rewards=[0.0, 0.0, 0.6, 0.0]
[2026-06-03 05:27:39] [TRAIN] Rewards: mean=0.176, 39/192 >0.5 (mode=rubric)
[2026-06-03 05:27:39] [TRAIN] Sleeping replicas via CheckpointEngineManager...
[2026-06-03 05:27:39] [TRAIN] Replicas asleep
[2026-06-03 05:27:39] [TRAIN] Training batch built: {'prompts': torch.Size([192, 369]), 'input_ids': torch.Size([192, 881]), 'attention_mask': torch.Size([192, 881]), 'position_ids': torch.Size([192, 881]), 'responses': torch.Size([192, 512])}
[2026-06-03 05:27:39] [TRAIN] rm_scores computed (last-token placement)
[2026-06-03 05:27:39] [TRAIN] response_mask computed
[2026-06-03 05:28:19] [TRAIN] old_log_probs computed
[2026-06-03 05:28:19] [TRAIN] GRPO advantages computed
[2026-06-03 05:53:38] [TRAIN] train_step start: 48 prompts x 4 = 192 total
[2026-06-03 05:53:38] [TRAIN] Generating 192 responses (48 prompts x 4) with 16 concurrent workers
[2026-06-03 05:53:48] [TRAIN] Gen 6/192: prompt=26 resp=2297
[2026-06-03 05:53:48] [TRAIN] Gen 4/192: prompt=5 resp=2742
[2026-06-03 05:53:48] [TRAIN] Gen 5/192: prompt=26 resp=2189
[2026-06-03 05:53:48] [TRAIN] Gen 14/192: prompt=48 resp=2349
[2026-06-03 05:53:48] [TRAIN] Gen 9/192: prompt=19 resp=2560
[2026-06-03 05:53:48] [TRAIN] Gen 7/192: prompt=26 resp=2119
[2026-06-03 05:53:48] [TRAIN] Gen 15/192: prompt=48 resp=2480
[2026-06-03 05:53:48] [TRAIN] Gen 12/192: prompt=19 resp=2623
[2026-06-03 05:53:48] [TRAIN] Gen 2/192: prompt=5 resp=2825
[2026-06-03 05:53:48] [TRAIN] Gen 13/192: prompt=48 resp=2399
[2026-06-03 05:53:48] [TRAIN] Gen 10/192: prompt=19 resp=2724
[2026-06-03 05:53:48] [TRAIN] Gen 8/192: prompt=26 resp=2207
[2026-06-03 05:53:48] [TRAIN] Gen 11/192: prompt=19 resp=2606
[2026-06-03 05:53:48] [TRAIN] Gen 3/192: prompt=5 resp=2828
[2026-06-03 05:53:48] [TRAIN] Gen 16/192: prompt=48 resp=2447
[2026-06-03 05:53:48] [TRAIN] Gen 1/192: prompt=5 resp=2754
[2026-06-03 05:53:56] [TRAIN] Gen 24/192: prompt=14 resp=2198
[2026-06-03 05:53:57] [TRAIN] Gen 17/192: prompt=22 resp=2276
[2026-06-03 05:53:57] [TRAIN] Gen 21/192: prompt=14 resp=2645
[2026-06-03 05:53:57] [TRAIN] Gen 23/192: prompt=14 resp=2642
[2026-06-03 05:53:57] [TRAIN] Gen 19/192: prompt=22 resp=2333
[2026-06-03 05:53:57] [TRAIN] Gen 18/192: prompt=22 resp=2508
[2026-06-03 05:53:57] [TRAIN] Gen 22/192: prompt=14 resp=2588
[2026-06-03 05:53:57] [TRAIN] Gen 20/192: prompt=22 resp=2348
[2026-06-03 05:53:57] [TRAIN] Gen 25/192: prompt=22 resp=2561
[2026-06-03 05:53:57] [TRAIN] Gen 26/192: prompt=22 resp=2717
[2026-06-03 05:53:57] [TRAIN] Gen 28/192: prompt=22 resp=2804
[2026-06-03 05:53:57] [TRAIN] Gen 30/192: prompt=12 resp=2154
[2026-06-03 05:53:57] [TRAIN] Gen 29/192: prompt=12 resp=2085
[2026-06-03 05:53:57] [TRAIN] Gen 27/192: prompt=22 resp=2630
[2026-06-03 05:53:57] [TRAIN] Gen 31/192: prompt=12 resp=2011
[2026-06-03 05:53:57] [TRAIN] Gen 32/192: prompt=12 resp=1727
[2026-06-03 05:54:04] [TRAIN] Gen 33/192: prompt=80 resp=2584
[2026-06-03 05:54:05] [TRAIN] Gen 34/192: prompt=80 resp=2498
[2026-06-03 05:54:05] [TRAIN] Gen 39/192: prompt=15 resp=2238
[2026-06-03 05:54:05] [TRAIN] Gen 36/192: prompt=80 resp=2574
[2026-06-03 05:54:05] [TRAIN] Gen 40/192: prompt=15 resp=2202
[2026-06-03 05:54:05] [TRAIN] Gen 37/192: prompt=15 resp=2310
[2026-06-03 05:54:05] [TRAIN] Gen 38/192: prompt=15 resp=2072
[2026-06-03 05:54:05] [TRAIN] Gen 35/192: prompt=80 resp=2331
[2026-06-03 05:54:05] [TRAIN] Gen 41/192: prompt=137 resp=2430
[2026-06-03 05:54:06] [TRAIN] Gen 48/192: prompt=67 resp=2010
[2026-06-03 05:54:06] [TRAIN] Gen 42/192: prompt=137 resp=2511
[2026-06-03 05:54:06] [TRAIN] Gen 43/192: prompt=137 resp=2474
[2026-06-03 05:54:06] [TRAIN] Gen 45/192: prompt=67 resp=2120
[2026-06-03 05:54:06] [TRAIN] Gen 44/192: prompt=137 resp=2511
[2026-06-03 05:54:06] [TRAIN] Gen 46/192: prompt=67 resp=2072
[2026-06-03 05:54:06] [TRAIN] Gen 47/192: prompt=67 resp=2021
[2026-06-03 05:54:14] [TRAIN] Gen 49/192: prompt=13 resp=2530
[2026-06-03 05:54:15] [TRAIN] Gen 50/192: prompt=13 resp=2588
[2026-06-03 05:54:15] [TRAIN] Gen 52/192: prompt=13 resp=2547
[2026-06-03 05:54:15] [TRAIN] Gen 51/192: prompt=13 resp=2563
[2026-06-03 05:54:15] [TRAIN] Gen 54/192: prompt=106 resp=2519
[2026-06-03 05:54:15] [TRAIN] Gen 53/192: prompt=106 resp=2328
[2026-06-03 05:54:15] [TRAIN] Gen 56/192: prompt=106 resp=2499
[2026-06-03 05:54:15] [TRAIN] Gen 55/192: prompt=106 resp=2389
[2026-06-03 05:54:15] [TRAIN] Gen 57/192: prompt=40 resp=2501
[2026-06-03 05:54:15] [TRAIN] Gen 59/192: prompt=40 resp=2562
[2026-06-03 05:54:15] [TRAIN] Gen 58/192: prompt=40 resp=2505
[2026-06-03 05:54:15] [TRAIN] Gen 60/192: prompt=40 resp=2555
[2026-06-03 05:54:15] [TRAIN] Gen 61/192: prompt=34 resp=2191
[2026-06-03 05:54:15] [TRAIN] Gen 64/192: prompt=34 resp=2377
[2026-06-03 05:54:15] [TRAIN] Gen 63/192: prompt=34 resp=2200
[2026-06-03 05:54:15] [TRAIN] Gen 62/192: prompt=34 resp=2234
[2026-06-03 05:54:23] [TRAIN] Gen 65/192: prompt=12 resp=2344
[2026-06-03 05:54:24] [TRAIN] Gen 66/192: prompt=12 resp=2308
[2026-06-03 05:54:24] [TRAIN] Gen 70/192: prompt=48 resp=2243
[2026-06-03 05:54:24] [TRAIN] Gen 67/192: prompt=12 resp=2094
[2026-06-03 05:54:24] [TRAIN] Gen 68/192: prompt=12 resp=2208
[2026-06-03 05:54:24] [TRAIN] Gen 69/192: prompt=48 resp=2301
[2026-06-03 05:54:24] [TRAIN] Gen 71/192: prompt=48 resp=2103
[2026-06-03 05:54:24] [TRAIN] Gen 72/192: prompt=48 resp=2064
[2026-06-03 05:54:24] [TRAIN] Gen 73/192: prompt=263 resp=2072
[2026-06-03 05:54:24] [TRAIN] Gen 77/192: prompt=28 resp=2373
[2026-06-03 05:54:24] [TRAIN] Gen 80/192: prompt=28 resp=2372
[2026-06-03 05:54:24] [TRAIN] Gen 74/192: prompt=263 resp=2144
[2026-06-03 05:54:24] [TRAIN] Gen 79/192: prompt=28 resp=2350
[2026-06-03 05:54:24] [TRAIN] Gen 78/192: prompt=28 resp=2356
[2026-06-03 05:54:24] [TRAIN] Gen 75/192: prompt=263 resp=1943
[2026-06-03 05:54:24] [TRAIN] Gen 76/192: prompt=263 resp=1790
[2026-06-03 05:54:32] [TRAIN] Gen 81/192: prompt=16 resp=2449
[2026-06-03 05:54:33] [TRAIN] Gen 85/192: prompt=9 resp=1676
[2026-06-03 05:54:33] [TRAIN] Gen 82/192: prompt=16 resp=2433
[2026-06-03 05:54:33] [TRAIN] Gen 84/192: prompt=16 resp=2328
[2026-06-03 05:54:33] [TRAIN] Gen 86/192: prompt=9 resp=1806
[2026-06-03 05:54:33] [TRAIN] Gen 83/192: prompt=16 resp=2579
[2026-06-03 05:54:33] [TRAIN] Gen 87/192: prompt=9 resp=1714
[2026-06-03 05:54:33] [TRAIN] Gen 88/192: prompt=9 resp=1792
[2026-06-03 05:54:33] [TRAIN] Gen 89/192: prompt=7 resp=2603
[2026-06-03 05:54:33] [TRAIN] Gen 90/192: prompt=7 resp=2575
[2026-06-03 05:54:33] [TRAIN] Gen 92/192: prompt=7 resp=2487
[2026-06-03 05:54:33] [TRAIN] Gen 91/192: prompt=7 resp=2724
[2026-06-03 05:54:33] [TRAIN] Gen 94/192: prompt=21 resp=2255
[2026-06-03 05:54:33] [TRAIN] Gen 95/192: prompt=21 resp=2231
[2026-06-03 05:54:33] [TRAIN] Gen 93/192: prompt=21 resp=2079
[2026-06-03 05:54:33] [TRAIN] Gen 96/192: prompt=21 resp=2218
[2026-06-03 05:54:42] [TRAIN] Gen 97/192: prompt=25 resp=2559
[2026-06-03 05:54:42] [TRAIN] Gen 98/192: prompt=25 resp=2655
[2026-06-03 05:54:43] [TRAIN] Gen 99/192: prompt=25 resp=2578
[2026-06-03 05:54:43] [TRAIN] Gen 101/192: prompt=37 resp=2544
[2026-06-03 05:54:43] [TRAIN] Gen 100/192: prompt=25 resp=2527
[2026-06-03 05:54:43] [TRAIN] Gen 102/192: prompt=37 resp=2398
[2026-06-03 05:54:43] [TRAIN] Gen 103/192: prompt=37 resp=2522
[2026-06-03 05:54:43] [TRAIN] Gen 104/192: prompt=37 resp=2784
[2026-06-03 05:54:43] [TRAIN] Gen 105/192: prompt=25 resp=2638
[2026-06-03 05:54:43] [TRAIN] Gen 106/192: prompt=25 resp=2617
[2026-06-03 05:54:43] [TRAIN] Gen 112/192: prompt=18 resp=2537
[2026-06-03 05:54:43] [TRAIN] Gen 111/192: prompt=18 resp=2558
[2026-06-03 05:54:43] [TRAIN] Gen 110/192: prompt=18 resp=2569
[2026-06-03 05:54:43] [TRAIN] Gen 109/192: prompt=18 resp=2658
[2026-06-03 05:54:43] [TRAIN] Gen 108/192: prompt=25 resp=2539
[2026-06-03 05:54:43] [TRAIN] Gen 107/192: prompt=25 resp=2444
[2026-06-03 05:54:51] [TRAIN] Gen 127/192: prompt=23 resp=1824
[2026-06-03 05:54:51] [TRAIN] Gen 113/192: prompt=11 resp=2285
[2026-06-03 05:54:51] [TRAIN] Gen 125/192: prompt=23 resp=1925
[2026-06-03 05:54:51] [TRAIN] Gen 114/192: prompt=11 resp=2193
[2026-06-03 05:54:52] [TRAIN] Gen 115/192: prompt=11 resp=2179
[2026-06-03 05:54:52] [TRAIN] Gen 117/192: prompt=8 resp=2482
[2026-06-03 05:54:52] [TRAIN] Gen 120/192: prompt=8 resp=2313
[2026-06-03 05:54:52] [TRAIN] Gen 119/192: prompt=8 resp=2311
[2026-06-03 05:54:52] [TRAIN] Gen 116/192: prompt=11 resp=2297
[2026-06-03 05:54:52] [TRAIN] Gen 118/192: prompt=8 resp=2563
[2026-06-03 05:54:52] [TRAIN] Gen 121/192: prompt=12 resp=2622
[2026-06-03 05:54:52] [TRAIN] Gen 122/192: prompt=12 resp=2716
[2026-06-03 05:54:52] [TRAIN] Gen 124/192: prompt=12 resp=2789
[2026-06-03 05:54:52] [TRAIN] Gen 128/192: prompt=23 resp=2275
[2026-06-03 05:54:52] [TRAIN] Gen 123/192: prompt=12 resp=2676
[2026-06-03 05:54:52] [TRAIN] Gen 126/192: prompt=23 resp=2219
[2026-06-03 05:55:00] [TRAIN] Gen 129/192: prompt=23 resp=2023
[2026-06-03 05:55:00] [TRAIN] Gen 131/192: prompt=23 resp=2083
[2026-06-03 05:55:00] [TRAIN] Gen 130/192: prompt=23 resp=2113
[2026-06-03 05:55:00] [TRAIN] Gen 132/192: prompt=23 resp=2155
[2026-06-03 05:55:01] [TRAIN] Gen 133/192: prompt=21 resp=2561
[2026-06-03 05:55:01] [TRAIN] Gen 134/192: prompt=21 resp=2521
[2026-06-03 05:55:01] [TRAIN] Gen 138/192: prompt=15 resp=2551
[2026-06-03 05:55:01] [TRAIN] Gen 136/192: prompt=21 resp=2276
[2026-06-03 05:55:01] [TRAIN] Gen 137/192: prompt=15 resp=2683
[2026-06-03 05:55:01] [TRAIN] Gen 135/192: prompt=21 resp=2558
[2026-06-03 05:55:01] [TRAIN] Gen 139/192: prompt=15 resp=2617
[2026-06-03 05:55:01] [TRAIN] Gen 140/192: prompt=15 resp=2535
[2026-06-03 05:55:01] [TRAIN] Gen 141/192: prompt=29 resp=2200
[2026-06-03 05:55:01] [TRAIN] Gen 144/192: prompt=29 resp=2305
[2026-06-03 05:55:01] [TRAIN] Gen 142/192: prompt=29 resp=2248
[2026-06-03 05:55:01] [TRAIN] Gen 143/192: prompt=29 resp=2266
[2026-06-03 05:55:08] [TRAIN] Gen 145/192: prompt=10 resp=2618
[2026-06-03 05:55:08] [TRAIN] Gen 147/192: prompt=10 resp=2573
[2026-06-03 05:55:08] [TRAIN] Gen 146/192: prompt=10 resp=2559
[2026-06-03 05:55:09] [TRAIN] Gen 148/192: prompt=10 resp=2666
[2026-06-03 05:55:10] [TRAIN] Gen 149/192: prompt=322 resp=2470
[2026-06-03 05:55:10] [TRAIN] Gen 150/192: prompt=322 resp=2471
[2026-06-03 05:55:10] [TRAIN] Gen 153/192: prompt=23 resp=2423
[2026-06-03 05:55:10] [TRAIN] Gen 155/192: prompt=23 resp=2593
[2026-06-03 05:55:10] [TRAIN] Gen 151/192: prompt=322 resp=2551
[2026-06-03 05:55:10] [TRAIN] Gen 154/192: prompt=23 resp=2478
[2026-06-03 05:55:10] [TRAIN] Gen 152/192: prompt=322 resp=2385
[2026-06-03 05:55:10] [TRAIN] Gen 156/192: prompt=23 resp=2369
[2026-06-03 05:55:10] [TRAIN] Gen 158/192: prompt=9 resp=2618
[2026-06-03 05:55:10] [TRAIN] Gen 157/192: prompt=9 resp=2713
[2026-06-03 05:55:10] [TRAIN] Gen 159/192: prompt=9 resp=2622
[2026-06-03 05:55:10] [TRAIN] Gen 160/192: prompt=9 resp=2493
[2026-06-03 05:55:18] [TRAIN] Gen 161/192: prompt=16 resp=2717
[2026-06-03 05:55:18] [TRAIN] Gen 163/192: prompt=16 resp=2653
[2026-06-03 05:55:18] [TRAIN] Gen 162/192: prompt=16 resp=2560
[2026-06-03 05:55:18] [TRAIN] Gen 164/192: prompt=16 resp=2683
[2026-06-03 05:55:19] [TRAIN] Gen 165/192: prompt=15 resp=2757
[2026-06-03 05:55:19] [TRAIN] Gen 166/192: prompt=15 resp=2785
[2026-06-03 05:55:19] [TRAIN] Gen 168/192: prompt=15 resp=2816
[2026-06-03 05:55:19] [TRAIN] Gen 167/192: prompt=15 resp=2771
[2026-06-03 05:55:19] [TRAIN] Gen 170/192: prompt=49 resp=2582
[2026-06-03 05:55:19] [TRAIN] Gen 169/192: prompt=49 resp=2692
[2026-06-03 05:55:19] [TRAIN] Gen 171/192: prompt=49 resp=2759
[2026-06-03 05:55:19] [TRAIN] Gen 172/192: prompt=49 resp=2664
[2026-06-03 05:55:19] [TRAIN] Gen 173/192: prompt=23 resp=2507
[2026-06-03 05:55:19] [TRAIN] Gen 176/192: prompt=23 resp=2544
[2026-06-03 05:55:19] [TRAIN] Gen 175/192: prompt=23 resp=2518
[2026-06-03 05:55:19] [TRAIN] Gen 174/192: prompt=23 resp=2537
[2026-06-03 05:55:26] [TRAIN] Gen 177/192: prompt=13 resp=2656
[2026-06-03 05:55:27] [TRAIN] Gen 178/192: prompt=13 resp=2599
[2026-06-03 05:55:27] [TRAIN] Gen 179/192: prompt=13 resp=2616
[2026-06-03 05:55:27] [TRAIN] Gen 180/192: prompt=13 resp=2743
[2026-06-03 05:55:28] [TRAIN] Gen 181/192: prompt=14 resp=2635
[2026-06-03 05:55:28] [TRAIN] Gen 182/192: prompt=14 resp=2533
[2026-06-03 05:55:28] [TRAIN] Gen 186/192: prompt=8 resp=2407
[2026-06-03 05:55:28] [TRAIN] Gen 183/192: prompt=14 resp=2520
[2026-06-03 05:55:28] [TRAIN] Gen 187/192: prompt=8 resp=2582
[2026-06-03 05:55:28] [TRAIN] Gen 184/192: prompt=14 resp=2580
[2026-06-03 05:55:28] [TRAIN] Gen 185/192: prompt=8 resp=2223
[2026-06-03 05:55:28] [TRAIN] Gen 188/192: prompt=8 resp=2290
[2026-06-03 05:55:28] [TRAIN] Gen 191/192: prompt=26 resp=2494
[2026-06-03 05:55:28] [TRAIN] Gen 192/192: prompt=26 resp=2483
[2026-06-03 05:55:28] [TRAIN] Gen 189/192: prompt=26 resp=2367
[2026-06-03 05:55:28] [TRAIN] Gen 190/192: prompt=26 resp=2489
[2026-06-03 05:55:28] [TRAIN] Generation done in 109.4s
[2026-06-03 05:55:42] [TRAIN] Prompt 1/48: rewards=[0.375, 0.0, 0.35, 0.35]
[2026-06-03 05:55:42] [TRAIN] Prompt 2 classified as: brainstorming
[2026-06-03 05:56:00] [TRAIN] Prompt 2/48: rewards=[0.0, 0.312, 0.0, 0.212]
[2026-06-03 05:56:00] [TRAIN] Prompt 3 classified as: brainstorming
[2026-06-03 05:56:13] [TRAIN] Prompt 3/48: rewards=[0.0, 0.25, 0.2, 0.275]
[2026-06-03 05:56:13] [TRAIN] Prompt 4 classified as: brainstorming
[2026-06-03 05:56:28] [TRAIN] Prompt 4/48: rewards=[0.0, 0.4, 0.0, 0.075]
[2026-06-03 05:56:28] [TRAIN] Prompt 5 classified as: brainstorming
[2026-06-03 05:56:41] [TRAIN] Prompt 5/48: rewards=[0.287, 0.125, 0.4, 0.35]
[2026-06-03 05:56:41] [TRAIN] Prompt 6 classified as: explanation
[2026-06-03 05:56:54] [TRAIN] Prompt 6/48: rewards=[0.45, 0.0, 0.375, 0.637]
[2026-06-03 05:56:54] [TRAIN] Prompt 7 classified as: brainstorming
[2026-06-03 05:57:10] [TRAIN] Prompt 7/48: rewards=[0.163, 0.287, 0.263, 0.0]
[2026-06-03 05:57:21] [TRAIN] Prompt 8/48: rewards=[0.325, 0.237, 0.287, 0.2]
[2026-06-03 05:57:21] [TRAIN] Prompt 9 classified as: coding
[2026-06-03 05:57:29] [TRAIN] Prompt 9/48: rewards=[0.2, 0.225, 0.0, 0.1]
[2026-06-03 05:57:29] [TRAIN] Prompt 10 classified as: creative writing
[2026-06-03 05:57:40] [TRAIN] Prompt 10/48: rewards=[0.125, 0.312, 0.263, 0.212]
[2026-06-03 05:57:40] [TRAIN] Prompt 11 classified as: logical reasoning
[2026-06-03 05:57:49] [TRAIN] Prompt 11/48: rewards=[0.0, 0.0, 0.0, 0.05]
[2026-06-03 05:57:49] [TRAIN] Prompt 12 classified as: brainstorming
[2026-06-03 05:58:03] [TRAIN] Prompt 12/48: rewards=[0.25, 0.0, 0.35, 0.312]
[2026-06-03 05:58:03] [TRAIN] Prompt 13 classified as: explanation
[2026-06-03 05:58:18] [TRAIN] Prompt 13/48: rewards=[0.375, 0.4, 0.4, 0.0]
[2026-06-03 05:58:18] [TRAIN] Prompt 14 classified as: instruction following
[2026-06-03 05:58:34] [TRAIN] Prompt 14/48: rewards=[0.0, 0.35, 0.0, 0.312]
[2026-06-03 05:58:34] [TRAIN] Prompt 15 classified as: coding
[2026-06-03 05:58:43] [TRAIN] Prompt 15/48: rewards=[0.0, 0.0, 0.0, 0.0]
[2026-06-03 05:58:43] [TRAIN] Prompt 16 classified as: explanation
[2026-06-03 05:58:58] [TRAIN] Prompt 16/48: rewards=[0.1, 0.325, 0.613, 0.188]
[2026-06-03 05:58:58] [TRAIN] Prompt 17 classified as: brainstorming
[2026-06-03 05:59:13] [TRAIN] Prompt 17/48: rewards=[0.1, 0.0, 0.075, 0.35]
[2026-06-03 05:59:13] [TRAIN] Prompt 18 classified as: brainstorming
[2026-06-03 05:59:27] [TRAIN] Prompt 18/48: rewards=[0.3, 0.175, 0.175, 0.0]
[2026-06-03 05:59:27] [TRAIN] Prompt 19 classified as: coding
[2026-06-03 05:59:34] [TRAIN] Prompt 19/48: rewards=[0.15, 0.0, 0.0, 0.0]
[2026-06-03 05:59:34] [TRAIN] Prompt 20 classified as: brainstorming
[2026-06-03 05:59:47] [TRAIN] Prompt 20/48: rewards=[0.45, 0.362, 0.263, 0.425]
[2026-06-03 05:59:47] [TRAIN] Prompt 21 classified as: brainstorming
[2026-06-03 06:00:02] [TRAIN] Prompt 21/48: rewards=[0.0, 0.25, 0.0, 0.263]
[2026-06-03 06:00:02] [TRAIN] Prompt 22 classified as: brainstorming
[2026-06-03 06:00:17] [TRAIN] Prompt 22/48: rewards=[0.625, 0.312, 0.0, 0.0]
[2026-06-03 06:00:30] [TRAIN] Prompt 23/48: rewards=[0.3, 0.225, 0.325, 0.0]
[2026-06-03 06:00:30] [TRAIN] Prompt 24 classified as: brainstorming
[2026-06-03 06:00:45] [TRAIN] Prompt 24/48: rewards=[0.0, 0.0, 0.362, 0.375]
[2026-06-03 06:00:45] [TRAIN] Prompt 25 classified as: brainstorming
[2026-06-03 06:00:59] [TRAIN] Prompt 25/48: rewards=[0.375, 0.0, 0.275, 0.0]
[2026-06-03 06:00:59] [TRAIN] Prompt 26 classified as: instruction following
[2026-06-03 06:01:15] [TRAIN] Prompt 26/48: rewards=[0.35, 0.2, 0.425, 0.0]
[2026-06-03 06:01:15] [TRAIN] Prompt 27 classified as: explanation
[2026-06-03 06:01:30] [TRAIN] Prompt 27/48: rewards=[0.0, 0.225, 0.0, 0.175]
[2026-06-03 06:01:30] [TRAIN] Prompt 28 classified as: brainstorming
[2026-06-03 06:01:45] [TRAIN] Prompt 28/48: rewards=[0.0, 0.0, 0.25, 0.3]
[2026-06-03 06:01:57] [TRAIN] Prompt 29/48: rewards=[0.263, 0.338, 0.45, 0.125]
[2026-06-03 06:01:57] [TRAIN] Prompt 30 classified as: creative writing
[2026-06-03 06:02:11] [TRAIN] Prompt 30/48: rewards=[0.35, 0.0, 0.287, 0.35]
[2026-06-03 06:02:11] [TRAIN] Prompt 31 classified as: explanation
[2026-06-03 06:02:24] [TRAIN] Prompt 31/48: rewards=[0.3, 0.0, 0.175, 0.0]
[2026-06-03 06:02:24] [TRAIN] Prompt 32 classified as: coding
[2026-06-03 06:02:32] [TRAIN] Prompt 32/48: rewards=[0.0, 0.0, 0.0, 0.0]
[2026-06-03 06:02:47] [TRAIN] Prompt 33/48: rewards=[0.0, 0.338, 0.3, 0.0]
[2026-06-03 06:03:00] [TRAIN] Prompt 34/48: rewards=[0.3, 0.0, 0.3, 0.0]
[2026-06-03 06:03:00] [TRAIN] Prompt 35 classified as: brainstorming
[2026-06-03 06:03:14] [TRAIN] Prompt 35/48: rewards=[0.412, 0.0, 0.0, 0.362]
[2026-06-03 06:03:24] [TRAIN] Prompt 36/48: rewards=[0.188, 0.212, 0.237, 0.388]
[2026-06-03 06:03:24] [TRAIN] Prompt 37 classified as: explanation
[2026-06-03 06:03:38] [TRAIN] Prompt 37/48: rewards=[0.0, 0.0, 0.212, 0.25]
[2026-06-03 06:03:38] [TRAIN] Prompt 38 classified as: coding
[2026-06-03 06:03:47] [TRAIN] Prompt 38/48: rewards=[0.0, 0.2, 0.0, 0.2]
[2026-06-03 06:03:47] [TRAIN] Prompt 39 classified as: brainstorming
[2026-06-03 06:04:01] [TRAIN] Prompt 39/48: rewards=[0.0, 0.175, 0.0, 0.237]
[2026-06-03 06:04:01] [TRAIN] Prompt 40 classified as: explanation
[2026-06-03 06:04:15] [TRAIN] Prompt 40/48: rewards=[0.0, 0.175, 0.0, 0.0]
[2026-06-03 06:04:30] [TRAIN] Prompt 41/48: rewards=[0.312, 0.338, 0.287, 0.0]
[2026-06-03 06:04:30] [TRAIN] Prompt 42 classified as: explanation
[2026-06-03 06:04:41] [TRAIN] Prompt 42/48: rewards=[0.438, 0.487, 0.45, 0.388]
[2026-06-03 06:04:41] [TRAIN] Prompt 43 classified as: debating
[2026-06-03 06:04:54] [TRAIN] Prompt 43/48: rewards=[0.25, 0.212, 0.0, 0.362]
[2026-06-03 06:04:54] [TRAIN] Prompt 44 classified as: brainstorming
[2026-06-03 06:05:05] [TRAIN] Prompt 44/48: rewards=[0.237, 0.263, 0.263, 0.375]
[2026-06-03 06:05:18] [TRAIN] Prompt 45/48: rewards=[0.312, 0.0, 0.075, 0.275]
[2026-06-03 06:05:18] [TRAIN] Prompt 46 classified as: brainstorming
[2026-06-03 06:05:31] [TRAIN] Prompt 46/48: rewards=[0.0, 0.0, 0.225, 0.2]
[2026-06-03 06:05:44] [TRAIN] Prompt 47/48: rewards=[0.15, 0.225, 0.1, 0.075]
[2026-06-03 06:05:44] [TRAIN] Prompt 48 classified as: creative writing
[2026-06-03 06:05:57] [TRAIN] Prompt 48/48: rewards=[0.4, 0.25, 0.0, 0.375]
[2026-06-03 06:05:57] [TRAIN] Rewards: mean=0.185, 3/192 >0.5 (mode=rubric)
[2026-06-03 06:05:57] [TRAIN] Sleeping replicas via CheckpointEngineManager...
[2026-06-03 06:05:58] [TRAIN] Replicas asleep
[2026-06-03 06:05:58] [TRAIN] Training batch built: {'prompts': torch.Size([192, 322]), 'input_ids': torch.Size([192, 835]), 'attention_mask': torch.Size([192, 835]), 'position_ids': torch.Size([192, 835]), 'responses': torch.Size([192, 513])}
[2026-06-03 06:05:58] [TRAIN] rm_scores computed (last-token placement)
[2026-06-03 06:05:58] [TRAIN] response_mask computed
[2026-06-03 06:06:38] [TRAIN] old_log_probs computed
[2026-06-03 06:06:38] [TRAIN] GRPO advantages computed
[2026-06-03 06:09:27] [TRAIN] Actor update completed — loss=0.0013
[2026-06-03 06:09:30] [TRAIN] Weight sync done in 2.8s (wake handled internally)
[2026-06-03 06:09:30] [TRAIN] train_step completed in 951.6s — reward=0.185 (3/192), loss=0.0013, grad_norm=0.127 | score=0.185, rewards=0.185, adv=-0.001 | rlen=511, plen=38, abort=0.000 | tps=110.8 tok/s/gpu, gen=1.12ms/tok, actor=1.61ms/tok
[2026-06-03 06:09:30] [TRAIN] train_step start: 48 prompts x 4 = 192 total
[2026-06-03 06:09:30] [TRAIN] Generating 192 responses (48 prompts x 4) with 16 concurrent workers
[2026-06-03 06:09:39] [TRAIN] Gen 2/192: prompt=64 resp=1524
[2026-06-03 06:09:39] [TRAIN] Gen 4/192: prompt=64 resp=1626
[2026-06-03 06:09:39] [TRAIN] Gen 15/192: prompt=26 resp=2557
[2026-06-03 06:09:39] [TRAIN] Gen 9/192: prompt=43 resp=2657
[2026-06-03 06:09:39] [TRAIN] Gen 5/192: prompt=30 resp=2015
[2026-06-03 06:09:39] [TRAIN] Gen 13/192: prompt=26 resp=2426
[2026-06-03 06:09:39] [TRAIN] Gen 6/192: prompt=30 resp=2077
[2026-06-03 06:09:39] [TRAIN] Gen 14/192: prompt=26 resp=2502
[2026-06-03 06:09:39] [TRAIN] Gen 8/192: prompt=30 resp=1962
[2026-06-03 06:09:39] [TRAIN] Gen 16/192: prompt=26 resp=2650
[2026-06-03 06:09:39] [TRAIN] Gen 3/192: prompt=64 resp=1490
[2026-06-03 06:09:39] [TRAIN] Gen 11/192: prompt=43 resp=2628
[2026-06-03 06:09:39] [TRAIN] Gen 12/192: prompt=43 resp=2549
[2026-06-03 06:09:39] [TRAIN] Gen 10/192: prompt=43 resp=2722
[2026-06-03 06:09:39] [TRAIN] Gen 1/192: prompt=64 resp=1892
[2026-06-03 06:09:39] [TRAIN] Gen 7/192: prompt=30 resp=2105
[2026-06-03 06:09:48] [TRAIN] Gen 17/192: prompt=20 resp=2397
[2026-06-03 06:09:48] [TRAIN] Gen 18/192: prompt=20 resp=2338
[2026-06-03 06:09:48] [TRAIN] Gen 24/192: prompt=11 resp=2227
[2026-06-03 06:09:48] [TRAIN] Gen 27/192: prompt=82 resp=2703
[2026-06-03 06:09:48] [TRAIN] Gen 21/192: prompt=11 resp=2476
[2026-06-03 06:09:48] [TRAIN] Gen 20/192: prompt=20 resp=2261
[2026-06-03 06:09:48] [TRAIN] Gen 22/192: prompt=11 resp=2408
[2026-06-03 06:09:48] [TRAIN] Gen 30/192: prompt=18 resp=2779
[2026-06-03 06:09:48] [TRAIN] Gen 23/192: prompt=11 resp=2239
[2026-06-03 06:09:48] [TRAIN] Gen 29/192: prompt=18 resp=2644
[2026-06-03 06:09:48] [TRAIN] Gen 31/192: prompt=18 resp=2644
[2026-06-03 06:09:48] [TRAIN] Gen 32/192: prompt=18 resp=2604
[2026-06-03 06:09:48] [TRAIN] Gen 28/192: prompt=82 resp=2779
[2026-06-03 06:09:48] [TRAIN] Gen 25/192: prompt=82 resp=2710
[2026-06-03 06:09:48] [TRAIN] Gen 26/192: prompt=82 resp=2799
[2026-06-03 06:09:48] [TRAIN] Gen 19/192: prompt=20 resp=2350
[2026-06-03 06:09:53] [TRAIN] Gen 40/192: prompt=60 resp=891
[2026-06-03 06:09:53] [TRAIN] Gen 39/192: prompt=60 resp=1063
[2026-06-03 06:09:54] [TRAIN] Gen 37/192: prompt=60 resp=1107
[2026-06-03 06:09:55] [TRAIN] Gen 38/192: prompt=60 resp=1417
[2026-06-03 06:09:58] [TRAIN] Gen 33/192: prompt=8 resp=2416
[2026-06-03 06:09:58] [TRAIN] Gen 34/192: prompt=8 resp=2304
[2026-06-03 06:09:58] [TRAIN] Gen 36/192: prompt=8 resp=2234
[2026-06-03 06:09:58] [TRAIN] Gen 35/192: prompt=8 resp=2412
[2026-06-03 06:09:58] [TRAIN] Gen 45/192: prompt=21 resp=2328
[2026-06-03 06:09:58] [TRAIN] Gen 43/192: prompt=14 resp=2513
[2026-06-03 06:09:58] [TRAIN] Gen 46/192: prompt=21 resp=2374
[2026-06-03 06:09:58] [TRAIN] Gen 47/192: prompt=21 resp=2509
[2026-06-03 06:09:58] [TRAIN] Gen 48/192: prompt=21 resp=2447
[2026-06-03 06:09:58] [TRAIN] Gen 41/192: prompt=14 resp=2520
[2026-06-03 06:09:58] [TRAIN] Gen 44/192: prompt=14 resp=2577
[2026-06-03 06:09:58] [TRAIN] Gen 42/192: prompt=14 resp=2419
[2026-06-03 06:10:02] [TRAIN] Gen 49/192: prompt=59 resp=1942
[2026-06-03 06:10:02] [TRAIN] Gen 50/192: prompt=59 resp=2053
[2026-06-03 06:10:03] [TRAIN] Gen 51/192: prompt=59 resp=1916
[2026-06-03 06:10:04] [TRAIN] Gen 52/192: prompt=59 resp=2066
[2026-06-03 06:10:07] [TRAIN] Gen 53/192: prompt=21 resp=2124
[2026-06-03 06:10:07] [TRAIN] Gen 54/192: prompt=21 resp=2143
[2026-06-03 06:10:07] [TRAIN] Gen 56/192: prompt=21 resp=2065
[2026-06-03 06:10:07] [TRAIN] Gen 55/192: prompt=21 resp=2202
[2026-06-03 06:10:07] [TRAIN] Gen 58/192: prompt=13 resp=2499
[2026-06-03 06:10:07] [TRAIN] Gen 62/192: prompt=68 resp=2207
[2026-06-03 06:10:07] [TRAIN] Gen 63/192: prompt=68 resp=2286
[2026-06-03 06:10:07] [TRAIN] Gen 60/192: prompt=13 resp=2265
[2026-06-03 06:10:07] [TRAIN] Gen 64/192: prompt=68 resp=2318
[2026-06-03 06:10:07] [TRAIN] Gen 57/192: prompt=13 resp=2382
[2026-06-03 06:10:07] [TRAIN] Gen 59/192: prompt=13 resp=2415
[2026-06-03 06:10:07] [TRAIN] Gen 61/192: prompt=68 resp=2321
[2026-06-03 06:10:11] [TRAIN] Gen 65/192: prompt=12 resp=2679
[2026-06-03 06:10:11] [TRAIN] Gen 69/192: prompt=36 resp=1280
[2026-06-03 06:10:11] [TRAIN] Gen 66/192: prompt=12 resp=2723
[2026-06-03 06:10:11] [TRAIN] Gen 70/192: prompt=36 resp=1308
[2026-06-03 06:10:11] [TRAIN] Gen 67/192: prompt=12 resp=2735
[2026-06-03 06:10:12] [TRAIN] Gen 71/192: prompt=36 resp=1430
[2026-06-03 06:10:13] [TRAIN] Gen 68/192: prompt=12 resp=2677
[2026-06-03 06:10:15] [TRAIN] Gen 72/192: prompt=36 resp=2482
[2026-06-03 06:10:15] [TRAIN] Gen 79/192: prompt=28 resp=2166
[2026-06-03 06:10:15] [TRAIN] Gen 80/192: prompt=28 resp=2106
[2026-06-03 06:10:15] [TRAIN] Gen 74/192: prompt=17 resp=2055
[2026-06-03 06:10:15] [TRAIN] Gen 76/192: prompt=17 resp=2270
[2026-06-03 06:10:15] [TRAIN] Gen 78/192: prompt=28 resp=1936
[2026-06-03 06:10:15] [TRAIN] Gen 77/192: prompt=28 resp=2147
[2026-06-03 06:10:15] [TRAIN] Gen 75/192: prompt=17 resp=2021
[2026-06-03 06:10:15] [TRAIN] Gen 73/192: prompt=17 resp=2056
[2026-06-03 06:10:19] [TRAIN] Gen 81/192: prompt=34 resp=2601
[2026-06-03 06:10:20] [TRAIN] Gen 82/192: prompt=34 resp=2397
[2026-06-03 06:10:20] [TRAIN] Gen 83/192: prompt=34 resp=2589
[2026-06-03 06:10:20] [TRAIN] Gen 84/192: prompt=34 resp=2438
[2026-06-03 06:10:20] [TRAIN] Gen 85/192: prompt=8 resp=2565
[2026-06-03 06:10:20] [TRAIN] Gen 86/192: prompt=8 resp=2470
[2026-06-03 06:10:22] [TRAIN] Gen 87/192: prompt=8 resp=2508
[2026-06-03 06:10:24] [TRAIN] Gen 88/192: prompt=8 resp=2526
[2026-06-03 06:10:24] [TRAIN] Gen 96/192: prompt=317 resp=2557
[2026-06-03 06:10:24] [TRAIN] Gen 92/192: prompt=14 resp=2502
[2026-06-03 06:10:24] [TRAIN] Gen 93/192: prompt=317 resp=2548
[2026-06-03 06:10:24] [TRAIN] Gen 89/192: prompt=14 resp=2512
[2026-06-03 06:10:24] [TRAIN] Gen 95/192: prompt=317 resp=2465
[2026-06-03 06:10:24] [TRAIN] Gen 90/192: prompt=14 resp=2481
[2026-06-03 06:10:24] [TRAIN] Gen 94/192: prompt=317 resp=2601
[2026-06-03 06:10:24] [TRAIN] Gen 91/192: prompt=14 resp=2553
[2026-06-03 06:10:28] [TRAIN] Gen 97/192: prompt=21 resp=2652
[2026-06-03 06:10:28] [TRAIN] Gen 98/192: prompt=21 resp=2739
[2026-06-03 06:10:28] [TRAIN] Gen 99/192: prompt=21 resp=2671
[2026-06-03 06:10:29] [TRAIN] Gen 100/192: prompt=21 resp=2709
[2026-06-03 06:10:29] [TRAIN] Gen 101/192: prompt=70 resp=2702
[2026-06-03 06:10:29] [TRAIN] Gen 102/192: prompt=70 resp=2820
[2026-06-03 06:10:30] [TRAIN] Gen 103/192: prompt=70 resp=2699
[2026-06-03 06:10:32] [TRAIN] Gen 104/192: prompt=70 resp=2717
[2026-06-03 06:10:33] [TRAIN] Gen 110/192: prompt=6 resp=2781
[2026-06-03 06:10:33] [TRAIN] Gen 105/192: prompt=11 resp=2610
[2026-06-03 06:10:33] [TRAIN] Gen 112/192: prompt=6 resp=2812
[2026-06-03 06:10:33] [TRAIN] Gen 106/192: prompt=11 resp=2608
[2026-06-03 06:10:33] [TRAIN] Gen 108/192: prompt=11 resp=2661
[2026-06-03 06:10:33] [TRAIN] Gen 111/192: prompt=6 resp=2922
[2026-06-03 06:10:33] [TRAIN] Gen 107/192: prompt=11 resp=2751
[2026-06-03 06:10:33] [TRAIN] Gen 109/192: prompt=6 resp=2937
[2026-06-03 06:10:37] [TRAIN] Gen 113/192: prompt=19 resp=2316
[2026-06-03 06:10:37] [TRAIN] Gen 114/192: prompt=19 resp=2393
[2026-06-03 06:10:38] [TRAIN] Gen 115/192: prompt=19 resp=2254
[2026-06-03 06:10:38] [TRAIN] Gen 116/192: prompt=19 resp=2247
[2026-06-03 06:10:38] [TRAIN] Gen 117/192: prompt=13 resp=2492
[2026-06-03 06:10:38] [TRAIN] Gen 118/192: prompt=13 resp=2520
[2026-06-03 06:10:39] [TRAIN] Gen 119/192: prompt=13 resp=2528
[2026-06-03 06:10:41] [TRAIN] Gen 120/192: prompt=13 resp=2486
[2026-06-03 06:10:42] [TRAIN] Gen 121/192: prompt=5 resp=2605
[2026-06-03 06:10:42] [TRAIN] Gen 124/192: prompt=5 resp=2654
[2026-06-03 06:10:42] [TRAIN] Gen 123/192: prompt=5 resp=2585
[2026-06-03 06:10:42] [TRAIN] Gen 128/192: prompt=23 resp=2758
[2026-06-03 06:10:42] [TRAIN] Gen 126/192: prompt=23 resp=2685
[2026-06-03 06:10:42] [TRAIN] Gen 127/192: prompt=23 resp=2630
[2026-06-03 06:10:42] [TRAIN] Gen 125/192: prompt=23 resp=2706
[2026-06-03 06:10:42] [TRAIN] Gen 122/192: prompt=5 resp=2650
[2026-06-03 06:10:46] [TRAIN] Gen 129/192: prompt=9 resp=2541
[2026-06-03 06:10:46] [TRAIN] Gen 130/192: prompt=9 resp=2481
[2026-06-03 06:10:46] [TRAIN] Gen 131/192: prompt=9 resp=2654
[2026-06-03 06:10:46] [TRAIN] Gen 132/192: prompt=9 resp=2742
[2026-06-03 06:10:47] [TRAIN] Gen 133/192: prompt=8 resp=2205
[2026-06-03 06:10:47] [TRAIN] Gen 134/192: prompt=8 resp=2224
[2026-06-03 06:10:48] [TRAIN] Gen 135/192: prompt=8 resp=2312
[2026-06-03 06:10:50] [TRAIN] Gen 136/192: prompt=8 resp=2345
[2026-06-03 06:10:50] [TRAIN] Gen 141/192: prompt=30 resp=2226
[2026-06-03 06:10:50] [TRAIN] Gen 140/192: prompt=19 resp=2047
[2026-06-03 06:10:50] [TRAIN] Gen 139/192: prompt=19 resp=2045
[2026-06-03 06:10:50] [TRAIN] Gen 138/192: prompt=19 resp=2238
[2026-06-03 06:10:50] [TRAIN] Gen 137/192: prompt=19 resp=2153
[2026-06-03 06:10:50] [TRAIN] Gen 143/192: prompt=30 resp=2177
[2026-06-03 06:10:50] [TRAIN] Gen 142/192: prompt=30 resp=2114
[2026-06-03 06:10:50] [TRAIN] Gen 144/192: prompt=30 resp=2183
[2026-06-03 06:10:54] [TRAIN] Gen 150/192: prompt=13 resp=1910
[2026-06-03 06:10:54] [TRAIN] Gen 145/192: prompt=3 resp=2786
[2026-06-03 06:10:55] [TRAIN] Gen 146/192: prompt=3 resp=2799
[2026-06-03 06:10:55] [TRAIN] Gen 147/192: prompt=3 resp=2715
[2026-06-03 06:10:55] [TRAIN] Gen 148/192: prompt=3 resp=2784
[2026-06-03 06:10:55] [TRAIN] Gen 149/192: prompt=13 resp=2461
[2026-06-03 06:10:55] [TRAIN] Gen 152/192: prompt=13 resp=1518
[2026-06-03 06:10:57] [TRAIN] Gen 151/192: prompt=13 resp=2452
[2026-06-03 06:10:59] [TRAIN] Gen 159/192: prompt=15 resp=2350
[2026-06-03 06:10:59] [TRAIN] Gen 160/192: prompt=15 resp=2428
[2026-06-03 06:10:59] [TRAIN] Gen 153/192: prompt=42 resp=2492
[2026-06-03 06:10:59] [TRAIN] Gen 155/192: prompt=42 resp=2407
[2026-06-03 06:10:59] [TRAIN] Gen 156/192: prompt=42 resp=2607
[2026-06-03 06:10:59] [TRAIN] Gen 154/192: prompt=42 resp=2412
[2026-06-03 06:10:59] [TRAIN] Gen 158/192: prompt=15 resp=2193
[2026-06-03 06:10:59] [TRAIN] Gen 157/192: prompt=15 resp=2390
[2026-06-03 06:11:02] [TRAIN] Gen 161/192: prompt=9 resp=2129
[2026-06-03 06:11:03] [TRAIN] Gen 162/192: prompt=9 resp=2207
[2026-06-03 06:11:03] [TRAIN] Gen 163/192: prompt=9 resp=2173
[2026-06-03 06:11:04] [TRAIN] Gen 164/192: prompt=9 resp=2147
[2026-06-03 06:11:04] [TRAIN] Gen 165/192: prompt=46 resp=2314
[2026-06-03 06:11:04] [TRAIN] Gen 166/192: prompt=46 resp=2296
[2026-06-03 06:11:04] [TRAIN] Gen 167/192: prompt=46 resp=2312
[2026-06-03 06:11:05] [TRAIN] Gen 168/192: prompt=46 resp=2353
[2026-06-03 06:11:08] [TRAIN] Gen 172/192: prompt=37 resp=2164
[2026-06-03 06:11:08] [TRAIN] Gen 173/192: prompt=69 resp=2304
[2026-06-03 06:11:08] [TRAIN] Gen 176/192: prompt=69 resp=2381
[2026-06-03 06:11:08] [TRAIN] Gen 170/192: prompt=37 resp=2153
[2026-06-03 06:11:08] [TRAIN] Gen 174/192: prompt=69 resp=2285
[2026-06-03 06:11:08] [TRAIN] Gen 175/192: prompt=69 resp=2377
[2026-06-03 06:11:08] [TRAIN] Gen 171/192: prompt=37 resp=2217
[2026-06-03 06:11:08] [TRAIN] Gen 169/192: prompt=37 resp=2214
[2026-06-03 06:11:11] [TRAIN] Gen 177/192: prompt=69 resp=2133
[2026-06-03 06:11:12] [TRAIN] Gen 178/192: prompt=69 resp=2383
[2026-06-03 06:11:12] [TRAIN] Gen 179/192: prompt=69 resp=2274
[2026-06-03 06:11:12] [TRAIN] Gen 180/192: prompt=69 resp=2360
[2026-06-03 06:11:13] [TRAIN] Gen 181/192: prompt=5 resp=2380
[2026-06-03 06:11:13] [TRAIN] Gen 182/192: prompt=5 resp=2443
[2026-06-03 06:11:13] [TRAIN] Gen 183/192: prompt=5 resp=2393
[2026-06-03 06:11:14] [TRAIN] Gen 184/192: prompt=5 resp=2367
[2026-06-03 06:11:16] [TRAIN] Gen 192/192: prompt=10 resp=2328
[2026-06-03 06:11:16] [TRAIN] Gen 185/192: prompt=9 resp=2068
[2026-06-03 06:11:16] [TRAIN] Gen 189/192: prompt=10 resp=2270
[2026-06-03 06:11:16] [TRAIN] Gen 191/192: prompt=10 resp=2044
[2026-06-03 06:11:16] [TRAIN] Gen 188/192: prompt=9 resp=2238
[2026-06-03 06:11:16] [TRAIN] Gen 190/192: prompt=10 resp=2286
[2026-06-03 06:11:16] [TRAIN] Gen 186/192: prompt=9 resp=2135
[2026-06-03 06:11:16] [TRAIN] Gen 187/192: prompt=9 resp=2241
[2026-06-03 06:11:16] [TRAIN] Generation done in 106.6s
[2026-06-03 06:11:16] [TRAIN] Prompt 1 classified as: brainstorming
[2026-06-03 06:11:28] [TRAIN] Prompt 1/48: rewards=[0.338, 0.0, 0.163, 0.0]
[2026-06-03 06:11:28] [TRAIN] Prompt 2 classified as: brainstorming
[2026-06-03 06:11:41] [TRAIN] Prompt 2/48: rewards=[0.0, 0.338, 0.0, 0.037]
[2026-06-03 06:11:41] [TRAIN] Prompt 3 classified as: creative writing
[2026-06-03 06:11:52] [TRAIN] Prompt 3/48: rewards=[0.0, 0.0, 0.287, 0.312]
[2026-06-03 06:11:52] [TRAIN] Prompt 4 classified as: brainstorming
[2026-06-03 06:12:06] [TRAIN] Prompt 4/48: rewards=[0.0, 0.0, 0.263, 0.0]
[2026-06-03 06:12:06] [TRAIN] Prompt 5 classified as: brainstorming
[2026-06-03 06:12:19] [TRAIN] Prompt 5/48: rewards=[0.15, 0.0, 0.175, 0.325]
[2026-06-03 06:12:19] [TRAIN] Prompt 6 classified as: brainstorming
[2026-06-03 06:12:32] [TRAIN] Prompt 6/48: rewards=[0.2, 0.0, 0.1, 0.0]
[2026-06-03 06:12:32] [TRAIN] Prompt 7 classified as: brainstorming
[2026-06-03 06:12:45] [TRAIN] Prompt 7/48: rewards=[0.237, 0.0, 0.463, 0.0]
[2026-06-03 06:12:53] [TRAIN] Prompt 8/48: rewards=[0.312, 0.362, 0.375, 0.212]
[2026-06-03 06:12:53] [TRAIN] Prompt 9 classified as: explanation
[2026-06-03 06:13:04] [TRAIN] Prompt 9/48: rewards=[0.35, 0.388, 0.263, 0.388]
[2026-06-03 06:13:13] [TRAIN] Prompt 10/48: rewards=[0.5, 0.5, 0.5, 0.5]
[2026-06-03 06:13:13] [TRAIN] Prompt 11 classified as: brainstorming
[2026-06-03 06:13:25] [TRAIN] Prompt 11/48: rewards=[0.175, 0.237, 0.312, 0.0]
[2026-06-03 06:13:25] [TRAIN] Prompt 12 classified as: explanation
[2026-06-03 06:13:37] [TRAIN] Prompt 12/48: rewards=[0.325, 0.425, 0.463, 0.325]
[2026-06-03 06:13:37] [TRAIN] Prompt 13 classified as: brainstorming
[2026-06-03 06:13:48] [TRAIN] Prompt 13/48: rewards=[0.312, 0.0, 0.113, 0.212]
[2026-06-03 06:13:48] [TRAIN] Prompt 14 classified as: brainstorming
[2026-06-03 06:14:01] [TRAIN] Prompt 14/48: rewards=[0.0, 0.2, 0.0, 0.138]
[2026-06-03 06:14:01] [TRAIN] Prompt 15 classified as: brainstorming
[2026-06-03 06:14:13] [TRAIN] Prompt 15/48: rewards=[0.0, 0.0, 0.225, 0.0]
[2026-06-03 06:14:26] [TRAIN] Prompt 16/48: rewards=[0.225, 0.0, 0.4, 0.263]
[2026-06-03 06:14:26] [TRAIN] Prompt 17 classified as: brainstorming
[2026-06-03 06:14:37] [TRAIN] Prompt 17/48: rewards=[0.225, 0.175, 0.388, 0.0]
[2026-06-03 06:14:37] [TRAIN] Prompt 18 classified as: coding
[2026-06-03 06:14:42] [TRAIN] Prompt 18/48: rewards=[0.0, 0.0, 0.2, 0.2]
[2026-06-03 06:14:42] [TRAIN] Prompt 19 classified as: brainstorming
[2026-06-03 06:14:56] [TRAIN] Prompt 19/48: rewards=[0.0, 0.325, 0.113, 0.125]
[2026-06-03 06:14:56] [TRAIN] Prompt 20 classified as: brainstorming
[2026-06-03 06:15:09] [TRAIN] Prompt 20/48: rewards=[0.0, 0.138, 0.062, 0.0]
[2026-06-03 06:15:09] [TRAIN] Prompt 21 classified as: coding
[2026-06-03 06:15:15] [TRAIN] Prompt 21/48: rewards=[0.2, 0.2, 0.0, 0.0]
[2026-06-03 06:15:15] [TRAIN] Prompt 22 classified as: explanation
[2026-06-03 06:15:27] [TRAIN] Prompt 22/48: rewards=[0.25, 0.0, 0.0, 0.338]
[2026-06-03 06:15:27] [TRAIN] Prompt 23 classified as: debugging
[2026-06-03 06:15:33] [TRAIN] Prompt 23/48: rewards=[0.0, 0.0, 0.15, 0.0]
[2026-06-03 06:15:33] [TRAIN] Prompt 24 classified as: instruction following
[2026-06-03 06:15:44] [TRAIN] Prompt 24/48: rewards=[0.275, 0.275, 0.0, 0.175]
[2026-06-03 06:15:44] [TRAIN] Prompt 25 classified as: logical reasoning
[2026-06-03 06:15:51] [TRAIN] Prompt 25/48: rewards=[0.0, 0.0, 0.0, 0.0]
[2026-06-03 06:15:51] [TRAIN] Prompt 26 classified as: brainstorming
[2026-06-03 06:16:03] [TRAIN] Prompt 26/48: rewards=[0.312, 0.0, 0.325, 0.35]
[2026-06-03 06:16:03] [TRAIN] Prompt 27 classified as: brainstorming
[2026-06-03 06:16:16] [TRAIN] Prompt 27/48: rewards=[0.062, 0.4, 0.0, 0.0]
[2026-06-03 06:16:26] [TRAIN] Prompt 28/48: rewards=[0.25, 0.2, 0.463, 0.35]
[2026-06-03 06:16:39] [TRAIN] Prompt 29/48: rewards=[0.0, 0.325, 0.087, 0.0]
[2026-06-03 06:16:51] [TRAIN] Prompt 30/48: rewards=[0.338, 0.0, 0.312, 0.362]
[2026-06-03 06:16:51] [TRAIN] Prompt 31 classified as: brainstorming
[2026-06-03 06:17:01] [TRAIN] Prompt 31/48: rewards=[0.475, 0.375, 0.325, 0.225]
[2026-06-03 06:17:01] [TRAIN] Prompt 32 classified as: brainstorming
[2026-06-03 06:17:14] [TRAIN] Prompt 32/48: rewards=[0.225, 0.425, 0.0, 0.0]
[2026-06-03 06:17:26] [TRAIN] Prompt 33/48: rewards=[0.0, 0.15, 0.412, 0.0]
[2026-06-03 06:17:39] [TRAIN] Prompt 34/48: rewards=[0.212, 0.45, 0.0, 0.2]
[2026-06-03 06:17:50] [TRAIN] Prompt 35/48: rewards=[0.0, 0.263, 0.0, 0.312]
[2026-06-03 06:17:50] [TRAIN] Prompt 36 classified as: brainstorming
[2026-06-03 06:18:00] [TRAIN] Prompt 36/48: rewards=[0.175, 0.163, 0.0, 0.275]
[2026-06-03 06:18:00] [TRAIN] Prompt 37 classified as: instruction following
[2026-06-03 06:18:12] [TRAIN] Prompt 37/48: rewards=[0.275, 0.0, 0.125, 0.0]
[2026-06-03 06:18:24] [TRAIN] Prompt 38/48: rewards=[0.487, 0.6, 0.0, 0.0]
[2026-06-03 06:18:37] [TRAIN] Prompt 39/48: rewards=[0.212, 0.225, 0.0, 0.312]
[2026-06-03 06:18:37] [TRAIN] Prompt 40 classified as: coding
[2026-06-03 06:18:44] [TRAIN] Prompt 40/48: rewards=[0.0, 0.0, 0.0, 0.0]
[2026-06-03 06:18:44] [TRAIN] Prompt 41 classified as: coding
[2026-06-03 06:18:51] [TRAIN] Prompt 41/48: rewards=[0.0, 0.0, 0.2, 0.0]
[2026-06-03 06:18:51] [TRAIN] Prompt 42 classified as: coding
[2026-06-03 06:18:57] [TRAIN] Prompt 42/48: rewards=[0.1, 0.2, 0.0, 0.0]
[2026-06-03 06:18:57] [TRAIN] Prompt 43 classified as: explanation
[2026-06-03 06:19:08] [TRAIN] Prompt 43/48: rewards=[0.312, 0.0, 0.287, 0.3]
[2026-06-03 06:19:08] [TRAIN] Prompt 44 classified as: coding
[2026-06-03 06:19:15] [TRAIN] Prompt 44/48: rewards=[0.0, 0.0, 0.0, 0.0]
[2026-06-03 06:19:15] [TRAIN] Prompt 45 classified as: creative writing
[2026-06-03 06:19:26] [TRAIN] Prompt 45/48: rewards=[0.425, 0.3, 0.388, 0.0]
[2026-06-03 06:19:26] [TRAIN] Prompt 46 classified as: coding
[2026-06-03 06:19:33] [TRAIN] Prompt 46/48: rewards=[0.0, 0.175, 0.15, 0.0]
[2026-06-03 06:21:22] [TRAIN] train_step start: 48 prompts x 4 = 192 total
[2026-06-03 06:21:22] [TRAIN] Generating 192 responses (48 prompts x 4) with 16 concurrent workers
[2026-06-03 06:21:32] [TRAIN] Gen 9/192: prompt=19 resp=2580
[2026-06-03 06:21:32] [TRAIN] Gen 1/192: prompt=5 resp=2775
[2026-06-03 06:21:32] [TRAIN] Gen 6/192: prompt=26 resp=1972
[2026-06-03 06:21:32] [TRAIN] Gen 3/192: prompt=5 resp=2696
[2026-06-03 06:21:32] [TRAIN] Gen 14/192: prompt=48 resp=2458
[2026-06-03 06:21:32] [TRAIN] Gen 11/192: prompt=19 resp=2669
[2026-06-03 06:21:32] [TRAIN] Gen 12/192: prompt=19 resp=2645
[2026-06-03 06:21:32] [TRAIN] Gen 16/192: prompt=48 resp=2440
[2026-06-03 06:21:32] [TRAIN] Gen 10/192: prompt=19 resp=2654
[2026-06-03 06:21:32] [TRAIN] Gen 15/192: prompt=48 resp=2412
[2026-06-03 06:21:32] [TRAIN] Gen 8/192: prompt=26 resp=2276
[2026-06-03 06:21:32] [TRAIN] Gen 2/192: prompt=5 resp=2799
[2026-06-03 06:21:32] [TRAIN] Gen 7/192: prompt=26 resp=2082
[2026-06-03 06:21:32] [TRAIN] Gen 5/192: prompt=26 resp=2196
[2026-06-03 06:21:32] [TRAIN] Gen 4/192: prompt=5 resp=2808
[2026-06-03 06:21:32] [TRAIN] Gen 13/192: prompt=48 resp=2512
[2026-06-03 06:21:38] [TRAIN] Gen 23/192: prompt=14 resp=1725
[2026-06-03 06:21:39] [TRAIN] Gen 21/192: prompt=14 resp=1653
[2026-06-03 06:21:41] [TRAIN] Gen 17/192: prompt=22 resp=2325
[2026-06-03 06:21:41] [TRAIN] Gen 19/192: prompt=22 resp=2340
[2026-06-03 06:21:41] [TRAIN] Gen 18/192: prompt=22 resp=2447
[2026-06-03 06:21:41] [TRAIN] Gen 20/192: prompt=22 resp=2258
[2026-06-03 06:21:41] [TRAIN] Gen 32/192: prompt=12 resp=1866
[2026-06-03 06:21:41] [TRAIN] Gen 26/192: prompt=22 resp=2620
[2026-06-03 06:21:41] [TRAIN] Gen 29/192: prompt=12 resp=2159
[2026-06-03 06:21:41] [TRAIN] Gen 28/192: prompt=22 resp=2633
[2026-06-03 06:21:41] [TRAIN] Gen 30/192: prompt=12 resp=2098
[2026-06-03 06:21:41] [TRAIN] Gen 24/192: prompt=14 resp=2736
[2026-06-03 06:21:41] [TRAIN] Gen 31/192: prompt=12 resp=2082
[2026-06-03 06:21:41] [TRAIN] Gen 22/192: prompt=14 resp=2644
[2026-06-03 06:21:41] [TRAIN] Gen 27/192: prompt=22 resp=2676
[2026-06-03 06:21:41] [TRAIN] Gen 25/192: prompt=22 resp=2696
[2026-06-03 06:21:47] [TRAIN] Gen 33/192: prompt=80 resp=2479
[2026-06-03 06:21:48] [TRAIN] Gen 34/192: prompt=80 resp=2608
[2026-06-03 06:21:50] [TRAIN] Gen 35/192: prompt=80 resp=2559
[2026-06-03 06:21:50] [TRAIN] Gen 36/192: prompt=80 resp=2550
[2026-06-03 06:21:50] [TRAIN] Gen 37/192: prompt=15 resp=2129
[2026-06-03 06:21:50] [TRAIN] Gen 47/192: prompt=67 resp=1896
[2026-06-03 06:21:50] [TRAIN] Gen 41/192: prompt=137 resp=2434
[2026-06-03 06:21:50] [TRAIN] Gen 46/192: prompt=67 resp=1889
[2026-06-03 06:21:50] [TRAIN] Gen 40/192: prompt=15 resp=2198
[2026-06-03 06:21:50] [TRAIN] Gen 42/192: prompt=137 resp=2502
[2026-06-03 06:21:50] [TRAIN] Gen 48/192: prompt=67 resp=2100
[2026-06-03 06:21:50] [TRAIN] Gen 39/192: prompt=15 resp=2364
[2026-06-03 06:21:50] [TRAIN] Gen 38/192: prompt=15 resp=2055
[2026-06-03 06:21:50] [TRAIN] Gen 43/192: prompt=137 resp=2558
[2026-06-03 06:21:50] [TRAIN] Gen 45/192: prompt=67 resp=2049
[2026-06-03 06:21:50] [TRAIN] Gen 44/192: prompt=137 resp=2432
[2026-06-03 06:21:57] [TRAIN] Gen 49/192: prompt=13 resp=2533
[2026-06-03 06:21:57] [TRAIN] Gen 50/192: prompt=13 resp=2697
[2026-06-03 06:21:59] [TRAIN] Gen 51/192: prompt=13 resp=2629
[2026-06-03 06:21:59] [TRAIN] Gen 52/192: prompt=13 resp=2679
[2026-06-03 06:21:59] [TRAIN] Gen 53/192: prompt=106 resp=2586
[2026-06-03 06:22:00] [TRAIN] Gen 59/192: prompt=40 resp=2616
[2026-06-03 06:22:00] [TRAIN] Gen 57/192: prompt=40 resp=2535
[2026-06-03 06:22:00] [TRAIN] Gen 54/192: prompt=106 resp=2547
[2026-06-03 06:22:00] [TRAIN] Gen 58/192: prompt=40 resp=2533
[2026-06-03 06:22:00] [TRAIN] Gen 64/192: prompt=34 resp=2416
[2026-06-03 06:22:00] [TRAIN] Gen 55/192: prompt=106 resp=2407
[2026-06-03 06:22:00] [TRAIN] Gen 56/192: prompt=106 resp=2529
[2026-06-03 06:22:00] [TRAIN] Gen 60/192: prompt=40 resp=2516
[2026-06-03 06:22:00] [TRAIN] Gen 62/192: prompt=34 resp=2028
[2026-06-03 06:22:00] [TRAIN] Gen 61/192: prompt=34 resp=2000
[2026-06-03 06:22:00] [TRAIN] Gen 63/192: prompt=34 resp=2429
[2026-06-03 06:22:06] [TRAIN] Gen 65/192: prompt=12 resp=2266
[2026-06-03 06:22:06] [TRAIN] Gen 66/192: prompt=12 resp=2247
[2026-06-03 06:22:08] [TRAIN] Gen 67/192: prompt=12 resp=2348
[2026-06-03 06:22:08] [TRAIN] Gen 69/192: prompt=48 resp=2146
[2026-06-03 06:22:08] [TRAIN] Gen 68/192: prompt=12 resp=1957
[2026-06-03 06:22:08] [TRAIN] Gen 76/192: prompt=263 resp=1931
[2026-06-03 06:22:08] [TRAIN] Gen 80/192: prompt=28 resp=2368
[2026-06-03 06:22:08] [TRAIN] Gen 70/192: prompt=48 resp=2214
[2026-06-03 06:22:08] [TRAIN] Gen 74/192: prompt=263 resp=1703
[2026-06-03 06:22:08] [TRAIN] Gen 77/192: prompt=28 resp=2369
[2026-06-03 06:22:08] [TRAIN] Gen 72/192: prompt=48 resp=2158
[2026-06-03 06:22:08] [TRAIN] Gen 71/192: prompt=48 resp=2119
[2026-06-03 06:22:08] [TRAIN] Gen 75/192: prompt=263 resp=2487
[2026-06-03 06:22:08] [TRAIN] Gen 73/192: prompt=263 resp=1575
[2026-06-03 06:22:08] [TRAIN] Gen 79/192: prompt=28 resp=2437
[2026-06-03 06:22:08] [TRAIN] Gen 78/192: prompt=28 resp=2365
[2026-06-03 06:22:14] [TRAIN] Gen 81/192: prompt=16 resp=2478
[2026-06-03 06:22:15] [TRAIN] Gen 88/192: prompt=9 resp=1286
[2026-06-03 06:22:15] [TRAIN] Gen 82/192: prompt=16 resp=2426
[2026-06-03 06:22:15] [TRAIN] Gen 86/192: prompt=9 resp=1448
[2026-06-03 06:22:17] [TRAIN] Gen 83/192: prompt=16 resp=2463
[2026-06-03 06:22:17] [TRAIN] Gen 85/192: prompt=9 resp=1775
[2026-06-03 06:22:17] [TRAIN] Gen 84/192: prompt=16 resp=2589
[2026-06-03 06:22:17] [TRAIN] Gen 92/192: prompt=7 resp=2666
[2026-06-03 06:22:17] [TRAIN] Gen 94/192: prompt=21 resp=2188
[2026-06-03 06:22:17] [TRAIN] Gen 90/192: prompt=7 resp=2592
[2026-06-03 06:22:17] [TRAIN] Gen 95/192: prompt=21 resp=2345
[2026-06-03 06:22:17] [TRAIN] Gen 93/192: prompt=21 resp=2315
[2026-06-03 06:22:17] [TRAIN] Gen 91/192: prompt=7 resp=2508
[2026-06-03 06:22:17] [TRAIN] Gen 87/192: prompt=9 resp=1756
[2026-06-03 06:22:17] [TRAIN] Gen 89/192: prompt=7 resp=2544
[2026-06-03 06:22:17] [TRAIN] Gen 96/192: prompt=21 resp=2206
[2026-06-03 06:22:23] [TRAIN] Gen 97/192: prompt=25 resp=2571
[2026-06-03 06:22:24] [TRAIN] Gen 98/192: prompt=25 resp=2609
[2026-06-03 06:22:24] [TRAIN] Gen 99/192: prompt=25 resp=2547
[2026-06-03 06:22:24] [TRAIN] Gen 100/192: prompt=25 resp=2568
[2026-06-03 06:22:26] [TRAIN] Gen 101/192: prompt=37 resp=2495
[2026-06-03 06:22:26] [TRAIN] Gen 103/192: prompt=37 resp=2445
[2026-06-03 06:22:26] [TRAIN] Gen 102/192: prompt=37 resp=2527
[2026-06-03 06:22:26] [TRAIN] Gen 108/192: prompt=25 resp=2537
[2026-06-03 06:22:26] [TRAIN] Gen 109/192: prompt=18 resp=2634
[2026-06-03 06:22:26] [TRAIN] Gen 106/192: prompt=25 resp=2628
[2026-06-03 06:22:26] [TRAIN] Gen 104/192: prompt=37 resp=2592
[2026-06-03 06:22:26] [TRAIN] Gen 110/192: prompt=18 resp=2567
[2026-06-03 06:22:26] [TRAIN] Gen 105/192: prompt=25 resp=2571
[2026-06-03 06:22:26] [TRAIN] Gen 111/192: prompt=18 resp=2609
[2026-06-03 06:22:26] [TRAIN] Gen 107/192: prompt=25 resp=2462
[2026-06-03 06:22:26] [TRAIN] Gen 112/192: prompt=18 resp=2691
[2026-06-03 06:22:32] [TRAIN] Gen 126/192: prompt=23 resp=1405
[2026-06-03 06:22:32] [TRAIN] Gen 113/192: prompt=11 resp=2298
[2026-06-03 06:22:32] [TRAIN] Gen 114/192: prompt=11 resp=2192
[2026-06-03 06:22:33] [TRAIN] Gen 115/192: prompt=11 resp=2304
[2026-06-03 06:22:33] [TRAIN] Gen 116/192: prompt=11 resp=2176
[2026-06-03 06:22:35] [TRAIN] Gen 127/192: prompt=23 resp=2141
[2026-06-03 06:22:35] [TRAIN] Gen 117/192: prompt=8 resp=2545
[2026-06-03 06:22:35] [TRAIN] Gen 119/192: prompt=8 resp=2312
[2026-06-03 06:22:35] [TRAIN] Gen 118/192: prompt=8 resp=2433
[2026-06-03 06:22:35] [TRAIN] Gen 121/192: prompt=12 resp=2545
[2026-06-03 06:22:35] [TRAIN] Gen 125/192: prompt=23 resp=2138
[2026-06-03 06:22:35] [TRAIN] Gen 122/192: prompt=12 resp=2527
[2026-06-03 06:22:35] [TRAIN] Gen 124/192: prompt=12 resp=2669
[2026-06-03 06:22:35] [TRAIN] Gen 120/192: prompt=8 resp=2392
[2026-06-03 06:22:35] [TRAIN] Gen 123/192: prompt=12 resp=2604
[2026-06-03 06:22:35] [TRAIN] Gen 128/192: prompt=23 resp=2295
[2026-06-03 06:22:41] [TRAIN] Gen 129/192: prompt=23 resp=2074
[2026-06-03 06:22:41] [TRAIN] Gen 130/192: prompt=23 resp=1969
[2026-06-03 06:22:41] [TRAIN] Gen 131/192: prompt=23 resp=1948
[2026-06-03 06:22:41] [TRAIN] Gen 132/192: prompt=23 resp=2023
[2026-06-03 06:22:42] [TRAIN] Gen 133/192: prompt=21 resp=2699
[2026-06-03 06:22:44] [TRAIN] Gen 134/192: prompt=21 resp=2659
[2026-06-03 06:22:44] [TRAIN] Gen 135/192: prompt=21 resp=2532
[2026-06-03 06:22:44] [TRAIN] Gen 137/192: prompt=15 resp=2636
[2026-06-03 06:22:44] [TRAIN] Gen 136/192: prompt=21 resp=2386
[2026-06-03 06:22:44] [TRAIN] Gen 142/192: prompt=29 resp=2287
[2026-06-03 06:22:44] [TRAIN] Gen 139/192: prompt=15 resp=2531
[2026-06-03 06:22:44] [TRAIN] Gen 143/192: prompt=29 resp=2212
[2026-06-03 06:22:44] [TRAIN] Gen 140/192: prompt=15 resp=2614
[2026-06-03 06:22:44] [TRAIN] Gen 138/192: prompt=15 resp=2665
[2026-06-03 06:22:44] [TRAIN] Gen 141/192: prompt=29 resp=2238
[2026-06-03 06:22:44] [TRAIN] Gen 144/192: prompt=29 resp=2276
[2026-06-03 06:22:50] [TRAIN] Gen 145/192: prompt=10 resp=2791
[2026-06-03 06:22:51] [TRAIN] Gen 146/192: prompt=10 resp=2591
[2026-06-03 06:22:51] [TRAIN] Gen 147/192: prompt=10 resp=2678
[2026-06-03 06:22:51] [TRAIN] Gen 148/192: prompt=10 resp=2717
[2026-06-03 06:22:52] [TRAIN] Gen 149/192: prompt=322 resp=2366
[2026-06-03 06:22:53] [TRAIN] Gen 150/192: prompt=322 resp=2432
[2026-06-03 06:22:53] [TRAIN] Gen 151/192: prompt=322 resp=2502
[2026-06-03 06:22:53] [TRAIN] Gen 153/192: prompt=23 resp=2331
[2026-06-03 06:22:53] [TRAIN] Gen 152/192: prompt=322 resp=2491
[2026-06-03 06:22:54] [TRAIN] Gen 156/192: prompt=23 resp=2477
[2026-06-03 06:22:54] [TRAIN] Gen 159/192: prompt=9 resp=2570
[2026-06-03 06:22:54] [TRAIN] Gen 154/192: prompt=23 resp=2570
[2026-06-03 06:22:54] [TRAIN] Gen 158/192: prompt=9 resp=2602
[2026-06-03 06:22:54] [TRAIN] Gen 155/192: prompt=23 resp=2494
[2026-06-03 06:22:54] [TRAIN] Gen 157/192: prompt=9 resp=2586
[2026-06-03 06:22:54] [TRAIN] Gen 160/192: prompt=9 resp=2652
[2026-06-03 06:23:00] [TRAIN] Gen 161/192: prompt=16 resp=2546
[2026-06-03 06:23:00] [TRAIN] Gen 162/192: prompt=16 resp=2608
[2026-06-03 06:23:01] [TRAIN] Gen 163/192: prompt=16 resp=2665
[2026-06-03 06:23:01] [TRAIN] Gen 164/192: prompt=16 resp=2631
[2026-06-03 06:23:01] [TRAIN] Gen 165/192: prompt=15 resp=2766
[2026-06-03 06:23:03] [TRAIN] Gen 166/192: prompt=15 resp=2790
[2026-06-03 06:23:03] [TRAIN] Gen 167/192: prompt=15 resp=2793
[2026-06-03 06:23:03] [TRAIN] Gen 168/192: prompt=15 resp=2717
[2026-06-03 06:23:03] [TRAIN] Gen 169/192: prompt=49 resp=2634
[2026-06-03 06:23:03] [TRAIN] Gen 173/192: prompt=23 resp=2509
[2026-06-03 06:23:03] [TRAIN] Gen 174/192: prompt=23 resp=2526
[2026-06-03 06:23:03] [TRAIN] Gen 175/192: prompt=23 resp=2284
[2026-06-03 06:23:03] [TRAIN] Gen 172/192: prompt=49 resp=2669
[2026-06-03 06:23:03] [TRAIN] Gen 170/192: prompt=49 resp=2658
[2026-06-03 06:23:03] [TRAIN] Gen 171/192: prompt=49 resp=2635
[2026-06-03 06:23:03] [TRAIN] Gen 176/192: prompt=23 resp=2493
[2026-06-03 06:23:10] [TRAIN] Gen 177/192: prompt=13 resp=2728
[2026-06-03 06:23:10] [TRAIN] Gen 178/192: prompt=13 resp=2622
[2026-06-03 06:23:10] [TRAIN] Gen 179/192: prompt=13 resp=2557
[2026-06-03 06:23:10] [TRAIN] Gen 180/192: prompt=13 resp=2600
[2026-06-03 06:23:11] [TRAIN] Gen 181/192: prompt=14 resp=2528
[2026-06-03 06:23:13] [TRAIN] Gen 182/192: prompt=14 resp=2573
[2026-06-03 06:23:13] [TRAIN] Gen 183/192: prompt=14 resp=2376
[2026-06-03 06:23:13] [TRAIN] Gen 185/192: prompt=8 resp=2392
[2026-06-03 06:23:13] [TRAIN] Gen 184/192: prompt=14 resp=2504
[2026-06-03 06:23:13] [TRAIN] Gen 191/192: prompt=26 resp=2391
[2026-06-03 06:23:13] [TRAIN] Gen 190/192: prompt=26 resp=2481
[2026-06-03 06:23:13] [TRAIN] Gen 187/192: prompt=8 resp=2295
[2026-06-03 06:23:13] [TRAIN] Gen 186/192: prompt=8 resp=2398
[2026-06-03 06:23:13] [TRAIN] Gen 188/192: prompt=8 resp=2272
[2026-06-03 06:23:13] [TRAIN] Gen 189/192: prompt=26 resp=2424
[2026-06-03 06:23:13] [TRAIN] Gen 192/192: prompt=26 resp=2539
[2026-06-03 06:23:13] [TRAIN] Generation done in 110.8s
[2026-06-03 06:23:27] [TRAIN] Prompt 1/48: rewards=[0.487, 0.138, 0.0, 0.0]
[2026-06-03 06:23:27] [TRAIN] Prompt 2 category: brainstorming
[2026-06-03 06:23:39] [TRAIN] Prompt 2/48: rewards=[0.388, 0.0, 0.438, 0.287]
[2026-06-03 06:23:39] [TRAIN] Prompt 3 category: brainstorming
[2026-06-03 06:23:52] [TRAIN] Prompt 3/48: rewards=[0.35, 0.0, 0.0, 0.263]
[2026-06-03 06:23:52] [TRAIN] Prompt 4 category: brainstorming
[2026-06-03 06:24:06] [TRAIN] Prompt 4/48: rewards=[0.412, 0.362, 0.0, 0.263]
[2026-06-03 06:24:06] [TRAIN] Prompt 5 category: brainstorming
[2026-06-03 06:24:18] [TRAIN] Prompt 5/48: rewards=[0.0, 0.338, 0.2, 0.325]
[2026-06-03 06:24:18] [TRAIN] Prompt 6 category: explanation
[2026-06-03 06:24:30] [TRAIN] Prompt 6/48: rewards=[0.55, 0.0, 0.613, 0.0]
[2026-06-03 06:24:30] [TRAIN] Prompt 7 category: brainstorming
[2026-06-03 06:24:40] [TRAIN] Prompt 7/48: rewards=[0.375, 0.362, 0.438, 0.237]
[2026-06-03 06:24:51] [TRAIN] Prompt 8/48: rewards=[0.113, 0.0, 0.225, 0.1]
[2026-06-03 06:24:51] [TRAIN] Prompt 9 category: coding
[2026-06-03 06:24:58] [TRAIN] Prompt 9/48: rewards=[0.225, 0.1, 0.0, 0.0]
[2026-06-03 06:24:58] [TRAIN] Prompt 10 category: creative writing
[2026-06-03 06:25:11] [TRAIN] Prompt 10/48: rewards=[0.312, 0.237, 0.0, 0.35]
[2026-06-03 06:25:11] [TRAIN] Prompt 11 category: logical reasoning
[2026-06-03 06:25:18] [TRAIN] Prompt 11/48: rewards=[0.5, 0.0, 0.0, 0.2]
[2026-06-03 06:25:18] [TRAIN] Prompt 12 category: brainstorming
[2026-06-03 06:25:30] [TRAIN] Prompt 12/48: rewards=[0.275, 0.0, 0.35, 0.225]
[2026-06-03 06:25:30] [TRAIN] Prompt 13 category: explanation
[2026-06-03 06:25:43] [TRAIN] Prompt 13/48: rewards=[0.388, 0.0, 0.0, 0.225]
[2026-06-03 06:25:43] [TRAIN] Prompt 14 category: instruction following
[2026-06-03 06:25:53] [TRAIN] Prompt 14/48: rewards=[0.087, 0.4, 0.375, 0.0]
[2026-06-03 06:25:53] [TRAIN] Prompt 15 category: coding
[2026-06-03 06:26:00] [TRAIN] Prompt 15/48: rewards=[0.0, 0.0, 0.0, 0.0]
[2026-06-03 06:26:00] [TRAIN] Prompt 16 category: explanation
[2026-06-03 06:26:11] [TRAIN] Prompt 16/48: rewards=[0.163, 0.0, 0.138, 0.05]
[2026-06-03 06:26:11] [TRAIN] Prompt 17 category: brainstorming
[2026-06-03 06:26:20] [TRAIN] Prompt 17/48: rewards=[0.3, 0.3, 0.062, 0.062]
[2026-06-03 06:26:20] [TRAIN] Prompt 18 category: brainstorming
[2026-06-03 06:26:32] [TRAIN] Prompt 18/48: rewards=[0.0, 0.412, 0.388, 0.325]
[2026-06-03 06:26:32] [TRAIN] Prompt 19 category: coding
[2026-06-03 06:26:38] [TRAIN] Prompt 19/48: rewards=[0.15, 0.1, 0.0, 0.2]
[2026-06-03 06:26:38] [TRAIN] Prompt 20 category: brainstorming
[2026-06-03 06:26:51] [TRAIN] Prompt 20/48: rewards=[0.0, 0.15, 0.425, 0.338]
[2026-06-03 06:26:51] [TRAIN] Prompt 21 category: brainstorming
[2026-06-03 06:27:02] [TRAIN] Prompt 21/48: rewards=[0.188, 0.287, 0.2, 0.0]
[2026-06-03 06:27:02] [TRAIN] Prompt 22 category: brainstorming
[2026-06-03 06:27:12] [TRAIN] Prompt 22/48: rewards=[0.0, 0.412, 0.237, 1.0]
[2026-06-03 06:27:22] [TRAIN] Prompt 23/48: rewards=[0.275, 0.338, 0.362, 0.237]
[2026-06-03 06:27:22] [TRAIN] Prompt 24 category: brainstorming
[2026-06-03 06:27:34] [TRAIN] Prompt 24/48: rewards=[0.287, 0.375, 0.412, 0.45]
[2026-06-03 06:27:34] [TRAIN] Prompt 25 category: brainstorming
[2026-06-03 06:27:48] [TRAIN] Prompt 25/48: rewards=[0.525, 0.0, 0.362, 0.275]
[2026-06-03 06:27:48] [TRAIN] Prompt 26 category: instruction following
[2026-06-03 06:27:58] [TRAIN] Prompt 26/48: rewards=[0.225, 0.3, 0.412, 0.338]
[2026-06-03 06:27:58] [TRAIN] Prompt 27 category: explanation
[2026-06-03 06:28:10] [TRAIN] Prompt 27/48: rewards=[0.075, 0.287, 0.0, 0.225]
[2026-06-03 06:28:10] [TRAIN] Prompt 28 category: brainstorming
[2026-06-03 06:28:22] [TRAIN] Prompt 28/48: rewards=[0.0, 0.388, 0.163, 0.463]
[2026-06-03 06:28:34] [TRAIN] Prompt 29/48: rewards=[0.487, 0.15, 0.338, 0.388]
[2026-06-03 06:28:34] [TRAIN] Prompt 30 category: creative writing
[2026-06-03 06:28:45] [TRAIN] Prompt 30/48: rewards=[0.263, 0.412, 0.5, 0.225]
[2026-06-03 06:28:45] [TRAIN] Prompt 31 category: explanation
[2026-06-03 06:28:56] [TRAIN] Prompt 31/48: rewards=[0.175, 0.35, 0.1, 0.362]
[2026-06-03 06:28:56] [TRAIN] Prompt 32 category: coding
[2026-06-03 06:29:02] [TRAIN] Prompt 32/48: rewards=[0.15, 0.2, 0.2, 0.1]
[2026-06-03 06:29:14] [TRAIN] Prompt 33/48: rewards=[0.362, 0.312, 0.438, 0.0]
[2026-06-03 06:29:24] [TRAIN] Prompt 34/48: rewards=[0.188, 0.287, 0.275, 0.287]
[2026-06-03 06:29:24] [TRAIN] Prompt 35 category: brainstorming
[2026-06-03 06:29:37] [TRAIN] Prompt 35/48: rewards=[0.287, 0.375, 0.0, 0.0]
[2026-06-03 06:29:49] [TRAIN] Prompt 36/48: rewards=[0.0, 0.338, 0.338, 0.0]
[2026-06-03 06:29:49] [TRAIN] Prompt 37 category: explanation
[2026-06-03 06:30:00] [TRAIN] Prompt 37/48: rewards=[0.3, 0.4, 0.338, 0.287]
[2026-06-03 06:30:00] [TRAIN] Prompt 38 category: coding
[2026-06-03 06:30:08] [TRAIN] Prompt 38/48: rewards=[0.0, 0.0, 0.175, 0.0]
[2026-06-03 06:30:08] [TRAIN] Prompt 39 category: brainstorming
[2026-06-03 06:30:22] [TRAIN] Prompt 39/48: rewards=[0.312, 0.0, 0.0, 0.125]
[2026-06-03 06:30:22] [TRAIN] Prompt 40 category: explanation
[2026-06-03 06:30:33] [TRAIN] Prompt 40/48: rewards=[0.35, 0.375, 0.463, 0.225]
[2026-06-03 06:30:46] [TRAIN] Prompt 41/48: rewards=[0.375, 0.338, 0.0, 0.812]
[2026-06-03 06:30:46] [TRAIN] Prompt 42 category: explanation
[2026-06-03 06:30:59] [TRAIN] Prompt 42/48: rewards=[0.338, 0.25, 0.263, 0.4]
[2026-06-03 06:30:59] [TRAIN] Prompt 43 category: debating
[2026-06-03 06:31:12] [TRAIN] Prompt 43/48: rewards=[0.0, 0.0, 0.0, 0.388]
[2026-06-03 06:31:12] [TRAIN] Prompt 44 category: brainstorming
[2026-06-03 06:31:22] [TRAIN] Prompt 44/48: rewards=[0.225, 0.212, 0.4, 0.275]
[2026-06-03 06:31:34] [TRAIN] Prompt 45/48: rewards=[0.375, 0.312, 0.338, 0.225]
[2026-06-03 06:31:34] [TRAIN] Prompt 46 category: brainstorming
[2026-06-03 06:31:47] [TRAIN] Prompt 46/48: rewards=[0.0, 0.0, 0.175, 0.0]
[2026-06-03 06:32:00] [TRAIN] Prompt 47/48: rewards=[0.275, 0.0, 0.263, 0.338]
[2026-06-03 06:32:00] [TRAIN] Prompt 48 category: creative writing
[2026-06-03 06:32:11] [TRAIN] Prompt 48/48: rewards=[0.388, 0.338, 0.0, 0.438]
[2026-06-03 06:32:11] [TRAIN] Rewards: mean=0.225, 5/192 >0.5 (mode=rubric)
[2026-06-03 06:32:11] [TRAIN] Sleeping replicas via CheckpointEngineManager...
[2026-06-03 06:32:12] [TRAIN] Replicas asleep
[2026-06-03 06:32:12] [TRAIN] Training batch built: {'prompts': torch.Size([192, 322]), 'input_ids': torch.Size([192, 834]), 'attention_mask': torch.Size([192, 834]), 'position_ids': torch.Size([192, 834]), 'responses': torch.Size([192, 512])}
[2026-06-03 06:32:12] [TRAIN] rm_scores computed (last-token placement)
[2026-06-03 06:32:12] [TRAIN] response_mask computed
[2026-06-03 06:32:52] [TRAIN] old_log_probs computed
[2026-06-03 06:32:52] [TRAIN] GRPO advantages computed
[2026-06-03 06:35:43] [TRAIN] Actor update completed — loss=0.0064
[2026-06-03 06:35:46] [TRAIN] Weight sync done in 2.8s (wake handled internally)
[2026-06-03 06:35:46] [TRAIN] train_step completed in 863.9s — reward=0.225 (5/192), loss=0.0064, grad_norm=0.126 | score=0.225, rewards=0.225, adv=-0.006 | rlen=508, plen=38, abort=0.000 | tps=121.4 tok/s/gpu, gen=1.14ms/tok, actor=1.63ms/tok
[2026-06-03 06:35:46] [TRAIN] train_step start: 48 prompts x 4 = 192 total
[2026-06-03 06:35:46] [TRAIN] Generating 192 responses (48 prompts x 4) with 16 concurrent workers
[2026-06-03 06:35:55] [TRAIN] Gen 2/192: prompt=64 resp=1808
[2026-06-03 06:35:55] [TRAIN] Gen 1/192: prompt=64 resp=1706
[2026-06-03 06:35:55] [TRAIN] Gen 16/192: prompt=26 resp=2515
[2026-06-03 06:35:55] [TRAIN] Gen 4/192: prompt=64 resp=1696
[2026-06-03 06:35:55] [TRAIN] Gen 9/192: prompt=43 resp=2725
[2026-06-03 06:35:55] [TRAIN] Gen 8/192: prompt=30 resp=2092
[2026-06-03 06:35:55] [TRAIN] Gen 15/192: prompt=26 resp=2583
[2026-06-03 06:35:55] [TRAIN] Gen 10/192: prompt=43 resp=2683
[2026-06-03 06:35:55] [TRAIN] Gen 12/192: prompt=43 resp=2693
[2026-06-03 06:35:55] [TRAIN] Gen 13/192: prompt=26 resp=2501
[2026-06-03 06:35:55] [TRAIN] Gen 5/192: prompt=30 resp=2126
[2026-06-03 06:35:55] [TRAIN] Gen 3/192: prompt=64 resp=1672
[2026-06-03 06:35:55] [TRAIN] Gen 7/192: prompt=30 resp=1451
[2026-06-03 06:35:55] [TRAIN] Gen 14/192: prompt=26 resp=2428
[2026-06-03 06:35:55] [TRAIN] Gen 6/192: prompt=30 resp=2082
[2026-06-03 06:35:55] [TRAIN] Gen 11/192: prompt=43 resp=2642
[2026-06-03 06:36:05] [TRAIN] Gen 18/192: prompt=20 resp=2187
[2026-06-03 06:36:05] [TRAIN] Gen 17/192: prompt=20 resp=2208
[2026-06-03 06:36:05] [TRAIN] Gen 26/192: prompt=82 resp=2777
[2026-06-03 06:36:05] [TRAIN] Gen 21/192: prompt=11 resp=2584
[2026-06-03 06:36:05] [TRAIN] Gen 27/192: prompt=82 resp=2658
[2026-06-03 06:36:05] [TRAIN] Gen 25/192: prompt=82 resp=2861
[2026-06-03 06:36:05] [TRAIN] Gen 23/192: prompt=11 resp=2431
[2026-06-03 06:36:05] [TRAIN] Gen 30/192: prompt=18 resp=2522
[2026-06-03 06:36:05] [TRAIN] Gen 19/192: prompt=20 resp=2418
[2026-06-03 06:36:05] [TRAIN] Gen 29/192: prompt=18 resp=2667
[2026-06-03 06:36:05] [TRAIN] Gen 20/192: prompt=20 resp=2200
[2026-06-03 06:36:05] [TRAIN] Gen 24/192: prompt=11 resp=2515
[2026-06-03 06:36:05] [TRAIN] Gen 32/192: prompt=18 resp=2708
[2026-06-03 06:36:05] [TRAIN] Gen 28/192: prompt=82 resp=2785
[2026-06-03 06:36:05] [TRAIN] Gen 22/192: prompt=11 resp=2524
[2026-06-03 06:36:05] [TRAIN] Gen 31/192: prompt=18 resp=2845
[2026-06-03 06:36:10] [TRAIN] Gen 37/192: prompt=60 resp=1113
[2026-06-03 06:36:11] [TRAIN] Gen 38/192: prompt=60 resp=1260
[2026-06-03 06:36:11] [TRAIN] Gen 40/192: prompt=60 resp=1239
[2026-06-03 06:36:14] [TRAIN] Gen 39/192: prompt=60 resp=1872
[2026-06-03 06:36:14] [TRAIN] Gen 33/192: prompt=8 resp=2396
[2026-06-03 06:36:14] [TRAIN] Gen 34/192: prompt=8 resp=2224
[2026-06-03 06:36:14] [TRAIN] Gen 35/192: prompt=8 resp=2371
[2026-06-03 06:36:14] [TRAIN] Gen 48/192: prompt=21 resp=2579
[2026-06-03 06:36:14] [TRAIN] Gen 42/192: prompt=14 resp=2415
[2026-06-03 06:36:14] [TRAIN] Gen 41/192: prompt=14 resp=2475
[2026-06-03 06:36:14] [TRAIN] Gen 44/192: prompt=14 resp=2504
[2026-06-03 06:36:14] [TRAIN] Gen 47/192: prompt=21 resp=2551
[2026-06-03 06:36:14] [TRAIN] Gen 43/192: prompt=14 resp=2472
[2026-06-03 06:36:14] [TRAIN] Gen 36/192: prompt=8 resp=2268
[2026-06-03 06:36:14] [TRAIN] Gen 45/192: prompt=21 resp=2548
[2026-06-03 06:36:14] [TRAIN] Gen 46/192: prompt=21 resp=2281
[2026-06-03 06:36:20] [TRAIN] Gen 49/192: prompt=59 resp=2095
[2026-06-03 06:36:20] [TRAIN] Gen 50/192: prompt=59 resp=2096
[2026-06-03 06:36:21] [TRAIN] Gen 51/192: prompt=59 resp=1975
[2026-06-03 06:36:24] [TRAIN] Gen 52/192: prompt=59 resp=2026
[2026-06-03 06:36:24] [TRAIN] Gen 54/192: prompt=21 resp=2172
[2026-06-03 06:36:24] [TRAIN] Gen 53/192: prompt=21 resp=2118
[2026-06-03 06:36:24] [TRAIN] Gen 55/192: prompt=21 resp=2171
[2026-06-03 06:36:24] [TRAIN] Gen 58/192: prompt=13 resp=2373
[2026-06-03 06:36:24] [TRAIN] Gen 64/192: prompt=68 resp=2283
[2026-06-03 06:36:24] [TRAIN] Gen 57/192: prompt=13 resp=2319
[2026-06-03 06:36:24] [TRAIN] Gen 61/192: prompt=68 resp=2210
[2026-06-03 06:36:24] [TRAIN] Gen 63/192: prompt=68 resp=2335
[2026-06-03 06:36:24] [TRAIN] Gen 56/192: prompt=21 resp=2273
[2026-06-03 06:36:24] [TRAIN] Gen 60/192: prompt=13 resp=2345
[2026-06-03 06:36:24] [TRAIN] Gen 59/192: prompt=13 resp=2343
[2026-06-03 06:36:24] [TRAIN] Gen 62/192: prompt=68 resp=2277
[2026-06-03 06:36:29] [TRAIN] Gen 65/192: prompt=12 resp=2593
[2026-06-03 06:36:30] [TRAIN] Gen 72/192: prompt=36 resp=1531
[2026-06-03 06:36:30] [TRAIN] Gen 66/192: prompt=12 resp=2711
[2026-06-03 06:36:30] [TRAIN] Gen 67/192: prompt=12 resp=2716
[2026-06-03 06:36:31] [TRAIN] Gen 69/192: prompt=36 resp=1937
[2026-06-03 06:36:33] [TRAIN] Gen 68/192: prompt=12 resp=2732
[2026-06-03 06:36:33] [TRAIN] Gen 71/192: prompt=36 resp=2475
[2026-06-03 06:36:34] [TRAIN] Gen 70/192: prompt=36 resp=2408
[2026-06-03 06:36:34] [TRAIN] Gen 78/192: prompt=28 resp=2050
[2026-06-03 06:36:34] [TRAIN] Gen 80/192: prompt=28 resp=2070
[2026-06-03 06:36:34] [TRAIN] Gen 76/192: prompt=17 resp=2179
[2026-06-03 06:36:34] [TRAIN] Gen 79/192: prompt=28 resp=2060
[2026-06-03 06:36:34] [TRAIN] Gen 73/192: prompt=17 resp=2252
[2026-06-03 06:36:34] [TRAIN] Gen 74/192: prompt=17 resp=2246
[2026-06-03 06:36:34] [TRAIN] Gen 75/192: prompt=17 resp=2021
[2026-06-03 06:36:34] [TRAIN] Gen 77/192: prompt=28 resp=2066
[2026-06-03 06:36:39] [TRAIN] Gen 81/192: prompt=34 resp=2501
[2026-06-03 06:36:40] [TRAIN] Gen 82/192: prompt=34 resp=2422
[2026-06-03 06:36:40] [TRAIN] Gen 83/192: prompt=34 resp=2380
[2026-06-03 06:36:40] [TRAIN] Gen 84/192: prompt=34 resp=2489
[2026-06-03 06:36:41] [TRAIN] Gen 85/192: prompt=8 resp=2532
[2026-06-03 06:36:43] [TRAIN] Gen 87/192: prompt=8 resp=2399
[2026-06-03 06:36:43] [TRAIN] Gen 86/192: prompt=8 resp=2673
[2026-06-03 06:36:44] [TRAIN] Gen 88/192: prompt=8 resp=2536
[2026-06-03 06:36:44] [TRAIN] Gen 94/192: prompt=317 resp=2695
[2026-06-03 06:36:44] [TRAIN] Gen 89/192: prompt=14 resp=2477
[2026-06-03 06:36:44] [TRAIN] Gen 90/192: prompt=14 resp=2556
[2026-06-03 06:36:44] [TRAIN] Gen 95/192: prompt=317 resp=2627
[2026-06-03 06:36:44] [TRAIN] Gen 93/192: prompt=317 resp=2723
[2026-06-03 06:36:44] [TRAIN] Gen 91/192: prompt=14 resp=2424
[2026-06-03 06:36:44] [TRAIN] Gen 96/192: prompt=317 resp=2691
[2026-06-03 06:36:44] [TRAIN] Gen 92/192: prompt=14 resp=2302
[2026-06-03 06:36:50] [TRAIN] Gen 97/192: prompt=21 resp=2750
[2026-06-03 06:36:50] [TRAIN] Gen 98/192: prompt=21 resp=2596
[2026-06-03 06:36:50] [TRAIN] Gen 99/192: prompt=21 resp=2714
[2026-06-03 06:36:50] [TRAIN] Gen 100/192: prompt=21 resp=2721
[2026-06-03 06:36:51] [TRAIN] Gen 101/192: prompt=70 resp=2873
[2026-06-03 06:36:53] [TRAIN] Gen 102/192: prompt=70 resp=2658
[2026-06-03 06:36:53] [TRAIN] Gen 103/192: prompt=70 resp=2746
[2026-06-03 06:36:53] [TRAIN] Gen 104/192: prompt=70 resp=2794
[2026-06-03 06:36:53] [TRAIN] Gen 108/192: prompt=11 resp=2620
[2026-06-03 06:36:53] [TRAIN] Gen 112/192: prompt=6 resp=2891
[2026-06-03 06:36:53] [TRAIN] Gen 109/192: prompt=6 resp=2794
[2026-06-03 06:36:53] [TRAIN] Gen 105/192: prompt=11 resp=2674
[2026-06-03 06:36:53] [TRAIN] Gen 106/192: prompt=11 resp=2632
[2026-06-03 06:36:53] [TRAIN] Gen 107/192: prompt=11 resp=2641
[2026-06-03 06:36:53] [TRAIN] Gen 110/192: prompt=6 resp=2696
[2026-06-03 06:36:53] [TRAIN] Gen 111/192: prompt=6 resp=2851
[2026-06-03 06:36:59] [TRAIN] Gen 113/192: prompt=19 resp=2293
[2026-06-03 06:36:59] [TRAIN] Gen 114/192: prompt=19 resp=2317
[2026-06-03 06:36:59] [TRAIN] Gen 115/192: prompt=19 resp=2250
[2026-06-03 06:36:59] [TRAIN] Gen 116/192: prompt=19 resp=2311
[2026-06-03 06:37:00] [TRAIN] Gen 117/192: prompt=13 resp=2457
[2026-06-03 06:37:03] [TRAIN] Gen 119/192: prompt=13 resp=2524
[2026-06-03 06:37:03] [TRAIN] Gen 118/192: prompt=13 resp=2533
[2026-06-03 06:37:03] [TRAIN] Gen 120/192: prompt=13 resp=2542
[2026-06-03 06:37:03] [TRAIN] Gen 127/192: prompt=23 resp=2667
[2026-06-03 06:37:03] [TRAIN] Gen 125/192: prompt=23 resp=2766
[2026-06-03 06:37:03] [TRAIN] Gen 128/192: prompt=23 resp=2680
[2026-06-03 06:37:03] [TRAIN] Gen 126/192: prompt=23 resp=2660
[2026-06-03 06:37:03] [TRAIN] Gen 122/192: prompt=5 resp=2518
[2026-06-03 06:37:03] [TRAIN] Gen 121/192: prompt=5 resp=2549
[2026-06-03 06:37:03] [TRAIN] Gen 123/192: prompt=5 resp=2538
[2026-06-03 06:37:03] [TRAIN] Gen 124/192: prompt=5 resp=2529
[2026-06-03 06:37:09] [TRAIN] Gen 129/192: prompt=9 resp=2655
[2026-06-03 06:37:09] [TRAIN] Gen 130/192: prompt=9 resp=2610
[2026-06-03 06:37:09] [TRAIN] Gen 131/192: prompt=9 resp=2627
[2026-06-03 06:37:09] [TRAIN] Gen 132/192: prompt=9 resp=2564
[2026-06-03 06:37:10] [TRAIN] Gen 133/192: prompt=8 resp=2116
[2026-06-03 06:37:12] [TRAIN] Gen 134/192: prompt=8 resp=2118
[2026-06-03 06:37:12] [TRAIN] Gen 135/192: prompt=8 resp=2125
[2026-06-03 06:37:12] [TRAIN] Gen 136/192: prompt=8 resp=2169
[2026-06-03 06:37:12] [TRAIN] Gen 141/192: prompt=30 resp=2241
[2026-06-03 06:37:12] [TRAIN] Gen 144/192: prompt=30 resp=2394
[2026-06-03 06:37:12] [TRAIN] Gen 140/192: prompt=19 resp=2223
[2026-06-03 06:37:12] [TRAIN] Gen 143/192: prompt=30 resp=2018
[2026-06-03 06:37:12] [TRAIN] Gen 139/192: prompt=19 resp=2153
[2026-06-03 06:37:12] [TRAIN] Gen 137/192: prompt=19 resp=2169
[2026-06-03 06:37:12] [TRAIN] Gen 142/192: prompt=30 resp=2367
[2026-06-03 06:37:12] [TRAIN] Gen 138/192: prompt=19 resp=2120
[2026-06-03 06:37:17] [TRAIN] Gen 152/192: prompt=13 resp=1234
[2026-06-03 06:37:18] [TRAIN] Gen 145/192: prompt=3 resp=2788
[2026-06-03 06:37:18] [TRAIN] Gen 146/192: prompt=3 resp=2818
[2026-06-03 06:37:18] [TRAIN] Gen 147/192: prompt=3 resp=2757
[2026-06-03 06:37:18] [TRAIN] Gen 148/192: prompt=3 resp=2783
[2026-06-03 06:37:19] [TRAIN] Gen 151/192: prompt=13 resp=1732
[2026-06-03 06:37:19] [TRAIN] Gen 149/192: prompt=13 resp=2621
[2026-06-03 06:37:21] [TRAIN] Gen 150/192: prompt=13 resp=2527
[2026-06-03 06:37:22] [TRAIN] Gen 154/192: prompt=42 resp=2374
[2026-06-03 06:37:22] [TRAIN] Gen 159/192: prompt=15 resp=2312
[2026-06-03 06:37:22] [TRAIN] Gen 153/192: prompt=42 resp=2264
[2026-06-03 06:37:22] [TRAIN] Gen 155/192: prompt=42 resp=2546
[2026-06-03 06:37:22] [TRAIN] Gen 157/192: prompt=15 resp=2535
[2026-06-03 06:37:22] [TRAIN] Gen 156/192: prompt=42 resp=2470
[2026-06-03 06:37:22] [TRAIN] Gen 158/192: prompt=15 resp=2291
[2026-06-03 06:37:22] [TRAIN] Gen 160/192: prompt=15 resp=2248
[2026-06-03 06:37:27] [TRAIN] Gen 161/192: prompt=9 resp=2203
[2026-06-03 06:37:27] [TRAIN] Gen 162/192: prompt=9 resp=2294
[2026-06-03 06:37:27] [TRAIN] Gen 163/192: prompt=9 resp=2098
[2026-06-03 06:37:27] [TRAIN] Gen 164/192: prompt=9 resp=2080
[2026-06-03 06:37:27] [TRAIN] Gen 165/192: prompt=46 resp=2338
[2026-06-03 06:37:28] [TRAIN] Gen 166/192: prompt=46 resp=2368
[2026-06-03 06:37:28] [TRAIN] Gen 167/192: prompt=46 resp=2405
[2026-06-03 06:37:30] [TRAIN] Gen 168/192: prompt=46 resp=2292
[2026-06-03 06:37:31] [TRAIN] Gen 171/192: prompt=37 resp=2059
[2026-06-03 06:37:31] [TRAIN] Gen 175/192: prompt=69 resp=2280
[2026-06-03 06:37:31] [TRAIN] Gen 173/192: prompt=69 resp=2267
[2026-06-03 06:37:31] [TRAIN] Gen 172/192: prompt=37 resp=2070
[2026-06-03 06:37:31] [TRAIN] Gen 176/192: prompt=69 resp=2289
[2026-06-03 06:37:31] [TRAIN] Gen 174/192: prompt=69 resp=2325
[2026-06-03 06:37:31] [TRAIN] Gen 170/192: prompt=37 resp=1965
[2026-06-03 06:37:31] [TRAIN] Gen 169/192: prompt=37 resp=2129
[2026-06-03 06:37:36] [TRAIN] Gen 177/192: prompt=69 resp=2385
[2026-06-03 06:37:36] [TRAIN] Gen 178/192: prompt=69 resp=2196
[2026-06-03 06:37:36] [TRAIN] Gen 179/192: prompt=69 resp=2248
[2026-06-03 06:37:36] [TRAIN] Gen 180/192: prompt=69 resp=2252
[2026-06-03 06:37:36] [TRAIN] Gen 181/192: prompt=5 resp=2460
[2026-06-03 06:37:37] [TRAIN] Gen 182/192: prompt=5 resp=2377
[2026-06-03 06:37:37] [TRAIN] Gen 183/192: prompt=5 resp=2442
[2026-06-03 06:37:39] [TRAIN] Gen 184/192: prompt=5 resp=2452
[2026-06-03 06:37:40] [TRAIN] Gen 187/192: prompt=9 resp=2078
[2026-06-03 06:37:40] [TRAIN] Gen 191/192: prompt=10 resp=2337
[2026-06-03 06:37:40] [TRAIN] Gen 188/192: prompt=9 resp=2166
[2026-06-03 06:37:40] [TRAIN] Gen 189/192: prompt=10 resp=2304
[2026-06-03 06:37:40] [TRAIN] Gen 190/192: prompt=10 resp=2168
[2026-06-03 06:37:40] [TRAIN] Gen 185/192: prompt=9 resp=2232
[2026-06-03 06:37:40] [TRAIN] Gen 192/192: prompt=10 resp=2085
[2026-06-03 06:37:40] [TRAIN] Gen 186/192: prompt=9 resp=2095
[2026-06-03 06:37:40] [TRAIN] Generation done in 113.6s
[2026-06-03 06:37:40] [TRAIN] Prompt 1 category: brainstorming
[2026-06-03 06:37:52] [TRAIN] Prompt 1/48: rewards=[0.0, 0.0, 0.212, 0.325]
[2026-06-03 06:37:52] [TRAIN] Prompt 2 category: brainstorming
[2026-06-03 06:39:48] [TRAIN] train_step start: 48 prompts x 4 = 192 total
[2026-06-03 06:39:48] [TRAIN] Generating 192 responses (48 prompts x 4) with 16 concurrent workers
[2026-06-03 06:39:58] [TRAIN] Gen 8/192: prompt=68 resp=2491
[2026-06-03 06:39:58] [TRAIN] Gen 11/192: prompt=14 resp=2482
[2026-06-03 06:39:58] [TRAIN] Gen 1/192: prompt=19 resp=2194
[2026-06-03 06:39:58] [TRAIN] Gen 5/192: prompt=68 resp=2396
[2026-06-03 06:39:58] [TRAIN] Gen 2/192: prompt=19 resp=2184
[2026-06-03 06:39:58] [TRAIN] Gen 12/192: prompt=14 resp=2446
[2026-06-03 06:39:58] [TRAIN] Gen 7/192: prompt=68 resp=2411
[2026-06-03 06:39:58] [TRAIN] Gen 6/192: prompt=68 resp=2295
[2026-06-03 06:39:58] [TRAIN] Gen 9/192: prompt=14 resp=2546
[2026-06-03 06:39:58] [TRAIN] Gen 10/192: prompt=14 resp=2370
[2026-06-03 06:39:58] [TRAIN] Gen 13/192: prompt=340 resp=2001
[2026-06-03 06:39:58] [TRAIN] Gen 4/192: prompt=19 resp=2208
[2026-06-03 06:39:58] [TRAIN] Gen 15/192: prompt=340 resp=2022
[2026-06-03 06:39:58] [TRAIN] Gen 16/192: prompt=340 resp=2086
[2026-06-03 06:39:58] [TRAIN] Gen 14/192: prompt=340 resp=2160
[2026-06-03 06:39:58] [TRAIN] Gen 3/192: prompt=19 resp=2106
[2026-06-03 06:40:07] [TRAIN] Gen 17/192: prompt=11 resp=2307
[2026-06-03 06:40:07] [TRAIN] Gen 23/192: prompt=9 resp=2330
[2026-06-03 06:40:07] [TRAIN] Gen 22/192: prompt=9 resp=2321
[2026-06-03 06:40:07] [TRAIN] Gen 29/192: prompt=26 resp=2210
[2026-06-03 06:40:07] [TRAIN] Gen 30/192: prompt=26 resp=2408
[2026-06-03 06:40:07] [TRAIN] Gen 28/192: prompt=9 resp=2323
[2026-06-03 06:40:07] [TRAIN] Gen 32/192: prompt=26 resp=2389
[2026-06-03 06:40:07] [TRAIN] Gen 18/192: prompt=11 resp=2317
[2026-06-03 06:40:07] [TRAIN] Gen 21/192: prompt=9 resp=2395
[2026-06-03 06:40:07] [TRAIN] Gen 24/192: prompt=9 resp=2354
[2026-06-03 06:40:07] [TRAIN] Gen 27/192: prompt=9 resp=2507
[2026-06-03 06:40:07] [TRAIN] Gen 31/192: prompt=26 resp=2360
[2026-06-03 06:40:07] [TRAIN] Gen 19/192: prompt=11 resp=2452
[2026-06-03 06:40:07] [TRAIN] Gen 25/192: prompt=9 resp=2631
[2026-06-03 06:40:07] [TRAIN] Gen 20/192: prompt=11 resp=2475
[2026-06-03 06:40:07] [TRAIN] Gen 26/192: prompt=9 resp=2543
[2026-06-03 06:40:16] [TRAIN] Gen 33/192: prompt=124 resp=2338
[2026-06-03 06:40:16] [TRAIN] Gen 35/192: prompt=124 resp=2243
[2026-06-03 06:40:16] [TRAIN] Gen 34/192: prompt=124 resp=2352
[2026-06-03 06:40:16] [TRAIN] Gen 40/192: prompt=206 resp=2400
[2026-06-03 06:40:16] [TRAIN] Gen 42/192: prompt=33 resp=2654
[2026-06-03 06:40:16] [TRAIN] Gen 44/192: prompt=33 resp=2523
[2026-06-03 06:40:16] [TRAIN] Gen 37/192: prompt=206 resp=2289
[2026-06-03 06:40:16] [TRAIN] Gen 36/192: prompt=124 resp=2254
[2026-06-03 06:40:16] [TRAIN] Gen 38/192: prompt=206 resp=2458
[2026-06-03 06:40:16] [TRAIN] Gen 46/192: prompt=43 resp=2370
[2026-06-03 06:40:16] [TRAIN] Gen 43/192: prompt=33 resp=2527
[2026-06-03 06:40:16] [TRAIN] Gen 45/192: prompt=43 resp=2259
[2026-06-03 06:40:16] [TRAIN] Gen 41/192: prompt=33 resp=2516
[2026-06-03 06:40:16] [TRAIN] Gen 39/192: prompt=206 resp=2404
[2026-06-03 06:40:16] [TRAIN] Gen 48/192: prompt=43 resp=2217
[2026-06-03 06:40:16] [TRAIN] Gen 47/192: prompt=43 resp=2247
[2026-06-03 06:40:25] [TRAIN] Gen 49/192: prompt=14 resp=1974
[2026-06-03 06:40:25] [TRAIN] Gen 51/192: prompt=14 resp=1818
[2026-06-03 06:40:25] [TRAIN] Gen 50/192: prompt=14 resp=1825
[2026-06-03 06:40:25] [TRAIN] Gen 58/192: prompt=76 resp=1919
[2026-06-03 06:40:25] [TRAIN] Gen 55/192: prompt=66 resp=1562
[2026-06-03 06:40:25] [TRAIN] Gen 53/192: prompt=66 resp=1433
[2026-06-03 06:40:25] [TRAIN] Gen 56/192: prompt=66 resp=1486
[2026-06-03 06:40:25] [TRAIN] Gen 57/192: prompt=76 resp=1859
[2026-06-03 06:40:25] [TRAIN] Gen 61/192: prompt=21 resp=2674
[2026-06-03 06:40:25] [TRAIN] Gen 60/192: prompt=76 resp=1851
[2026-06-03 06:40:25] [TRAIN] Gen 59/192: prompt=76 resp=1891
[2026-06-03 06:40:25] [TRAIN] Gen 52/192: prompt=14 resp=1855
[2026-06-03 06:40:25] [TRAIN] Gen 54/192: prompt=66 resp=1441
[2026-06-03 06:40:25] [TRAIN] Gen 63/192: prompt=21 resp=2510
[2026-06-03 06:40:25] [TRAIN] Gen 64/192: prompt=21 resp=2273
[2026-06-03 06:40:25] [TRAIN] Gen 62/192: prompt=21 resp=2471
[2026-06-03 06:40:35] [TRAIN] Gen 65/192: prompt=55 resp=2466
[2026-06-03 06:40:35] [TRAIN] Gen 66/192: prompt=55 resp=2450
[2026-06-03 06:40:35] [TRAIN] Gen 67/192: prompt=55 resp=2374
[2026-06-03 06:40:35] [TRAIN] Gen 68/192: prompt=55 resp=2435
[2026-06-03 06:40:35] [TRAIN] Gen 70/192: prompt=15 resp=2554
[2026-06-03 06:40:35] [TRAIN] Gen 78/192: prompt=11 resp=2710
[2026-06-03 06:40:35] [TRAIN] Gen 71/192: prompt=15 resp=2498
[2026-06-03 06:40:35] [TRAIN] Gen 77/192: prompt=11 resp=2618
[2026-06-03 06:40:35] [TRAIN] Gen 75/192: prompt=5 resp=2511
[2026-06-03 06:40:35] [TRAIN] Gen 72/192: prompt=15 resp=2387
[2026-06-03 06:40:35] [TRAIN] Gen 79/192: prompt=11 resp=2772
[2026-06-03 06:40:35] [TRAIN] Gen 69/192: prompt=15 resp=2467
[2026-06-03 06:40:35] [TRAIN] Gen 80/192: prompt=11 resp=2727
[2026-06-03 06:40:35] [TRAIN] Gen 73/192: prompt=5 resp=2405
[2026-06-03 06:40:35] [TRAIN] Gen 76/192: prompt=5 resp=2479
[2026-06-03 06:40:35] [TRAIN] Gen 74/192: prompt=5 resp=2515
[2026-06-03 06:40:44] [TRAIN] Gen 81/192: prompt=9 resp=2668
[2026-06-03 06:40:44] [TRAIN] Gen 82/192: prompt=9 resp=2525
[2026-06-03 06:40:44] [TRAIN] Gen 83/192: prompt=9 resp=2572
[2026-06-03 06:40:44] [TRAIN] Gen 90/192: prompt=11 resp=2370
[2026-06-03 06:40:44] [TRAIN] Gen 96/192: prompt=106 resp=2314
[2026-06-03 06:40:44] [TRAIN] Gen 85/192: prompt=16 resp=2064
[2026-06-03 06:40:44] [TRAIN] Gen 94/192: prompt=106 resp=2337
[2026-06-03 06:40:44] [TRAIN] Gen 88/192: prompt=16 resp=1944
[2026-06-03 06:40:44] [TRAIN] Gen 92/192: prompt=11 resp=2448
[2026-06-03 06:40:44] [TRAIN] Gen 87/192: prompt=16 resp=2041
[2026-06-03 06:40:44] [TRAIN] Gen 84/192: prompt=9 resp=2694
[2026-06-03 06:40:44] [TRAIN] Gen 89/192: prompt=11 resp=2445
[2026-06-03 06:40:44] [TRAIN] Gen 93/192: prompt=106 resp=2273
[2026-06-03 06:40:44] [TRAIN] Gen 95/192: prompt=106 resp=2306
[2026-06-03 06:40:44] [TRAIN] Gen 91/192: prompt=11 resp=2403
[2026-06-03 06:40:44] [TRAIN] Gen 86/192: prompt=16 resp=2123
[2026-06-03 06:40:53] [TRAIN] Gen 97/192: prompt=12 resp=2156
[2026-06-03 06:40:53] [TRAIN] Gen 99/192: prompt=12 resp=2092
[2026-06-03 06:40:53] [TRAIN] Gen 98/192: prompt=12 resp=2097
[2026-06-03 06:40:53] [TRAIN] Gen 103/192: prompt=21 resp=2671
[2026-06-03 06:40:53] [TRAIN] Gen 101/192: prompt=21 resp=2647
[2026-06-03 06:40:53] [TRAIN] Gen 112/192: prompt=16 resp=2741
[2026-06-03 06:40:53] [TRAIN] Gen 110/192: prompt=16 resp=2740
[2026-06-03 06:40:53] [TRAIN] Gen 104/192: prompt=21 resp=2746
[2026-06-03 06:40:53] [TRAIN] Gen 108/192: prompt=14 resp=2157
[2026-06-03 06:40:53] [TRAIN] Gen 109/192: prompt=16 resp=2709
[2026-06-03 06:40:53] [TRAIN] Gen 107/192: prompt=14 resp=2046
[2026-06-03 06:40:53] [TRAIN] Gen 106/192: prompt=14 resp=2253
[2026-06-03 06:40:53] [TRAIN] Gen 100/192: prompt=12 resp=1914
[2026-06-03 06:40:53] [TRAIN] Gen 102/192: prompt=21 resp=2651
[2026-06-03 06:40:53] [TRAIN] Gen 111/192: prompt=16 resp=2857
[2026-06-03 06:40:53] [TRAIN] Gen 105/192: prompt=14 resp=2207
[2026-06-03 06:41:00] [TRAIN] Gen 115/192: prompt=16 resp=1939
[2026-06-03 06:41:00] [TRAIN] Gen 114/192: prompt=16 resp=1914
[2026-06-03 06:41:01] [TRAIN] Gen 116/192: prompt=16 resp=2148
[2026-06-03 06:41:03] [TRAIN] Gen 113/192: prompt=16 resp=2539
[2026-06-03 06:41:03] [TRAIN] Gen 118/192: prompt=23 resp=2518
[2026-06-03 06:41:03] [TRAIN] Gen 119/192: prompt=23 resp=2349
[2026-06-03 06:41:03] [TRAIN] Gen 122/192: prompt=9 resp=2400
[2026-06-03 06:41:03] [TRAIN] Gen 121/192: prompt=9 resp=2534
[2026-06-03 06:41:03] [TRAIN] Gen 123/192: prompt=9 resp=2453
[2026-06-03 06:41:03] [TRAIN] Gen 125/192: prompt=99 resp=2196
[2026-06-03 06:41:03] [TRAIN] Gen 120/192: prompt=23 resp=2567
[2026-06-03 06:41:03] [TRAIN] Gen 124/192: prompt=9 resp=2499
[2026-06-03 06:41:03] [TRAIN] Gen 128/192: prompt=99 resp=2063
[2026-06-03 06:41:03] [TRAIN] Gen 117/192: prompt=23 resp=2516
[2026-06-03 06:41:03] [TRAIN] Gen 127/192: prompt=99 resp=2103
[2026-06-03 06:41:03] [TRAIN] Gen 126/192: prompt=99 resp=2117
[2026-06-03 06:41:09] [TRAIN] Gen 142/192: prompt=9 resp=1055
[2026-06-03 06:41:10] [TRAIN] Gen 129/192: prompt=19 resp=2338
[2026-06-03 06:41:10] [TRAIN] Gen 130/192: prompt=19 resp=2392
[2026-06-03 06:41:11] [TRAIN] Gen 131/192: prompt=19 resp=2407
[2026-06-03 06:41:12] [TRAIN] Gen 144/192: prompt=9 resp=1657
[2026-06-03 06:41:13] [TRAIN] Gen 132/192: prompt=19 resp=2404
[2026-06-03 06:41:13] [TRAIN] Gen 134/192: prompt=15 resp=2786
[2026-06-03 06:41:13] [TRAIN] Gen 133/192: prompt=15 resp=2853
[2026-06-03 06:41:13] [TRAIN] Gen 136/192: prompt=15 resp=2723
[2026-06-03 06:41:13] [TRAIN] Gen 139/192: prompt=369 resp=2357
[2026-06-03 06:41:13] [TRAIN] Gen 135/192: prompt=15 resp=2786
[2026-06-03 06:41:13] [TRAIN] Gen 138/192: prompt=369 resp=2429
[2026-06-03 06:41:13] [TRAIN] Gen 140/192: prompt=369 resp=2386
[2026-06-03 06:41:13] [TRAIN] Gen 137/192: prompt=369 resp=2450
[2026-06-03 06:41:13] [TRAIN] Gen 141/192: prompt=9 resp=1877
[2026-06-03 06:41:13] [TRAIN] Gen 143/192: prompt=9 resp=1825
[2026-06-03 06:41:18] [TRAIN] Gen 145/192: prompt=7 resp=2109
[2026-06-03 06:41:19] [TRAIN] Gen 146/192: prompt=7 resp=1594
[2026-06-03 06:41:19] [TRAIN] Gen 147/192: prompt=7 resp=1923
[2026-06-03 06:41:20] [TRAIN] Gen 148/192: prompt=7 resp=1958
[2026-06-03 06:41:21] [TRAIN] Gen 149/192: prompt=89 resp=2395
[2026-06-03 06:41:22] [TRAIN] Gen 150/192: prompt=89 resp=2406
[2026-06-03 06:41:22] [TRAIN] Gen 151/192: prompt=89 resp=2350
[2026-06-03 06:41:22] [TRAIN] Gen 153/192: prompt=33 resp=1944
[2026-06-03 06:41:22] [TRAIN] Gen 152/192: prompt=89 resp=2309
[2026-06-03 06:41:22] [TRAIN] Gen 158/192: prompt=34 resp=2393
[2026-06-03 06:41:22] [TRAIN] Gen 160/192: prompt=34 resp=2222
[2026-06-03 06:41:22] [TRAIN] Gen 155/192: prompt=33 resp=1772
[2026-06-03 06:41:22] [TRAIN] Gen 154/192: prompt=33 resp=1961
[2026-06-03 06:41:22] [TRAIN] Gen 156/192: prompt=33 resp=2052
[2026-06-03 06:41:22] [TRAIN] Gen 159/192: prompt=34 resp=2240
[2026-06-03 06:41:22] [TRAIN] Gen 157/192: prompt=34 resp=2263
[2026-06-03 06:41:24] [TRAIN] Gen 161/192: prompt=80 resp=1513
[2026-06-03 06:41:24] [TRAIN] Gen 162/192: prompt=80 resp=1194
[2026-06-03 06:41:25] [TRAIN] Gen 163/192: prompt=80 resp=1601
[2026-06-03 06:41:29] [TRAIN] Gen 164/192: prompt=80 resp=2309
[2026-06-03 06:41:31] [TRAIN] Gen 165/192: prompt=9 resp=2275
[2026-06-03 06:41:31] [TRAIN] Gen 166/192: prompt=9 resp=2299
[2026-06-03 06:41:31] [TRAIN] Gen 167/192: prompt=9 resp=2319
[2026-06-03 06:41:31] [TRAIN] Gen 168/192: prompt=9 resp=2378
[2026-06-03 06:41:31] [TRAIN] Gen 169/192: prompt=10 resp=2522
[2026-06-03 06:41:31] [TRAIN] Gen 173/192: prompt=21 resp=2667
[2026-06-03 06:41:31] [TRAIN] Gen 176/192: prompt=21 resp=2748
[2026-06-03 06:41:31] [TRAIN] Gen 174/192: prompt=21 resp=2652
[2026-06-03 06:41:31] [TRAIN] Gen 175/192: prompt=21 resp=2735
[2026-06-03 06:41:31] [TRAIN] Gen 170/192: prompt=10 resp=2414
[2026-06-03 06:41:31] [TRAIN] Gen 171/192: prompt=10 resp=2533
[2026-06-03 06:41:31] [TRAIN] Gen 172/192: prompt=10 resp=2569
[2026-06-03 06:41:33] [TRAIN] Gen 177/192: prompt=64 resp=2625
[2026-06-03 06:41:33] [TRAIN] Gen 178/192: prompt=64 resp=2708
[2026-06-03 06:41:34] [TRAIN] Gen 179/192: prompt=64 resp=2670
[2026-06-03 06:41:37] [TRAIN] Gen 189/192: prompt=221 resp=1127
[2026-06-03 06:41:37] [TRAIN] Gen 192/192: prompt=221 resp=1207
[2026-06-03 06:41:38] [TRAIN] Gen 191/192: prompt=221 resp=1269
[2026-06-03 06:41:38] [TRAIN] Gen 180/192: prompt=64 resp=2520
[2026-06-03 06:41:38] [TRAIN] Gen 182/192: prompt=182 resp=1614
[2026-06-03 06:41:39] [TRAIN] Gen 183/192: prompt=182 resp=1596
[2026-06-03 06:41:40] [TRAIN] Gen 181/192: prompt=182 resp=1964
[2026-06-03 06:41:41] [TRAIN] Gen 184/192: prompt=182 resp=2137
[2026-06-03 06:41:41] [TRAIN] Gen 185/192: prompt=12 resp=2509
[2026-06-03 06:41:41] [TRAIN] Gen 188/192: prompt=12 resp=2629
[2026-06-03 06:41:41] [TRAIN] Gen 190/192: prompt=221 resp=1725
[2026-06-03 06:41:41] [TRAIN] Gen 187/192: prompt=12 resp=2736
[2026-06-03 06:41:41] [TRAIN] Gen 186/192: prompt=12 resp=2562
[2026-06-03 06:41:41] [TRAIN] Generation done in 112.2s
[2026-06-03 06:41:41] [TRAIN] Prompt 1 category: explanation
[2026-06-03 06:41:53] [TRAIN] Prompt 1/48: rewards=[0.375, 0.3, 0.287, 0.412]
[2026-06-03 06:41:53] [TRAIN] Prompt 2 category: coding
[2026-06-03 06:42:00] [TRAIN] Prompt 2/48: rewards=[0.225, 0.0, 0.2, 0.15]
[2026-06-03 06:42:00] [TRAIN] Prompt 3 category: brainstorming
[2026-06-03 06:42:12] [TRAIN] Prompt 3/48: rewards=[0.0, 0.0, 0.225, 0.0]
[2026-06-03 06:42:12] [TRAIN] Prompt 4 category: coding
[2026-06-03 06:42:19] [TRAIN] Prompt 4/48: rewards=[0.0, 0.0, 0.0, 0.0]
[2026-06-03 06:42:19] [TRAIN] Prompt 5 category: brainstorming
[2026-06-03 06:42:32] [TRAIN] Prompt 5/48: rewards=[0.275, 0.237, 0.312, 0.0]
[2026-06-03 06:42:45] [TRAIN] Prompt 6/48: rewards=[0.275, 0.362, 0.0, 0.425]
[2026-06-03 06:42:45] [TRAIN] Prompt 7 category: explanation
[2026-06-03 06:42:57] [TRAIN] Prompt 7/48: rewards=[0.0, 0.45, 0.3, 0.0]
[2026-06-03 06:42:57] [TRAIN] Prompt 8 category: creative writing
[2026-06-03 06:43:10] [TRAIN] Prompt 8/48: rewards=[0.113, 0.212, 0.0, 0.362]
[2026-06-03 06:43:10] [TRAIN] Prompt 9 category: coding
[2026-06-03 06:43:17] [TRAIN] Prompt 9/48: rewards=[0.0, 0.0, 0.0, 0.0]
[2026-06-03 06:43:26] [TRAIN] Prompt 10/48: rewards=[0.0, 0.35, 0.163, 0.312]
[2026-06-03 06:43:39] [TRAIN] Prompt 11/48: rewards=[0.0, 0.087, 0.487, 0.0]
[2026-06-03 06:43:39] [TRAIN] Prompt 12 category: explanation
[2026-06-03 06:43:51] [TRAIN] Prompt 12/48: rewards=[0.15, 0.0, 0.2, 0.075]
[2026-06-03 06:44:04] [TRAIN] Prompt 13/48: rewards=[0.0, 0.487, 0.562, 0.0]
[2026-06-03 06:44:04] [TRAIN] Prompt 14 category: math
[2026-06-03 06:44:11] [TRAIN] Prompt 14/48: rewards=[0.8, 0.0, 0.0, 0.0]
[2026-06-03 06:44:23] [TRAIN] Prompt 15/48: rewards=[0.0, 0.325, 0.0, 0.0]
[2026-06-03 06:44:23] [TRAIN] Prompt 16 category: explanation
[2026-06-03 06:44:34] [TRAIN] Prompt 16/48: rewards=[0.0, 0.287, 0.263, 0.362]
[2026-06-03 06:44:34] [TRAIN] Prompt 17 category: copywriting
[2026-06-03 06:44:47] [TRAIN] Prompt 17/48: rewards=[0.362, 0.325, 0.5, 0.0]
[2026-06-03 06:44:47] [TRAIN] Prompt 18 category: creative writing
[2026-06-03 06:44:59] [TRAIN] Prompt 18/48: rewards=[0.0, 0.0, 0.4, 0.263]
[2026-06-03 06:44:59] [TRAIN] Prompt 19 category: coding
[2026-06-03 06:45:06] [TRAIN] Prompt 19/48: rewards=[0.0, 0.2, 0.0, 0.0]
[2026-06-03 06:45:18] [TRAIN] Prompt 20/48: rewards=[0.425, 0.375, 0.0, 0.0]
[2026-06-03 06:45:18] [TRAIN] Prompt 21 category: explanation
[2026-06-03 06:45:31] [TRAIN] Prompt 21/48: rewards=[0.0, 0.0, 0.25, 0.0]
[2026-06-03 06:45:31] [TRAIN] Prompt 22 category: coding
[2026-06-03 06:45:38] [TRAIN] Prompt 22/48: rewards=[0.175, 0.0, 0.0, 0.0]
[2026-06-03 06:45:38] [TRAIN] Prompt 23 category: explanation
[2026-06-03 06:45:50] [TRAIN] Prompt 23/48: rewards=[0.325, 0.0, 0.2, 0.225]
[2026-06-03 06:45:50] [TRAIN] Prompt 24 category: coding
[2026-06-03 06:45:56] [TRAIN] Prompt 24/48: rewards=[0.0, 0.0, 0.0, 0.0]
[2026-06-03 06:46:10] [TRAIN] Prompt 25/48: rewards=[0.0, 0.263, 0.487, 0.0]
[2026-06-03 06:46:10] [TRAIN] Prompt 26 category: logical reasoning
[2026-06-03 06:46:17] [TRAIN] Prompt 26/48: rewards=[0.0, 0.0, 0.0, 0.0]
[2026-06-03 06:46:17] [TRAIN] Prompt 27 category: coding
[2026-06-03 06:46:24] [TRAIN] Prompt 27/48: rewards=[0.0, 0.2, 0.0, 0.2]
[2026-06-03 06:46:24] [TRAIN] Prompt 28 category: explanation
[2026-06-03 06:46:36] [TRAIN] Prompt 28/48: rewards=[0.0, 0.25, 0.287, 0.362]
[2026-06-03 06:46:36] [TRAIN] Prompt 29 category: explanation
[2026-06-03 06:46:48] [TRAIN] Prompt 29/48: rewards=[0.0, 0.537, 0.438, 0.375]
[2026-06-03 06:46:48] [TRAIN] Prompt 30 category: creative writing
[2026-06-03 06:46:59] [TRAIN] Prompt 30/48: rewards=[0.512, 0.362, 0.312, 0.5]
[2026-06-03 06:46:59] [TRAIN] Prompt 31 category: coding
[2026-06-03 06:47:06] [TRAIN] Prompt 31/48: rewards=[0.2, 0.0, 0.0, 0.15]
[2026-06-03 06:47:06] [TRAIN] Prompt 32 category: coding
[2026-06-03 06:47:13] [TRAIN] Prompt 32/48: rewards=[0.0, 0.0, 0.975, 0.0]
[2026-06-03 06:47:13] [TRAIN] Prompt 33 category: creative writing
[2026-06-03 06:47:22] [TRAIN] Prompt 33/48: rewards=[0.425, 0.463, 0.312, 0.312]
[2026-06-03 06:47:22] [TRAIN] Prompt 34 category: explanation
[2026-06-03 06:47:34] [TRAIN] Prompt 34/48: rewards=[0.35, 0.362, 0.412, 0.0]
[2026-06-03 06:47:34] [TRAIN] Prompt 35 category: coding
[2026-06-03 06:47:41] [TRAIN] Prompt 35/48: rewards=[0.0, 0.0, 0.0, 0.125]
[2026-06-03 06:47:41] [TRAIN] Prompt 36 category: brainstorming
[2026-06-03 06:47:53] [TRAIN] Prompt 36/48: rewards=[0.0, 0.6, 0.325, 0.5]
[2026-06-03 06:47:53] [TRAIN] Prompt 37 category: math
[2026-06-03 06:48:00] [TRAIN] Prompt 37/48: rewards=[0.0, 0.0, 0.0, 0.0]
[2026-06-03 06:48:00] [TRAIN] Prompt 38 category: debugging
[2026-06-03 06:48:07] [TRAIN] Prompt 38/48: rewards=[0.15, 0.25, 0.0, 0.0]
[2026-06-03 06:48:07] [TRAIN] Prompt 39 category: coding
[2026-06-03 06:48:13] [TRAIN] Prompt 39/48: rewards=[0.0, 0.0, 0.0, 0.2]
[2026-06-03 06:48:13] [TRAIN] Prompt 40 category: coding
[2026-06-03 06:48:20] [TRAIN] Prompt 40/48: rewards=[0.15, 0.0, 0.125, 0.0]
[2026-06-03 06:48:31] [TRAIN] Prompt 41/48: rewards=[0.45, 0.5, 0.0, 0.487]
[2026-06-03 06:48:31] [TRAIN] Prompt 42 category: creative writing
[2026-06-03 06:48:44] [TRAIN] Prompt 42/48: rewards=[0.312, 0.0, 0.0, 0.362]
[2026-06-03 06:48:54] [TRAIN] Prompt 43/48: rewards=[0.312, 0.35, 0.425, 0.35]
[2026-06-03 06:48:54] [TRAIN] Prompt 44 category: creative writing
[2026-06-03 06:49:05] [TRAIN] Prompt 44/48: rewards=[0.325, 0.375, 0.325, 0.438]
[2026-06-03 06:49:05] [TRAIN] Prompt 45 category: coding
[2026-06-03 06:49:12] [TRAIN] Prompt 45/48: rewards=[0.2, 0.0, 0.2, 0.2]
[2026-06-03 06:49:12] [TRAIN] Prompt 46 category: coding
[2026-06-03 06:49:19] [TRAIN] Prompt 46/48: rewards=[0.0, 0.1, 0.0, 0.0]
[2026-06-03 06:49:19] [TRAIN] Prompt 47 category: brainstorming
[2026-06-03 06:49:30] [TRAIN] Prompt 47/48: rewards=[0.3, 0.0, 0.0, 0.412]
[2026-06-03 06:49:30] [TRAIN] Prompt 48 category: coding
[2026-06-03 06:49:37] [TRAIN] Prompt 48/48: rewards=[1.0, 0.0, 1.0, 0.0]
[2026-06-03 06:49:37] [TRAIN] Rewards: mean=0.179, 8/192 >0.5 (mode=rubric)
[2026-06-03 06:49:37] [TRAIN] Sleeping replicas via CheckpointEngineManager...
[2026-06-03 06:49:37] [TRAIN] Replicas asleep
[2026-06-03 06:49:37] [TRAIN] Training batch built: {'prompts': torch.Size([192, 369]), 'input_ids': torch.Size([192, 881]), 'attention_mask': torch.Size([192, 881]), 'position_ids': torch.Size([192, 881]), 'responses': torch.Size([192, 512])}
[2026-06-03 06:49:37] [TRAIN] rm_scores computed (last-token placement)
[2026-06-03 06:49:37] [TRAIN] response_mask computed
[2026-06-03 06:50:19] [TRAIN] old_log_probs computed
[2026-06-03 06:50:19] [TRAIN] GRPO advantages computed
[2026-06-03 06:53:15] [TRAIN] Actor update completed — loss=0.0070
[2026-06-03 06:53:18] [TRAIN] Weight sync done in 3.0s (wake handled internally)
[2026-06-03 06:53:18] [TRAIN] train_step completed in 809.7s — reward=0.179 (8/192), loss=0.0070, grad_norm=0.121 | score=0.179, rewards=0.179, adv=-0.007 | rlen=501, plen=56, abort=0.000 | tps=132.1 tok/s/gpu, gen=1.17ms/tok, actor=1.64ms/tok
[2026-06-03 06:53:18] [TRAIN] train_step start: 48 prompts x 4 = 192 total
[2026-06-03 06:53:18] [TRAIN] Generating 192 responses (48 prompts x 4) with 16 concurrent workers
[2026-06-03 06:53:27] [TRAIN] Gen 12/192: prompt=7 resp=1785
[2026-06-03 06:53:28] [TRAIN] Gen 1/192: prompt=11 resp=2602
[2026-06-03 06:53:28] [TRAIN] Gen 4/192: prompt=11 resp=2649
[2026-06-03 06:53:28] [TRAIN] Gen 9/192: prompt=7 resp=2222
[2026-06-03 06:53:28] [TRAIN] Gen 3/192: prompt=11 resp=2582
[2026-06-03 06:53:28] [TRAIN] Gen 5/192: prompt=3 resp=2616
[2026-06-03 06:53:28] [TRAIN] Gen 11/192: prompt=7 resp=2017
[2026-06-03 06:53:28] [TRAIN] Gen 8/192: prompt=3 resp=2489
[2026-06-03 06:53:28] [TRAIN] Gen 6/192: prompt=3 resp=2496
[2026-06-03 06:53:28] [TRAIN] Gen 2/192: prompt=11 resp=2709
[2026-06-03 06:53:28] [TRAIN] Gen 7/192: prompt=3 resp=2438
[2026-06-03 06:53:28] [TRAIN] Gen 10/192: prompt=7 resp=2249
[2026-06-03 06:53:28] [TRAIN] Gen 14/192: prompt=9 resp=2072
[2026-06-03 06:53:28] [TRAIN] Gen 15/192: prompt=9 resp=2091
[2026-06-03 06:53:28] [TRAIN] Gen 13/192: prompt=9 resp=2161
[2026-06-03 06:53:28] [TRAIN] Gen 16/192: prompt=9 resp=2175
[2026-06-03 06:53:36] [TRAIN] Gen 17/192: prompt=15 resp=2229
[2026-06-03 06:53:37] [TRAIN] Gen 18/192: prompt=15 resp=2083
[2026-06-03 06:53:37] [TRAIN] Gen 25/192: prompt=43 resp=2625
[2026-06-03 06:53:37] [TRAIN] Gen 29/192: prompt=24 resp=2540
[2026-06-03 06:53:37] [TRAIN] Gen 23/192: prompt=81 resp=2166
[2026-06-03 06:53:37] [TRAIN] Gen 27/192: prompt=43 resp=2750
[2026-06-03 06:53:37] [TRAIN] Gen 22/192: prompt=81 resp=2344
[2026-06-03 06:53:37] [TRAIN] Gen 31/192: prompt=24 resp=2235
[2026-06-03 06:53:37] [TRAIN] Gen 32/192: prompt=24 resp=2461
[2026-06-03 06:53:37] [TRAIN] Gen 28/192: prompt=43 resp=2645
[2026-06-03 06:53:37] [TRAIN] Gen 26/192: prompt=43 resp=2701
[2026-06-03 06:53:37] [TRAIN] Gen 24/192: prompt=81 resp=2288
[2026-06-03 06:53:37] [TRAIN] Gen 20/192: prompt=15 resp=2047
[2026-06-03 06:53:37] [TRAIN] Gen 30/192: prompt=24 resp=2529
[2026-06-03 06:53:37] [TRAIN] Gen 19/192: prompt=15 resp=2092
[2026-06-03 06:53:37] [TRAIN] Gen 21/192: prompt=81 resp=2294
[2026-06-03 06:53:45] [TRAIN] Gen 33/192: prompt=16 resp=2456
[2026-06-03 06:53:46] [TRAIN] Gen 34/192: prompt=16 resp=2473
[2026-06-03 06:53:46] [TRAIN] Gen 40/192: prompt=5 resp=2011
[2026-06-03 06:53:46] [TRAIN] Gen 36/192: prompt=16 resp=2425
[2026-06-03 06:53:46] [TRAIN] Gen 42/192: prompt=14 resp=2677
[2026-06-03 06:53:46] [TRAIN] Gen 37/192: prompt=5 resp=2241
[2026-06-03 06:53:46] [TRAIN] Gen 44/192: prompt=14 resp=2596
[2026-06-03 06:53:46] [TRAIN] Gen 39/192: prompt=5 resp=2140
[2026-06-03 06:53:46] [TRAIN] Gen 35/192: prompt=16 resp=2484
[2026-06-03 06:53:46] [TRAIN] Gen 38/192: prompt=5 resp=2232
[2026-06-03 06:53:46] [TRAIN] Gen 43/192: prompt=14 resp=2635
[2026-06-03 06:53:46] [TRAIN] Gen 46/192: prompt=11 resp=2390
[2026-06-03 06:53:46] [TRAIN] Gen 41/192: prompt=14 resp=2659
[2026-06-03 06:53:46] [TRAIN] Gen 45/192: prompt=11 resp=2296
[2026-06-03 06:53:46] [TRAIN] Gen 48/192: prompt=11 resp=2352
[2026-06-03 06:53:46] [TRAIN] Gen 47/192: prompt=11 resp=2311
[2026-06-03 06:53:54] [TRAIN] Gen 49/192: prompt=25 resp=2155
[2026-06-03 06:53:55] [TRAIN] Gen 50/192: prompt=25 resp=2148
[2026-06-03 06:53:55] [TRAIN] Gen 54/192: prompt=46 resp=2349
[2026-06-03 06:53:55] [TRAIN] Gen 57/192: prompt=322 resp=2339
[2026-06-03 06:53:55] [TRAIN] Gen 53/192: prompt=46 resp=2349
[2026-06-03 06:53:55] [TRAIN] Gen 62/192: prompt=14 resp=2599
[2026-06-03 06:53:55] [TRAIN] Gen 59/192: prompt=322 resp=2464
[2026-06-03 06:53:55] [TRAIN] Gen 55/192: prompt=46 resp=2302
[2026-06-03 06:53:55] [TRAIN] Gen 52/192: prompt=25 resp=2100
[2026-06-03 06:53:55] [TRAIN] Gen 63/192: prompt=14 resp=2759
[2026-06-03 06:53:55] [TRAIN] Gen 51/192: prompt=25 resp=2238
[2026-06-03 06:53:55] [TRAIN] Gen 64/192: prompt=14 resp=2672
[2026-06-03 06:53:55] [TRAIN] Gen 61/192: prompt=14 resp=2795
[2026-06-03 06:53:55] [TRAIN] Gen 60/192: prompt=322 resp=2509
[2026-06-03 06:53:55] [TRAIN] Gen 56/192: prompt=46 resp=2387
[2026-06-03 06:53:55] [TRAIN] Gen 58/192: prompt=322 resp=2482
[2026-06-03 06:54:01] [TRAIN] Gen 75/192: prompt=8 resp=1498
[2026-06-03 06:54:03] [TRAIN] Gen 68/192: prompt=22 resp=1954
[2026-06-03 06:54:03] [TRAIN] Gen 76/192: prompt=8 resp=1709
[2026-06-03 06:54:03] [TRAIN] Gen 74/192: prompt=8 resp=1824
[2026-06-03 06:54:04] [TRAIN] Gen 65/192: prompt=22 resp=2444
[2026-06-03 06:54:05] [TRAIN] Gen 66/192: prompt=22 resp=2185
[2026-06-03 06:54:05] [TRAIN] Gen 67/192: prompt=22 resp=2241
[2026-06-03 06:54:05] [TRAIN] Gen 71/192: prompt=69 resp=2220
[2026-06-03 06:54:05] [TRAIN] Gen 77/192: prompt=10 resp=2181
[2026-06-03 06:54:05] [TRAIN] Gen 79/192: prompt=10 resp=2411
[2026-06-03 06:54:05] [TRAIN] Gen 80/192: prompt=10 resp=2186
[2026-06-03 06:54:05] [TRAIN] Gen 73/192: prompt=8 resp=2449
[2026-06-03 06:54:05] [TRAIN] Gen 69/192: prompt=69 resp=2168
[2026-06-03 06:54:05] [TRAIN] Gen 78/192: prompt=10 resp=2185
[2026-06-03 06:54:05] [TRAIN] Gen 70/192: prompt=69 resp=2169
[2026-06-03 06:54:05] [TRAIN] Gen 72/192: prompt=69 resp=2264
[2026-06-03 06:54:09] [TRAIN] Gen 85/192: prompt=6 resp=1393
[2026-06-03 06:54:09] [TRAIN] Gen 87/192: prompt=6 resp=1066
[2026-06-03 06:54:09] [TRAIN] Gen 95/192: prompt=6 resp=1249
[2026-06-03 06:54:10] [TRAIN] Gen 96/192: prompt=6 resp=1308
[2026-06-03 06:54:11] [TRAIN] Gen 81/192: prompt=103 resp=2475
[2026-06-03 06:54:11] [TRAIN] Gen 94/192: prompt=6 resp=1738
[2026-06-03 06:54:12] [TRAIN] Gen 93/192: prompt=6 resp=1870
[2026-06-03 06:54:12] [TRAIN] Gen 82/192: prompt=103 resp=2406
[2026-06-03 06:54:13] [TRAIN] Gen 83/192: prompt=103 resp=2391
[2026-06-03 06:54:13] [TRAIN] Gen 88/192: prompt=6 resp=1993
[2026-06-03 06:54:13] [TRAIN] Gen 84/192: prompt=103 resp=2555
[2026-06-03 06:54:14] [TRAIN] Gen 86/192: prompt=6 resp=2119
[2026-06-03 06:54:14] [TRAIN] Gen 91/192: prompt=19 resp=2342
[2026-06-03 06:54:14] [TRAIN] Gen 92/192: prompt=19 resp=2296
[2026-06-03 06:54:14] [TRAIN] Gen 90/192: prompt=19 resp=2411
[2026-06-03 06:54:14] [TRAIN] Gen 89/192: prompt=19 resp=2276
[2026-06-03 06:54:15] [TRAIN] Gen 98/192: prompt=64 resp=1381
[2026-06-03 06:54:15] [TRAIN] Gen 97/192: prompt=64 resp=1494
[2026-06-03 06:54:15] [TRAIN] Gen 99/192: prompt=64 resp=1424
[2026-06-03 06:54:16] [TRAIN] Gen 100/192: prompt=64 resp=1385
[2026-06-03 06:54:20] [TRAIN] Gen 115/192: prompt=284 resp=1252
[2026-06-03 06:54:21] [TRAIN] Gen 101/192: prompt=10 resp=2311
[2026-06-03 06:54:21] [TRAIN] Gen 106/192: prompt=22 resp=2216
[2026-06-03 06:54:21] [TRAIN] Gen 102/192: prompt=10 resp=2364
[2026-06-03 06:54:21] [TRAIN] Gen 105/192: prompt=22 resp=2231
[2026-06-03 06:54:21] [TRAIN] Gen 103/192: prompt=10 resp=2451
[2026-06-03 06:54:21] [TRAIN] Gen 107/192: prompt=22 resp=2248
[2026-06-03 06:54:22] [TRAIN] Gen 104/192: prompt=10 resp=2405
[2026-06-03 06:54:24] [TRAIN] Gen 108/192: prompt=22 resp=2703
[2026-06-03 06:54:24] [TRAIN] Gen 110/192: prompt=168 resp=2579
[2026-06-03 06:54:24] [TRAIN] Gen 109/192: prompt=168 resp=2576
[2026-06-03 06:54:24] [TRAIN] Gen 111/192: prompt=168 resp=2560
[2026-06-03 06:54:24] [TRAIN] Gen 112/192: prompt=168 resp=2447
[2026-06-03 06:54:25] [TRAIN] Gen 113/192: prompt=284 resp=2489
[2026-06-03 06:54:25] [TRAIN] Gen 114/192: prompt=284 resp=2356
[2026-06-03 06:54:26] [TRAIN] Gen 116/192: prompt=284 resp=2321
[2026-06-03 06:54:30] [TRAIN] Gen 117/192: prompt=122 resp=2026
[2026-06-03 06:54:30] [TRAIN] Gen 118/192: prompt=122 resp=2116
[2026-06-03 06:54:30] [TRAIN] Gen 119/192: prompt=122 resp=2147
[2026-06-03 06:54:31] [TRAIN] Gen 120/192: prompt=122 resp=2199
[2026-06-03 06:54:31] [TRAIN] Gen 121/192: prompt=98 resp=2081
[2026-06-03 06:54:31] [TRAIN] Gen 122/192: prompt=98 resp=1944
[2026-06-03 06:54:31] [TRAIN] Gen 123/192: prompt=98 resp=2202
[2026-06-03 06:54:31] [TRAIN] Gen 124/192: prompt=98 resp=1767
[2026-06-03 06:54:33] [TRAIN] Gen 125/192: prompt=67 resp=2100
[2026-06-03 06:54:34] [TRAIN] Gen 126/192: prompt=67 resp=2161
[2026-06-03 06:54:34] [TRAIN] Gen 127/192: prompt=67 resp=2103
[2026-06-03 06:54:34] [TRAIN] Gen 128/192: prompt=67 resp=2052
[2026-06-03 06:54:34] [TRAIN] Gen 129/192: prompt=22 resp=2612
[2026-06-03 06:54:34] [TRAIN] Gen 130/192: prompt=22 resp=2739
[2026-06-03 06:54:34] [TRAIN] Gen 131/192: prompt=22 resp=2660
[2026-06-03 06:54:35] [TRAIN] Gen 132/192: prompt=22 resp=2652
[2026-06-03 06:54:36] [TRAIN] Gen 142/192: prompt=84 resp=575
[2026-06-03 06:54:38] [TRAIN] Gen 144/192: prompt=84 resp=1021
[2026-06-03 06:54:39] [TRAIN] Gen 133/192: prompt=8 resp=2367
[2026-06-03 06:54:40] [TRAIN] Gen 134/192: prompt=8 resp=2544
[2026-06-03 06:54:40] [TRAIN] Gen 143/192: prompt=84 resp=1444
[2026-06-03 06:54:40] [TRAIN] Gen 135/192: prompt=8 resp=2517
[2026-06-03 06:54:41] [TRAIN] Gen 136/192: prompt=8 resp=2462
[2026-06-03 06:54:41] [TRAIN] Gen 137/192: prompt=22 resp=2021
[2026-06-03 06:54:41] [TRAIN] Gen 138/192: prompt=22 resp=1923
[2026-06-03 06:54:41] [TRAIN] Gen 141/192: prompt=84 resp=1718
[2026-06-03 06:54:41] [TRAIN] Gen 139/192: prompt=22 resp=1910
[2026-06-03 06:54:42] [TRAIN] Gen 140/192: prompt=22 resp=1930
[2026-06-03 06:54:44] [TRAIN] Gen 145/192: prompt=327 resp=2389
[2026-06-03 06:54:44] [TRAIN] Gen 146/192: prompt=327 resp=2360
[2026-06-03 06:54:44] [TRAIN] Gen 147/192: prompt=327 resp=2322
[2026-06-03 06:54:45] [TRAIN] Gen 148/192: prompt=327 resp=2306
[2026-06-03 06:54:46] [TRAIN] Gen 149/192: prompt=52 resp=2313
[2026-06-03 06:54:47] [TRAIN] Gen 159/192: prompt=31 resp=1515
[2026-06-03 06:54:48] [TRAIN] Gen 150/192: prompt=52 resp=2318
[2026-06-03 06:54:49] [TRAIN] Gen 151/192: prompt=52 resp=2332
[2026-06-03 06:54:50] [TRAIN] Gen 152/192: prompt=52 resp=2266
[2026-06-03 06:54:50] [TRAIN] Gen 153/192: prompt=9 resp=2101
[2026-06-03 06:54:50] [TRAIN] Gen 154/192: prompt=9 resp=2215
[2026-06-03 06:54:50] [TRAIN] Gen 155/192: prompt=9 resp=2154
[2026-06-03 06:54:50] [TRAIN] Gen 156/192: prompt=9 resp=2258
[2026-06-03 06:54:50] [TRAIN] Gen 157/192: prompt=31 resp=2479
[2026-06-03 06:54:50] [TRAIN] Gen 158/192: prompt=31 resp=2429
[2026-06-03 06:54:51] [TRAIN] Gen 160/192: prompt=31 resp=2354
[2026-06-03 06:54:53] [TRAIN] Gen 161/192: prompt=25 resp=2422
[2026-06-03 06:54:53] [TRAIN] Gen 169/192: prompt=18 resp=901
[2026-06-03 06:54:53] [TRAIN] Gen 162/192: prompt=25 resp=2549
[2026-06-03 06:54:53] [TRAIN] Gen 163/192: prompt=25 resp=2391
[2026-06-03 06:54:54] [TRAIN] Gen 164/192: prompt=25 resp=2558
[2026-06-03 06:54:55] [TRAIN] Gen 172/192: prompt=18 resp=1168
[2026-06-03 06:54:55] [TRAIN] Gen 174/192: prompt=377 resp=1118
[2026-06-03 06:54:55] [TRAIN] Gen 165/192: prompt=13 resp=2606
[2026-06-03 06:54:55] [TRAIN] Gen 170/192: prompt=18 resp=1534
[2026-06-03 06:54:56] [TRAIN] Gen 171/192: prompt=18 resp=1759
[2026-06-03 06:54:56] [TRAIN] Gen 166/192: prompt=13 resp=2774
[2026-06-03 06:54:57] [TRAIN] Gen 167/192: prompt=13 resp=2555
[2026-06-03 06:54:57] [TRAIN] Gen 176/192: prompt=377 resp=1751
[2026-06-03 06:54:58] [TRAIN] Gen 168/192: prompt=13 resp=2630
[2026-06-03 06:54:59] [TRAIN] Gen 173/192: prompt=377 resp=2269
[2026-06-03 06:54:59] [TRAIN] Gen 175/192: prompt=377 resp=2233
[2026-06-03 06:55:02] [TRAIN] Gen 177/192: prompt=44 resp=2679
[2026-06-03 06:55:02] [TRAIN] Gen 178/192: prompt=44 resp=2708
[2026-06-03 06:55:02] [TRAIN] Gen 179/192: prompt=44 resp=2683
[2026-06-03 06:55:03] [TRAIN] Gen 180/192: prompt=44 resp=2797
[2026-06-03 06:55:03] [TRAIN] Gen 181/192: prompt=20 resp=2620
[2026-06-03 06:55:04] [TRAIN] Gen 182/192: prompt=20 resp=2584
[2026-06-03 06:55:04] [TRAIN] Gen 183/192: prompt=20 resp=2613
[2026-06-03 06:55:05] [TRAIN] Gen 184/192: prompt=20 resp=2667
[2026-06-03 06:55:05] [TRAIN] Gen 185/192: prompt=10 resp=2225
[2026-06-03 06:55:05] [TRAIN] Gen 186/192: prompt=10 resp=2398
[2026-06-03 06:55:06] [TRAIN] Gen 187/192: prompt=10 resp=2289
[2026-06-03 06:55:07] [TRAIN] Gen 188/192: prompt=10 resp=2261
[2026-06-03 06:55:07] [TRAIN] Gen 189/192: prompt=12 resp=2521
[2026-06-03 06:55:08] [TRAIN] Gen 190/192: prompt=12 resp=2622
[2026-06-03 06:55:09] [TRAIN] Gen 191/192: prompt=12 resp=2552
[2026-06-03 06:55:09] [TRAIN] Gen 192/192: prompt=12 resp=2516
[2026-06-03 06:55:09] [TRAIN] Generation done in 110.8s
[2026-06-03 06:55:09] [TRAIN] Prompt 1 category: brainstorming
[2026-06-03 06:55:20] [TRAIN] Prompt 1/48: rewards=[0.338, 0.0, 0.375, 0.0]
[2026-06-03 06:55:20] [TRAIN] Prompt 2 category: explanation
[2026-06-03 06:55:32] [TRAIN] Prompt 2/48: rewards=[0.3, 0.425, 0.3, 0.0]
[2026-06-03 06:55:32] [TRAIN] Prompt 3 category: coding
[2026-06-03 06:55:38] [TRAIN] Prompt 3/48: rewards=[0.0, 0.0, 0.2, 0.0]
[2026-06-03 06:55:49] [TRAIN] Prompt 4/48: rewards=[0.275, 0.237, 0.287, 0.362]
[2026-06-03 06:55:49] [TRAIN] Prompt 5 category: explanation
[2026-06-03 06:56:01] [TRAIN] Prompt 5/48: rewards=[0.0, 0.362, 0.0, 0.0]
[2026-06-03 06:56:01] [TRAIN] Prompt 6 category: math
[2026-06-03 06:56:07] [TRAIN] Prompt 6/48: rewards=[0.0, 0.0, 0.0, 0.0]
[2026-06-03 06:56:07] [TRAIN] Prompt 7 category: creative writing
[2026-06-03 06:56:18] [TRAIN] Prompt 7/48: rewards=[0.487, 0.425, 0.325, 0.375]
[2026-06-03 06:56:18] [TRAIN] Prompt 8 category: coding
[2026-06-03 06:56:24] [TRAIN] Prompt 8/48: rewards=[0.0, 0.0, 0.0, 0.0]
[2026-06-03 06:56:24] [TRAIN] Prompt 9 category: creative writing
[2026-06-03 06:56:34] [TRAIN] Prompt 9/48: rewards=[0.0, 0.35, 0.412, 0.375]
[2026-06-03 06:56:34] [TRAIN] Prompt 10 category: coding
[2026-06-03 06:56:40] [TRAIN] Prompt 10/48: rewards=[0.1, 0.0, 0.0, 0.0]
[2026-06-03 06:56:40] [TRAIN] Prompt 11 category: creative writing
[2026-06-03 06:56:52] [TRAIN] Prompt 11/48: rewards=[0.0, 0.0, 0.237, 0.412]
[2026-06-03 06:56:52] [TRAIN] Prompt 12 category: explanation
[2026-06-03 06:57:03] [TRAIN] Prompt 12/48: rewards=[0.225, 0.325, 0.275, 0.1]
[2026-06-03 06:57:03] [TRAIN] Prompt 13 category: coding
[2026-06-03 06:57:10] [TRAIN] Prompt 13/48: rewards=[0.3, 0.0, 0.25, 0.0]
[2026-06-03 06:57:10] [TRAIN] Prompt 14 category: coding
[2026-06-03 06:57:16] [TRAIN] Prompt 14/48: rewards=[0.2, 0.175, 0.2, 0.0]
[2026-06-03 06:57:16] [TRAIN] Prompt 15 category: coding
[2026-06-03 06:57:23] [TRAIN] Prompt 15/48: rewards=[0.0, 0.0, 0.0, 0.0]
[2026-06-03 06:57:33] [TRAIN] Prompt 16/48: rewards=[0.25, 0.338, 0.325, 0.263]
[2026-06-03 06:57:33] [TRAIN] Prompt 17 category: brainstorming
[2026-06-03 06:57:45] [TRAIN] Prompt 17/48: rewards=[0.0, 0.225, 0.0, 0.463]
[2026-06-03 06:57:45] [TRAIN] Prompt 18 category: creative writing
[2026-06-03 06:57:56] [TRAIN] Prompt 18/48: rewards=[0.275, 0.0, 0.275, 0.0]
[2026-06-03 06:57:56] [TRAIN] Prompt 19 category: translation
[2026-06-03 06:58:07] [TRAIN] Prompt 19/48: rewards=[0.338, 0.512, 1.0, 0.0]
[2026-06-03 06:58:17] [TRAIN] Prompt 20/48: rewards=[0.338, 0.0, 0.35, 0.287]
[2026-06-03 06:58:17] [TRAIN] Prompt 21 category: debugging
[2026-06-03 06:58:22] [TRAIN] Prompt 21/48: rewards=[0.0, 0.0, 0.1, 0.0]
[2026-06-03 06:58:35] [TRAIN] Prompt 22/48: rewards=[0.588, 0.0, 0.438, 0.45]
[2026-06-03 06:58:35] [TRAIN] Prompt 23 category: coding
[2026-06-03 06:58:42] [TRAIN] Prompt 23/48: rewards=[0.1, 0.225, 0.15, 0.0]
[2026-06-03 06:58:42] [TRAIN] Prompt 24 category: creative writing
[2026-06-03 06:58:53] [TRAIN] Prompt 24/48: rewards=[0.6, 0.6, 0.55, 0.0]
[2026-06-03 06:58:53] [TRAIN] Prompt 25 category: creative writing
[2026-06-03 06:59:05] [TRAIN] Prompt 25/48: rewards=[0.55, 0.0, 0.0, 0.55]
[2026-06-03 06:59:15] [TRAIN] Prompt 26/48: rewards=[0.362, 0.438, 0.0, 0.35]
[2026-06-03 06:59:15] [TRAIN] Prompt 27 category: copywriting
[2026-06-03 06:59:26] [TRAIN] Prompt 27/48: rewards=[0.487, 0.5, 0.487, 0.512]
[2026-06-03 06:59:26] [TRAIN] Prompt 28 category: debugging
[2026-06-03 06:59:32] [TRAIN] Prompt 28/48: rewards=[0.0, 0.0, 0.0, 0.0]
[2026-06-03 06:59:32] [TRAIN] Prompt 29 category: coding
[2026-06-03 06:59:38] [TRAIN] Prompt 29/48: rewards=[0.0, 0.0, 0.0, 0.0]
[2026-06-03 06:59:38] [TRAIN] Prompt 30 category: debating
[2026-06-03 06:59:50] [TRAIN] Prompt 30/48: rewards=[0.312, 0.325, 0.0, 0.475]
[2026-06-03 06:59:50] [TRAIN] Prompt 31 category: instruction following
[2026-06-03 07:00:01] [TRAIN] Prompt 31/48: rewards=[0.325, 0.1, 0.0, 0.0]
[2026-06-03 07:00:01] [TRAIN] Prompt 32 category: brainstorming
[2026-06-03 07:00:12] [TRAIN] Prompt 32/48: rewards=[0.25, 0.3, 0.275, 0.0]
[2026-06-03 07:00:12] [TRAIN] Prompt 33 category: brainstorming
[2026-06-03 07:00:21] [TRAIN] Prompt 33/48: rewards=[0.362, 0.475, 0.338, 0.05]
[2026-06-03 07:00:21] [TRAIN] Prompt 34 category: creative writing
[2026-06-03 07:00:34] [TRAIN] Prompt 34/48: rewards=[0.263, 0.375, 0.0, 0.388]
[2026-06-03 07:00:34] [TRAIN] Prompt 35 category: translation
[2026-06-03 07:00:46] [TRAIN] Prompt 35/48: rewards=[0.087, 0.0, 0.0, 0.0]
[2026-06-03 07:00:46] [TRAIN] Prompt 36 category: coding
[2026-06-03 07:00:54] [TRAIN] Prompt 36/48: rewards=[0.0, 0.0, 0.25, 0.0]
[2026-06-03 07:00:54] [TRAIN] Prompt 37 category: debugging
[2026-06-03 07:01:00] [TRAIN] Prompt 37/48: rewards=[0.0, 0.25, 0.0, 0.25]
[2026-06-03 07:01:00] [TRAIN] Prompt 38 category: debugging
[2026-06-03 07:01:06] [TRAIN] Prompt 38/48: rewards=[0.0, 0.2, 0.2, 0.0]
[2026-06-03 07:01:06] [TRAIN] Prompt 39 category: coding
[2026-06-03 07:01:13] [TRAIN] Prompt 39/48: rewards=[0.0, 0.0, 0.275, 0.0]
[2026-06-03 07:01:13] [TRAIN] Prompt 40 category: instruction following
[2026-06-03 07:01:26] [TRAIN] Prompt 40/48: rewards=[0.0, 0.0, 0.0, 0.362]
[2026-06-03 07:01:26] [TRAIN] Prompt 41 category: explanation
[2026-06-03 07:01:39] [TRAIN] Prompt 41/48: rewards=[0.263, 0.087, 0.325, 0.0]
[2026-06-03 07:01:51] [TRAIN] Prompt 42/48: rewards=[0.125, 0.463, 0.0, 0.312]
[2026-06-03 07:01:51] [TRAIN] Prompt 43 category: explanation
[2026-06-03 07:02:02] [TRAIN] Prompt 43/48: rewards=[0.388, 0.487, 0.412, 0.362]
[2026-06-03 07:02:02] [TRAIN] Prompt 44 category: coding
[2026-06-03 07:02:09] [TRAIN] Prompt 44/48: rewards=[0.2, 0.2, 0.0, 0.0]
[2026-06-03 07:02:09] [TRAIN] Prompt 45 category: logical reasoning
[2026-06-03 07:02:16] [TRAIN] Prompt 45/48: rewards=[0.45, 0.0, 0.0, 0.0]
[2026-06-03 07:02:16] [TRAIN] Prompt 46 category: math
[2026-06-03 07:02:22] [TRAIN] Prompt 46/48: rewards=[0.0, 0.0, 0.0, 0.0]
[2026-06-03 07:02:33] [TRAIN] Prompt 47/48: rewards=[0.338, 0.275, 0.275, 0.388]
[2026-06-03 07:02:33] [TRAIN] Prompt 48 category: explanation
[2026-06-03 07:02:43] [TRAIN] Prompt 48/48: rewards=[0.25, 0.412, 0.3, 0.225]
[2026-06-03 07:02:43] [TRAIN] Rewards: mean=0.184, 9/192 >0.5 (mode=rubric)
[2026-06-03 07:02:43] [TRAIN] Sleeping replicas via CheckpointEngineManager...
[2026-06-03 07:02:43] [TRAIN] Replicas asleep
[2026-06-03 07:02:43] [TRAIN] Training batch built: {'prompts': torch.Size([192, 377]), 'input_ids': torch.Size([192, 890]), 'attention_mask': torch.Size([192, 890]), 'position_ids': torch.Size([192, 890]), 'responses': torch.Size([192, 513])}
[2026-06-03 07:02:43] [TRAIN] rm_scores computed (last-token placement)
[2026-06-03 07:02:43] [TRAIN] response_mask computed
[2026-06-03 07:03:23] [TRAIN] old_log_probs computed
[2026-06-03 07:03:24] [TRAIN] GRPO advantages computed
[2026-06-03 07:06:16] [TRAIN] Actor update completed — loss=0.0013
[2026-06-03 07:06:18] [TRAIN] Weight sync done in 1.7s (wake handled internally)
[2026-06-03 07:06:18] [TRAIN] train_step completed in 779.7s — reward=0.184 (9/192), loss=0.0013, grad_norm=0.124 | score=0.184, rewards=0.184, adv=-0.001 | rlen=482, plen=58, abort=0.000 | tps=133.0 tok/s/gpu, gen=1.20ms/tok, actor=1.66ms/tok
[2026-06-03 07:06:18] [TRAIN] train_step start: 48 prompts x 4 = 192 total
[2026-06-03 07:06:18] [TRAIN] Generating 192 responses (48 prompts x 4) with 16 concurrent workers
[2026-06-03 07:06:28] [TRAIN] Gen 1/192: prompt=12 resp=2757
[2026-06-03 07:06:28] [TRAIN] Gen 2/192: prompt=12 resp=2849
[2026-06-03 07:06:28] [TRAIN] Gen 4/192: prompt=12 resp=2835
[2026-06-03 07:06:28] [TRAIN] Gen 5/192: prompt=12 resp=2132
[2026-06-03 07:06:28] [TRAIN] Gen 8/192: prompt=12 resp=2317
[2026-06-03 07:06:28] [TRAIN] Gen 10/192: prompt=138 resp=2369
[2026-06-03 07:06:28] [TRAIN] Gen 13/192: prompt=496 resp=2622
[2026-06-03 07:06:28] [TRAIN] Gen 16/192: prompt=496 resp=2549
[2026-06-03 07:06:28] [TRAIN] Gen 15/192: prompt=496 resp=2590
[2026-06-03 07:06:28] [TRAIN] Gen 12/192: prompt=138 resp=2496
[2026-06-03 07:06:28] [TRAIN] Gen 6/192: prompt=12 resp=2284
[2026-06-03 07:06:28] [TRAIN] Gen 9/192: prompt=138 resp=2483
[2026-06-03 07:06:28] [TRAIN] Gen 14/192: prompt=496 resp=2607
[2026-06-03 07:06:28] [TRAIN] Gen 11/192: prompt=138 resp=2339
[2026-06-03 07:06:28] [TRAIN] Gen 7/192: prompt=12 resp=2207
[2026-06-03 07:06:28] [TRAIN] Gen 3/192: prompt=12 resp=2740
[2026-06-03 07:06:34] [TRAIN] Gen 25/192: prompt=13 resp=1415
[2026-06-03 07:06:34] [TRAIN] Gen 26/192: prompt=13 resp=1397
[2026-06-03 07:06:34] [TRAIN] Gen 27/192: prompt=13 resp=1411
[2026-06-03 07:06:37] [TRAIN] Gen 17/192: prompt=312 resp=2411
[2026-06-03 07:06:37] [TRAIN] Gen 18/192: prompt=312 resp=2422
[2026-06-03 07:06:37] [TRAIN] Gen 24/192: prompt=14 resp=2242
[2026-06-03 07:06:37] [TRAIN] Gen 19/192: prompt=312 resp=2330
[2026-06-03 07:06:37] [TRAIN] Gen 22/192: prompt=14 resp=2184
[2026-06-03 07:06:37] [TRAIN] Gen 20/192: prompt=312 resp=2402
[2026-06-03 07:06:37] [TRAIN] Gen 21/192: prompt=14 resp=2206
[2026-06-03 07:06:37] [TRAIN] Gen 31/192: prompt=95 resp=1565
[2026-06-03 07:06:37] [TRAIN] Gen 30/192: prompt=95 resp=1613
[2026-06-03 07:06:37] [TRAIN] Gen 23/192: prompt=14 resp=2209
[2026-06-03 07:06:37] [TRAIN] Gen 29/192: prompt=95 resp=1527
[2026-06-03 07:06:37] [TRAIN] Gen 28/192: prompt=13 resp=2493
[2026-06-03 07:06:37] [TRAIN] Gen 32/192: prompt=95 resp=1383
[2026-06-03 07:06:43] [TRAIN] Gen 33/192: prompt=60 resp=2155
[2026-06-03 07:06:43] [TRAIN] Gen 34/192: prompt=60 resp=2013
[2026-06-03 07:06:43] [TRAIN] Gen 35/192: prompt=60 resp=2136
[2026-06-03 07:06:46] [TRAIN] Gen 36/192: prompt=60 resp=2067
[2026-06-03 07:06:46] [TRAIN] Gen 37/192: prompt=9 resp=2405
[2026-06-03 07:06:46] [TRAIN] Gen 41/192: prompt=15 resp=2038
[2026-06-03 07:06:46] [TRAIN] Gen 42/192: prompt=15 resp=2027
[2026-06-03 07:06:46] [TRAIN] Gen 38/192: prompt=9 resp=2388
[2026-06-03 07:06:46] [TRAIN] Gen 40/192: prompt=9 resp=2259
[2026-06-03 07:06:46] [TRAIN] Gen 39/192: prompt=9 resp=2288
[2026-06-03 07:06:46] [TRAIN] Gen 43/192: prompt=15 resp=2128
[2026-06-03 07:06:46] [TRAIN] Gen 48/192: prompt=29 resp=2011
[2026-06-03 07:06:46] [TRAIN] Gen 44/192: prompt=15 resp=2074
[2026-06-03 07:06:46] [TRAIN] Gen 46/192: prompt=29 resp=2039
[2026-06-03 07:06:46] [TRAIN] Gen 47/192: prompt=29 resp=2103
[2026-06-03 07:06:46] [TRAIN] Gen 45/192: prompt=29 resp=2024
[2026-06-03 07:06:50] [TRAIN] Gen 53/192: prompt=7 resp=874
[2026-06-03 07:06:50] [TRAIN] Gen 55/192: prompt=7 resp=1116
[2026-06-03 07:06:51] [TRAIN] Gen 56/192: prompt=7 resp=1279
[2026-06-03 07:06:52] [TRAIN] Gen 49/192: prompt=23 resp=2239
[2026-06-03 07:06:52] [TRAIN] Gen 50/192: prompt=23 resp=2545
[2026-06-03 07:06:52] [TRAIN] Gen 51/192: prompt=23 resp=2432
[2026-06-03 07:06:53] [TRAIN] Gen 54/192: prompt=7 resp=1698
[2026-06-03 07:06:55] [TRAIN] Gen 52/192: prompt=23 resp=2467
[2026-06-03 07:06:55] [TRAIN] Gen 57/192: prompt=8 resp=2532
[2026-06-03 07:06:55] [TRAIN] Gen 58/192: prompt=8 resp=2528
[2026-06-03 07:06:55] [TRAIN] Gen 59/192: prompt=8 resp=2519
[2026-06-03 07:06:55] [TRAIN] Gen 61/192: prompt=31 resp=1765
[2026-06-03 07:06:55] [TRAIN] Gen 60/192: prompt=8 resp=2482
[2026-06-03 07:06:55] [TRAIN] Gen 64/192: prompt=31 resp=1808
[2026-06-03 07:06:55] [TRAIN] Gen 62/192: prompt=31 resp=2072
[2026-06-03 07:06:55] [TRAIN] Gen 63/192: prompt=31 resp=1997
[2026-06-03 07:06:58] [TRAIN] Gen 65/192: prompt=9 resp=2079
[2026-06-03 07:07:00] [TRAIN] Gen 66/192: prompt=9 resp=2398
[2026-06-03 07:07:00] [TRAIN] Gen 67/192: prompt=9 resp=2320
[2026-06-03 07:07:01] [TRAIN] Gen 68/192: prompt=9 resp=2409
[2026-06-03 07:07:01] [TRAIN] Gen 69/192: prompt=38 resp=2813
[2026-06-03 07:07:01] [TRAIN] Gen 70/192: prompt=38 resp=2860
[2026-06-03 07:07:02] [TRAIN] Gen 71/192: prompt=38 resp=2858
[2026-06-03 07:07:04] [TRAIN] Gen 72/192: prompt=38 resp=2720
[2026-06-03 07:07:04] [TRAIN] Gen 73/192: prompt=13 resp=2700
[2026-06-03 07:07:04] [TRAIN] Gen 74/192: prompt=13 resp=2853
[2026-06-03 07:07:04] [TRAIN] Gen 80/192: prompt=19 resp=2303
[2026-06-03 07:07:04] [TRAIN] Gen 76/192: prompt=13 resp=2717
[2026-06-03 07:07:04] [TRAIN] Gen 75/192: prompt=13 resp=2789
[2026-06-03 07:07:04] [TRAIN] Gen 78/192: prompt=19 resp=2258
[2026-06-03 07:07:04] [TRAIN] Gen 79/192: prompt=19 resp=2413
[2026-06-03 07:07:04] [TRAIN] Gen 77/192: prompt=19 resp=2320
[2026-06-03 07:07:07] [TRAIN] Gen 81/192: prompt=23 resp=2206
[2026-06-03 07:07:09] [TRAIN] Gen 82/192: prompt=23 resp=2205
[2026-06-03 07:07:09] [TRAIN] Gen 83/192: prompt=23 resp=2197
[2026-06-03 07:07:10] [TRAIN] Gen 84/192: prompt=23 resp=2285
[2026-06-03 07:07:10] [TRAIN] Gen 85/192: prompt=39 resp=2518
[2026-06-03 07:07:10] [TRAIN] Gen 86/192: prompt=39 resp=2649
[2026-06-03 07:07:11] [TRAIN] Gen 87/192: prompt=39 resp=2533
[2026-06-03 07:07:14] [TRAIN] Gen 88/192: prompt=39 resp=2572
[2026-06-03 07:07:14] [TRAIN] Gen 89/192: prompt=80 resp=2535
[2026-06-03 07:07:14] [TRAIN] Gen 90/192: prompt=80 resp=2543
[2026-06-03 07:07:14] [TRAIN] Gen 95/192: prompt=58 resp=2391
[2026-06-03 07:07:14] [TRAIN] Gen 94/192: prompt=58 resp=2449
[2026-06-03 07:07:14] [TRAIN] Gen 93/192: prompt=58 resp=2419
[2026-06-03 07:07:14] [TRAIN] Gen 96/192: prompt=58 resp=2436
[2026-06-03 07:07:14] [TRAIN] Gen 92/192: prompt=80 resp=2557
[2026-06-03 07:07:14] [TRAIN] Gen 91/192: prompt=80 resp=2494
[2026-06-03 07:07:16] [TRAIN] Gen 97/192: prompt=5 resp=2191
[2026-06-03 07:07:18] [TRAIN] Gen 98/192: prompt=5 resp=2164
[2026-06-03 07:07:19] [TRAIN] Gen 99/192: prompt=5 resp=2192
[2026-06-03 07:07:19] [TRAIN] Gen 100/192: prompt=5 resp=2141
[2026-06-03 07:07:19] [TRAIN] Gen 101/192: prompt=17 resp=2646
[2026-06-03 07:07:19] [TRAIN] Gen 102/192: prompt=17 resp=2649
[2026-06-03 07:07:21] [TRAIN] Gen 103/192: prompt=17 resp=2552
[2026-06-03 07:07:23] [TRAIN] Gen 104/192: prompt=17 resp=2552
[2026-06-03 07:07:23] [TRAIN] Gen 106/192: prompt=9 resp=2424
[2026-06-03 07:07:23] [TRAIN] Gen 105/192: prompt=9 resp=2297
[2026-06-03 07:07:23] [TRAIN] Gen 111/192: prompt=7 resp=2408
[2026-06-03 07:07:23] [TRAIN] Gen 110/192: prompt=7 resp=2520
[2026-06-03 07:07:23] [TRAIN] Gen 109/192: prompt=7 resp=2482
[2026-06-03 07:07:23] [TRAIN] Gen 107/192: prompt=9 resp=2314
[2026-06-03 07:07:23] [TRAIN] Gen 108/192: prompt=9 resp=2440
[2026-06-03 07:07:23] [TRAIN] Gen 112/192: prompt=7 resp=2418
[2026-06-03 07:07:25] [TRAIN] Gen 113/192: prompt=213 resp=2461
[2026-06-03 07:07:27] [TRAIN] Gen 114/192: prompt=213 resp=2525
[2026-06-03 07:07:28] [TRAIN] Gen 115/192: prompt=213 resp=2358
[2026-06-03 07:07:28] [TRAIN] Gen 116/192: prompt=213 resp=2501
[2026-06-03 07:07:28] [TRAIN] Gen 117/192: prompt=15 resp=2614
[2026-06-03 07:07:29] [TRAIN] Gen 118/192: prompt=15 resp=2566
[2026-06-03 07:07:30] [TRAIN] Gen 119/192: prompt=15 resp=2606
[2026-06-03 07:07:32] [TRAIN] Gen 120/192: prompt=15 resp=2533
[2026-06-03 07:07:32] [TRAIN] Gen 122/192: prompt=34 resp=2526
[2026-06-03 07:07:32] [TRAIN] Gen 121/192: prompt=34 resp=2586
[2026-06-03 07:07:32] [TRAIN] Gen 127/192: prompt=29 resp=2185
[2026-06-03 07:07:32] [TRAIN] Gen 124/192: prompt=34 resp=2440
[2026-06-03 07:07:32] [TRAIN] Gen 126/192: prompt=29 resp=2383
[2026-06-03 07:07:32] [TRAIN] Gen 128/192: prompt=29 resp=2411
[2026-06-03 07:07:32] [TRAIN] Gen 125/192: prompt=29 resp=2222
[2026-06-03 07:07:32] [TRAIN] Gen 123/192: prompt=34 resp=2446
[2026-06-03 07:07:35] [TRAIN] Gen 129/192: prompt=64 resp=2047
[2026-06-03 07:07:37] [TRAIN] Gen 130/192: prompt=64 resp=2061
[2026-06-03 07:07:37] [TRAIN] Gen 131/192: prompt=64 resp=2055
[2026-06-03 07:07:38] [TRAIN] Gen 132/192: prompt=64 resp=2244
[2026-06-03 07:07:38] [TRAIN] Gen 133/192: prompt=13 resp=2235
[2026-06-03 07:07:38] [TRAIN] Gen 134/192: prompt=13 resp=2479
[2026-06-03 07:07:39] [TRAIN] Gen 135/192: prompt=13 resp=2263
[2026-06-03 07:07:42] [TRAIN] Gen 136/192: prompt=13 resp=2271
[2026-06-03 07:07:42] [TRAIN] Gen 137/192: prompt=19 resp=2633
[2026-06-03 07:07:42] [TRAIN] Gen 138/192: prompt=19 resp=2692
[2026-06-03 07:07:42] [TRAIN] Gen 144/192: prompt=263 resp=1952
[2026-06-03 07:07:42] [TRAIN] Gen 143/192: prompt=263 resp=2513
[2026-06-03 07:07:42] [TRAIN] Gen 139/192: prompt=19 resp=2585
[2026-06-03 07:07:42] [TRAIN] Gen 142/192: prompt=263 resp=1891
[2026-06-03 07:07:42] [TRAIN] Gen 141/192: prompt=263 resp=1809
[2026-06-03 07:07:42] [TRAIN] Gen 140/192: prompt=19 resp=2592
[2026-06-03 07:07:44] [TRAIN] Gen 145/192: prompt=34 resp=2397
[2026-06-03 07:07:46] [TRAIN] Gen 146/192: prompt=34 resp=2385
[2026-06-03 07:07:47] [TRAIN] Gen 147/192: prompt=34 resp=2397
[2026-06-03 07:07:47] [TRAIN] Gen 148/192: prompt=34 resp=2405
[2026-06-03 07:07:47] [TRAIN] Gen 149/192: prompt=10 resp=2473
[2026-06-03 07:07:47] [TRAIN] Gen 150/192: prompt=10 resp=2450
[2026-06-03 07:07:49] [TRAIN] Gen 151/192: prompt=10 resp=2476
[2026-06-03 07:07:51] [TRAIN] Gen 152/192: prompt=10 resp=2159
[2026-06-03 07:07:51] [TRAIN] Gen 154/192: prompt=19 resp=2355
[2026-06-03 07:07:51] [TRAIN] Gen 153/192: prompt=19 resp=2189
[2026-06-03 07:07:51] [TRAIN] Gen 157/192: prompt=18 resp=2422
[2026-06-03 07:07:51] [TRAIN] Gen 160/192: prompt=18 resp=2413
[2026-06-03 07:07:51] [TRAIN] Gen 159/192: prompt=18 resp=2438
[2026-06-03 07:07:51] [TRAIN] Gen 158/192: prompt=18 resp=2320
[2026-06-03 07:07:51] [TRAIN] Gen 156/192: prompt=19 resp=2222
[2026-06-03 07:07:51] [TRAIN] Gen 155/192: prompt=19 resp=2232
[2026-06-03 07:07:54] [TRAIN] Gen 161/192: prompt=28 resp=2716
[2026-06-03 07:07:56] [TRAIN] Gen 162/192: prompt=28 resp=2655
[2026-06-03 07:07:57] [TRAIN] Gen 163/192: prompt=28 resp=2583
[2026-06-03 07:07:57] [TRAIN] Gen 164/192: prompt=28 resp=2802
[2026-06-03 07:07:57] [TRAIN] Gen 165/192: prompt=46 resp=2125
[2026-06-03 07:07:57] [TRAIN] Gen 166/192: prompt=46 resp=2145
[2026-06-03 07:07:58] [TRAIN] Gen 167/192: prompt=46 resp=2113
[2026-06-03 07:08:01] [TRAIN] Gen 168/192: prompt=46 resp=2143
[2026-06-03 07:08:01] [TRAIN] Gen 169/192: prompt=10 resp=2525
[2026-06-03 07:08:01] [TRAIN] Gen 170/192: prompt=10 resp=2538
[2026-06-03 07:08:01] [TRAIN] Gen 172/192: prompt=10 resp=2451
[2026-06-03 07:08:01] [TRAIN] Gen 171/192: prompt=10 resp=2587
[2026-06-03 07:08:01] [TRAIN] Gen 175/192: prompt=8 resp=2501
[2026-06-03 07:08:01] [TRAIN] Gen 176/192: prompt=8 resp=2326
[2026-06-03 07:08:01] [TRAIN] Gen 173/192: prompt=8 resp=2495
[2026-06-03 07:08:01] [TRAIN] Gen 174/192: prompt=8 resp=2505
[2026-06-03 07:08:04] [TRAIN] Gen 177/192: prompt=4 resp=2428
[2026-06-03 07:08:06] [TRAIN] Gen 178/192: prompt=4 resp=2514
[2026-06-03 07:08:07] [TRAIN] Gen 179/192: prompt=4 resp=2438
[2026-06-03 07:08:07] [TRAIN] Gen 180/192: prompt=4 resp=2425
[2026-06-03 07:08:07] [TRAIN] Gen 181/192: prompt=17 resp=2024
[2026-06-03 07:08:07] [TRAIN] Gen 182/192: prompt=17 resp=2178
[2026-06-03 07:08:09] [TRAIN] Gen 183/192: prompt=17 resp=1956
[2026-06-03 07:08:11] [TRAIN] Gen 184/192: prompt=17 resp=2054
[2026-06-03 07:08:11] [TRAIN] Gen 186/192: prompt=16 resp=2078
[2026-06-03 07:08:11] [TRAIN] Gen 185/192: prompt=16 resp=2134
[2026-06-03 07:08:11] [TRAIN] Gen 192/192: prompt=35 resp=1907
[2026-06-03 07:08:11] [TRAIN] Gen 190/192: prompt=35 resp=1852
[2026-06-03 07:08:11] [TRAIN] Gen 189/192: prompt=35 resp=1939
[2026-06-03 07:08:11] [TRAIN] Gen 191/192: prompt=35 resp=2081
[2026-06-03 07:08:11] [TRAIN] Gen 187/192: prompt=16 resp=2192
[2026-06-03 07:08:11] [TRAIN] Gen 188/192: prompt=16 resp=2112
[2026-06-03 07:08:11] [TRAIN] Generation done in 113.0s
[2026-06-03 07:08:22] [TRAIN] Prompt 1/48: rewards=[0.237, 0.225, 0.237, 0.0]
[2026-06-03 07:08:22] [TRAIN] Prompt 2 category: coding
[2026-06-03 07:08:29] [TRAIN] Prompt 2/48: rewards=[0.0, 0.15, 0.0, 0.0]
[2026-06-03 07:08:29] [TRAIN] Prompt 3 category: creative writing
[2026-06-03 07:08:40] [TRAIN] Prompt 3/48: rewards=[0.0, 0.525, 0.0, 0.0]
[2026-06-03 07:08:40] [TRAIN] Prompt 4 category: coding
[2026-06-03 07:08:45] [TRAIN] Prompt 4/48: rewards=[0.05, 0.0, 0.0, 0.0]
[2026-06-03 07:08:45] [TRAIN] Prompt 5 category: debugging
[2026-06-03 07:08:49] [TRAIN] Prompt 5/48: rewards=[0.0, 0.0, 0.0, 0.0]
[2026-06-03 07:08:49] [TRAIN] Prompt 6 category: explanation
[2026-06-03 07:09:01] [TRAIN] Prompt 6/48: rewards=[0.35, 0.0, 0.275, 0.15]
[2026-06-03 07:09:13] [TRAIN] Prompt 7/48: rewards=[0.0, 1.0, 0.0, 0.988]
[2026-06-03 07:09:13] [TRAIN] Prompt 8 category: math
[2026-06-03 07:09:20] [TRAIN] Prompt 8/48: rewards=[0.0, 0.0, 0.0, 0.0]
[2026-06-03 07:09:20] [TRAIN] Prompt 9 category: coding
[2026-06-03 07:09:26] [TRAIN] Prompt 9/48: rewards=[0.0, 0.0, 0.0, 0.0]
[2026-06-03 07:09:26] [TRAIN] Prompt 10 category: explanation
[2026-06-03 07:09:37] [TRAIN] Prompt 10/48: rewards=[0.0, 0.0, 0.15, 0.1]
[2026-06-03 07:09:37] [TRAIN] Prompt 11 category: coding
[2026-06-03 07:09:43] [TRAIN] Prompt 11/48: rewards=[0.0, 0.0, 0.0, 0.0]
[2026-06-03 07:09:55] [TRAIN] Prompt 12/48: rewards=[0.0, 0.0, 0.0, 0.0]
[2026-06-03 07:09:55] [TRAIN] Prompt 13 category: brainstorming
[2026-06-03 07:10:07] [TRAIN] Prompt 13/48: rewards=[0.0, 0.0, 0.2, 0.312]
[2026-06-03 07:10:07] [TRAIN] Prompt 14 category: copywriting
[2026-06-03 07:10:15] [TRAIN] Prompt 14/48: rewards=[0.5, 0.5, 0.5, 0.5]
[2026-06-03 07:10:15] [TRAIN] Prompt 15 category: explanation
[2026-06-03 07:10:26] [TRAIN] Prompt 15/48: rewards=[0.388, 0.15, 0.225, 0.237]
[2026-06-03 07:10:26] [TRAIN] Prompt 16 category: coding
[2026-06-03 07:10:33] [TRAIN] Prompt 16/48: rewards=[0.0, 0.0, 0.0, 0.0]
[2026-06-03 07:10:33] [TRAIN] Prompt 17 category: translation
[2026-06-03 07:10:42] [TRAIN] Prompt 17/48: rewards=[0.5, 0.225, 0.312, 0.237]
[2026-06-03 07:10:53] [TRAIN] Prompt 18/48: rewards=[0.388, 0.0, 0.425, 0.287]
[2026-06-03 07:11:05] [TRAIN] Prompt 19/48: rewards=[0.0, 0.412, 0.362, 0.0]
[2026-06-03 07:11:05] [TRAIN] Prompt 20 category: coding
[2026-06-03 07:11:11] [TRAIN] Prompt 20/48: rewards=[0.175, 0.15, 0.0, 0.2]
[2026-06-03 07:11:11] [TRAIN] Prompt 21 category: coding
[2026-06-03 07:11:17] [TRAIN] Prompt 21/48: rewards=[0.0, 0.0, 0.0, 0.2]
[2026-06-03 07:11:17] [TRAIN] Prompt 22 category: coding
[2026-06-03 07:11:23] [TRAIN] Prompt 22/48: rewards=[0.225, 0.225, 0.0, 0.0]
[2026-06-03 07:11:23] [TRAIN] Prompt 23 category: coding
[2026-06-03 07:11:29] [TRAIN] Prompt 23/48: rewards=[0.0, 0.0, 0.0, 0.0]
[2026-06-03 07:11:29] [TRAIN] Prompt 24 category: instruction following
[2026-06-03 07:11:40] [TRAIN] Prompt 24/48: rewards=[0.15, 0.0, 0.388, 0.287]
[2026-06-03 07:11:40] [TRAIN] Prompt 25 category: debugging
[2026-06-03 07:11:47] [TRAIN] Prompt 25/48: rewards=[0.0, 0.0, 0.325, 0.175]
[2026-06-03 07:11:47] [TRAIN] Prompt 26 category: creative writing
[2026-06-03 07:11:56] [TRAIN] Prompt 26/48: rewards=[0.375, 0.412, 0.3, 0.3]
[2026-06-03 07:12:08] [TRAIN] Prompt 27/48: rewards=[0.287, 0.0, 0.463, 0.362]
[2026-06-03 07:12:08] [TRAIN] Prompt 28 category: coding
[2026-06-03 07:12:14] [TRAIN] Prompt 28/48: rewards=[0.0, 0.0, 0.0, 0.0]
[2026-06-03 07:12:14] [TRAIN] Prompt 29 category: creative writing
[2026-06-03 07:12:26] [TRAIN] Prompt 29/48: rewards=[0.0, 0.4, 0.212, 0.537]
[2026-06-03 07:12:26] [TRAIN] Prompt 30 category: creative writing
[2026-06-03 07:12:36] [TRAIN] Prompt 30/48: rewards=[0.062, 0.0, 0.412, 0.125]
[2026-06-03 07:12:36] [TRAIN] Prompt 31 category: coding
[2026-06-03 07:12:41] [TRAIN] Prompt 31/48: rewards=[0.3, 0.15, 0.275, 0.15]
[2026-06-03 07:12:41] [TRAIN] Prompt 32 category: coding
[2026-06-03 07:12:47] [TRAIN] Prompt 32/48: rewards=[0.2, 0.0, 0.0, 0.15]
[2026-06-03 07:12:47] [TRAIN] Prompt 33 category: debugging
[2026-06-03 07:12:52] [TRAIN] Prompt 33/48: rewards=[0.0, 0.225, 0.175, 0.0]
[2026-06-03 07:12:52] [TRAIN] Prompt 34 category: coding
[2026-06-03 07:12:58] [TRAIN] Prompt 34/48: rewards=[0.0, 0.15, 0.0, 0.0]
[2026-06-03 07:12:58] [TRAIN] Prompt 35 category: brainstorming
[2026-06-03 07:13:09] [TRAIN] Prompt 35/48: rewards=[0.225, 0.362, 0.35, 0.0]
[2026-06-03 07:13:09] [TRAIN] Prompt 36 category: coding
[2026-06-03 07:13:14] [TRAIN] Prompt 36/48: rewards=[0.2, 0.2, 0.2, 0.1]
[2026-06-03 07:13:14] [TRAIN] Prompt 37 category: coding
[2026-06-03 07:13:20] [TRAIN] Prompt 37/48: rewards=[0.125, 0.2, 0.0, 0.0]
[2026-06-03 07:13:20] [TRAIN] Prompt 38 category: creative writing
[2026-06-03 07:13:32] [TRAIN] Prompt 38/48: rewards=[0.287, 0.0, 0.0, 0.188]
[2026-06-03 07:13:44] [TRAIN] Prompt 39/48: rewards=[0.0, 0.0, 0.163, 0.4]
[2026-06-03 07:13:44] [TRAIN] Prompt 40 category: explanation
[2026-06-03 07:13:55] [TRAIN] Prompt 40/48: rewards=[0.325, 0.375, 0.0, 0.0]
[2026-06-03 07:13:55] [TRAIN] Prompt 41 category: coding
[2026-06-03 07:14:00] [TRAIN] Prompt 41/48: rewards=[0.2, 0.0, 0.0, 0.0]
[2026-06-03 07:14:00] [TRAIN] Prompt 42 category: explanation
[2026-06-03 07:14:13] [TRAIN] Prompt 42/48: rewards=[0.0, 0.175, 0.212, 0.25]
[2026-06-03 07:14:13] [TRAIN] Prompt 43 category: explanation
[2026-06-03 07:14:24] [TRAIN] Prompt 43/48: rewards=[0.0, 0.362, 0.287, 0.163]
[2026-06-03 07:14:24] [TRAIN] Prompt 44 category: creative writing
[2026-06-03 07:14:35] [TRAIN] Prompt 44/48: rewards=[0.113, 0.338, 0.0, 0.0]
[2026-06-03 07:14:35] [TRAIN] Prompt 45 category: explanation
[2026-06-03 07:14:47] [TRAIN] Prompt 45/48: rewards=[0.0, 0.237, 0.338, 0.338]
[2026-06-03 07:14:47] [TRAIN] Prompt 46 category: brainstorming
[2026-06-03 07:14:58] [TRAIN] Prompt 46/48: rewards=[0.0, 0.0, 0.0, 0.0]
[2026-06-03 07:14:58] [TRAIN] Prompt 47 category: creative writing
[2026-06-03 07:15:11] [TRAIN] Prompt 47/48: rewards=[0.0, 0.163, 0.263, 0.25]
[2026-06-03 07:15:23] [TRAIN] Prompt 48/48: rewards=[0.0, 0.0, 0.212, 0.0]
[2026-06-03 07:15:23] [TRAIN] Rewards: mean=0.142, 4/192 >0.5 (mode=rubric)
[2026-06-03 07:15:23] [TRAIN] Sleeping replicas via CheckpointEngineManager...
[2026-06-03 07:15:23] [TRAIN] Replicas asleep
[2026-06-03 07:15:23] [TRAIN] Training batch built: {'prompts': torch.Size([192, 496]), 'input_ids': torch.Size([192, 1009]), 'attention_mask': torch.Size([192, 1009]), 'position_ids': torch.Size([192, 1009]), 'responses': torch.Size([192, 513])}
[2026-06-03 07:15:23] [TRAIN] rm_scores computed (last-token placement)
[2026-06-03 07:15:23] [TRAIN] response_mask computed
[2026-06-03 07:16:03] [TRAIN] old_log_probs computed
[2026-06-03 07:16:03] [TRAIN] GRPO advantages computed
[2026-06-03 07:18:59] [TRAIN] Actor update completed — loss=-0.0010
[2026-06-03 07:19:01] [TRAIN] Weight sync done in 1.8s (wake handled internally)
[2026-06-03 07:19:01] [TRAIN] train_step completed in 763.0s — reward=0.142 (4/192), loss=-0.0010, grad_norm=0.112 | score=0.142, rewards=0.142, adv=0.001 | rlen=503, plen=52, abort=0.000 | tps=139.7 tok/s/gpu, gen=1.17ms/tok, actor=1.65ms/tok
[2026-06-03 07:19:01] [TRAIN] train_step start: 48 prompts x 4 = 192 total
[2026-06-03 07:19:01] [TRAIN] Generating 192 responses (48 prompts x 4) with 16 concurrent workers
[2026-06-03 07:19:10] [TRAIN] Gen 2/192: prompt=9 resp=2128
[2026-06-03 07:19:10] [TRAIN] Gen 1/192: prompt=9 resp=2196
[2026-06-03 07:19:10] [TRAIN] Gen 3/192: prompt=9 resp=2079
[2026-06-03 07:19:10] [TRAIN] Gen 11/192: prompt=11 resp=2289
[2026-06-03 07:19:10] [TRAIN] Gen 5/192: prompt=43 resp=2263
[2026-06-03 07:19:10] [TRAIN] Gen 4/192: prompt=9 resp=2055
[2026-06-03 07:19:10] [TRAIN] Gen 14/192: prompt=8 resp=2059
[2026-06-03 07:19:10] [TRAIN] Gen 10/192: prompt=11 resp=2156
[2026-06-03 07:19:10] [TRAIN] Gen 7/192: prompt=43 resp=2371
[2026-06-03 07:19:10] [TRAIN] Gen 16/192: prompt=8 resp=2002
[2026-06-03 07:19:10] [TRAIN] Gen 13/192: prompt=8 resp=2089
[2026-06-03 07:19:10] [TRAIN] Gen 15/192: prompt=8 resp=1994
[2026-06-03 07:19:10] [TRAIN] Gen 12/192: prompt=11 resp=2341
[2026-06-03 07:19:10] [TRAIN] Gen 6/192: prompt=43 resp=2447
[2026-06-03 07:19:10] [TRAIN] Gen 8/192: prompt=43 resp=2391
[2026-06-03 07:19:10] [TRAIN] Gen 9/192: prompt=11 resp=2239
[2026-06-03 07:19:19] [TRAIN] Gen 30/192: prompt=15 resp=2043
[2026-06-03 07:19:19] [TRAIN] Gen 29/192: prompt=15 resp=2136
[2026-06-03 07:19:20] [TRAIN] Gen 18/192: prompt=6 resp=2464
[2026-06-03 07:19:20] [TRAIN] Gen 17/192: prompt=6 resp=2666
[2026-06-03 07:19:20] [TRAIN] Gen 19/192: prompt=6 resp=2475
[2026-06-03 07:19:20] [TRAIN] Gen 25/192: prompt=12 resp=2394
[2026-06-03 07:19:20] [TRAIN] Gen 26/192: prompt=12 resp=2542
[2026-06-03 07:19:20] [TRAIN] Gen 28/192: prompt=12 resp=2621
[2026-06-03 07:19:20] [TRAIN] Gen 22/192: prompt=77 resp=2389
[2026-06-03 07:19:20] [TRAIN] Gen 21/192: prompt=77 resp=2322
[2026-06-03 07:19:20] [TRAIN] Gen 23/192: prompt=77 resp=2012
[2026-06-03 07:19:20] [TRAIN] Gen 27/192: prompt=12 resp=2497
[2026-06-03 07:19:20] [TRAIN] Gen 24/192: prompt=77 resp=2190
[2026-06-03 07:19:20] [TRAIN] Gen 31/192: prompt=15 resp=2165
[2026-06-03 07:19:20] [TRAIN] Gen 32/192: prompt=15 resp=2109
[2026-06-03 07:19:20] [TRAIN] Gen 20/192: prompt=6 resp=2555
[2026-06-03 07:19:22] [TRAIN] Gen 35/192: prompt=8 resp=544
[2026-06-03 07:19:22] [TRAIN] Gen 33/192: prompt=8 resp=563
[2026-06-03 07:19:23] [TRAIN] Gen 34/192: prompt=8 resp=879
[2026-06-03 07:19:23] [TRAIN] Gen 36/192: prompt=8 resp=955
[2026-06-03 07:19:27] [TRAIN] Gen 44/192: prompt=10 resp=1492
[2026-06-03 07:19:29] [TRAIN] Gen 37/192: prompt=17 resp=2315
[2026-06-03 07:19:29] [TRAIN] Gen 38/192: prompt=17 resp=2357
[2026-06-03 07:19:29] [TRAIN] Gen 43/192: prompt=10 resp=1958
[2026-06-03 07:19:29] [TRAIN] Gen 47/192: prompt=48 resp=2033
[2026-06-03 07:19:29] [TRAIN] Gen 40/192: prompt=17 resp=2415
[2026-06-03 07:19:29] [TRAIN] Gen 46/192: prompt=48 resp=1825
[2026-06-03 07:19:29] [TRAIN] Gen 48/192: prompt=48 resp=2107
[2026-06-03 07:19:29] [TRAIN] Gen 39/192: prompt=17 resp=2275
[2026-06-03 07:19:29] [TRAIN] Gen 42/192: prompt=10 resp=1900
[2026-06-03 07:19:29] [TRAIN] Gen 45/192: prompt=48 resp=2230
[2026-06-03 07:19:29] [TRAIN] Gen 41/192: prompt=10 resp=1872
[2026-06-03 07:19:31] [TRAIN] Gen 49/192: prompt=335 resp=2172
[2026-06-03 07:19:31] [TRAIN] Gen 50/192: prompt=335 resp=2159
[2026-06-03 07:19:33] [TRAIN] Gen 51/192: prompt=335 resp=2190
[2026-06-03 07:19:33] [TRAIN] Gen 52/192: prompt=335 resp=2206
[2026-06-03 07:19:34] [TRAIN] Gen 60/192: prompt=17 resp=1381
[2026-06-03 07:19:36] [TRAIN] Gen 61/192: prompt=95 resp=2005
[2026-06-03 07:19:36] [TRAIN] Gen 53/192: prompt=16 resp=2293
[2026-06-03 07:19:37] [TRAIN] Gen 64/192: prompt=95 resp=2075
[2026-06-03 07:19:37] [TRAIN] Gen 57/192: prompt=17 resp=2216
[2026-06-03 07:19:38] [TRAIN] Gen 54/192: prompt=16 resp=2346
[2026-06-03 07:19:38] [TRAIN] Gen 55/192: prompt=16 resp=2369
[2026-06-03 07:19:38] [TRAIN] Gen 63/192: prompt=95 resp=2558
[2026-06-03 07:19:38] [TRAIN] Gen 59/192: prompt=17 resp=2522
[2026-06-03 07:19:38] [TRAIN] Gen 56/192: prompt=16 resp=2511
[2026-06-03 07:19:38] [TRAIN] Gen 58/192: prompt=17 resp=2448
[2026-06-03 07:19:38] [TRAIN] Gen 62/192: prompt=95 resp=2619
[2026-06-03 07:19:40] [TRAIN] Gen 65/192: prompt=16 resp=2392
[2026-06-03 07:19:40] [TRAIN] Gen 66/192: prompt=16 resp=2026
[2026-06-03 07:19:42] [TRAIN] Gen 67/192: prompt=16 resp=2397
[2026-06-03 07:19:42] [TRAIN] Gen 68/192: prompt=16 resp=2438
[2026-06-03 07:19:43] [TRAIN] Gen 69/192: prompt=47 resp=2553
[2026-06-03 07:19:45] [TRAIN] Gen 70/192: prompt=47 resp=2517
[2026-06-03 07:19:46] [TRAIN] Gen 71/192: prompt=47 resp=2388
[2026-06-03 07:19:46] [TRAIN] Gen 72/192: prompt=47 resp=2463
[2026-06-03 07:19:46] [TRAIN] Gen 73/192: prompt=68 resp=1482
[2026-06-03 07:19:48] [TRAIN] Gen 74/192: prompt=68 resp=1362
[2026-06-03 07:19:48] [TRAIN] Gen 75/192: prompt=68 resp=1427
[2026-06-03 07:19:48] [TRAIN] Gen 76/192: prompt=68 resp=1519
[2026-06-03 07:19:48] [TRAIN] Gen 79/192: prompt=28 resp=2394
[2026-06-03 07:19:48] [TRAIN] Gen 80/192: prompt=28 resp=2303
[2026-06-03 07:19:48] [TRAIN] Gen 78/192: prompt=28 resp=2252
[2026-06-03 07:19:48] [TRAIN] Gen 77/192: prompt=28 resp=2368
[2026-06-03 07:19:50] [TRAIN] Gen 81/192: prompt=33 resp=2219
[2026-06-03 07:19:50] [TRAIN] Gen 82/192: prompt=33 resp=2250
[2026-06-03 07:19:51] [TRAIN] Gen 83/192: prompt=33 resp=2189
[2026-06-03 07:19:52] [TRAIN] Gen 84/192: prompt=33 resp=2214
[2026-06-03 07:19:52] [TRAIN] Gen 85/192: prompt=329 resp=2453
[2026-06-03 07:19:54] [TRAIN] Gen 90/192: prompt=253 resp=1584
[2026-06-03 07:19:55] [TRAIN] Gen 86/192: prompt=329 resp=2431
[2026-06-03 07:19:55] [TRAIN] Gen 87/192: prompt=329 resp=2479
[2026-06-03 07:19:55] [TRAIN] Gen 88/192: prompt=329 resp=2194
[2026-06-03 07:19:55] [TRAIN] Gen 92/192: prompt=253 resp=1976
[2026-06-03 07:19:56] [TRAIN] Gen 89/192: prompt=253 resp=2402
[2026-06-03 07:19:57] [TRAIN] Gen 91/192: prompt=253 resp=2377
[2026-06-03 07:19:57] [TRAIN] Gen 94/192: prompt=119 resp=2168
[2026-06-03 07:19:57] [TRAIN] Gen 95/192: prompt=119 resp=2131
[2026-06-03 07:19:57] [TRAIN] Gen 93/192: prompt=119 resp=2147
[2026-06-03 07:19:57] [TRAIN] Gen 96/192: prompt=119 resp=2208
[2026-06-03 07:19:59] [TRAIN] Gen 97/192: prompt=5 resp=2282
[2026-06-03 07:19:59] [TRAIN] Gen 98/192: prompt=5 resp=2295
[2026-06-03 07:20:01] [TRAIN] Gen 99/192: prompt=5 resp=2239
[2026-06-03 07:20:01] [TRAIN] Gen 100/192: prompt=5 resp=2285
[2026-06-03 07:20:01] [TRAIN] Gen 101/192: prompt=40 resp=2556
[2026-06-03 07:20:03] [TRAIN] Gen 102/192: prompt=40 resp=2398
[2026-06-03 07:20:04] [TRAIN] Gen 103/192: prompt=40 resp=2350
[2026-06-03 07:20:04] [TRAIN] Gen 104/192: prompt=40 resp=2434
[2026-06-03 07:20:04] [TRAIN] Gen 105/192: prompt=30 resp=2676
[2026-06-03 07:20:05] [TRAIN] Gen 106/192: prompt=30 resp=2642
[2026-06-03 07:20:05] [TRAIN] Gen 107/192: prompt=30 resp=2652
[2026-06-03 07:20:06] [TRAIN] Gen 108/192: prompt=30 resp=2554
[2026-06-03 07:20:06] [TRAIN] Gen 111/192: prompt=40 resp=2589
[2026-06-03 07:20:06] [TRAIN] Gen 112/192: prompt=40 resp=2465
[2026-06-03 07:20:06] [TRAIN] Gen 110/192: prompt=40 resp=2509
[2026-06-03 07:20:06] [TRAIN] Gen 109/192: prompt=40 resp=2560
[2026-06-03 07:20:08] [TRAIN] Gen 113/192: prompt=18 resp=2548
[2026-06-03 07:20:08] [TRAIN] Gen 114/192: prompt=18 resp=2733
[2026-06-03 07:20:10] [TRAIN] Gen 115/192: prompt=18 resp=2588
[2026-06-03 07:20:10] [TRAIN] Gen 116/192: prompt=18 resp=2667
[2026-06-03 07:20:10] [TRAIN] Gen 117/192: prompt=6 resp=2822
[2026-06-03 07:20:12] [TRAIN] Gen 118/192: prompt=6 resp=2997
[2026-06-03 07:20:13] [TRAIN] Gen 119/192: prompt=6 resp=2645
[2026-06-03 07:20:13] [TRAIN] Gen 120/192: prompt=6 resp=2912
[2026-06-03 07:20:13] [TRAIN] Gen 121/192: prompt=119 resp=2655
[2026-06-03 07:20:14] [TRAIN] Gen 122/192: prompt=119 resp=2577
[2026-06-03 07:20:14] [TRAIN] Gen 123/192: prompt=119 resp=2613
[2026-06-03 07:20:14] [TRAIN] Gen 133/192: prompt=6 resp=901
[2026-06-03 07:20:15] [TRAIN] Gen 124/192: prompt=119 resp=2714
[2026-06-03 07:20:15] [TRAIN] Gen 126/192: prompt=9 resp=2686
[2026-06-03 07:20:15] [TRAIN] Gen 125/192: prompt=9 resp=2533
[2026-06-03 07:20:15] [TRAIN] Gen 128/192: prompt=9 resp=2666
[2026-06-03 07:20:15] [TRAIN] Gen 127/192: prompt=9 resp=2550
[2026-06-03 07:20:15] [TRAIN] Gen 134/192: prompt=6 resp=808
[2026-06-03 07:20:16] [TRAIN] Gen 135/192: prompt=6 resp=751
[2026-06-03 07:20:16] [TRAIN] Gen 136/192: prompt=6 resp=734
[2026-06-03 07:20:17] [TRAIN] Gen 129/192: prompt=312 resp=2052
[2026-06-03 07:20:17] [TRAIN] Gen 130/192: prompt=312 resp=1965
[2026-06-03 07:20:19] [TRAIN] Gen 131/192: prompt=312 resp=2131
[2026-06-03 07:20:19] [TRAIN] Gen 132/192: prompt=312 resp=2162
[2026-06-03 07:20:22] [TRAIN] Gen 137/192: prompt=10 resp=1336
[2026-06-03 07:20:23] [TRAIN] Gen 138/192: prompt=10 resp=1394
[2026-06-03 07:20:23] [TRAIN] Gen 139/192: prompt=10 resp=1478
[2026-06-03 07:20:23] [TRAIN] Gen 140/192: prompt=10 resp=1388
[2026-06-03 07:20:24] [TRAIN] Gen 141/192: prompt=9 resp=2222
[2026-06-03 07:20:24] [TRAIN] Gen 145/192: prompt=15 resp=2506
[2026-06-03 07:20:24] [TRAIN] Gen 144/192: prompt=9 resp=2037
[2026-06-03 07:20:24] [TRAIN] Gen 143/192: prompt=9 resp=2082
[2026-06-03 07:20:24] [TRAIN] Gen 142/192: prompt=9 resp=2198
[2026-06-03 07:20:24] [TRAIN] Gen 146/192: prompt=15 resp=2531
[2026-06-03 07:20:25] [TRAIN] Gen 147/192: prompt=15 resp=2567
[2026-06-03 07:20:25] [TRAIN] Gen 148/192: prompt=15 resp=2501
[2026-06-03 07:20:25] [TRAIN] Gen 154/192: prompt=80 resp=617
[2026-06-03 07:20:26] [TRAIN] Gen 149/192: prompt=26 resp=2217
[2026-06-03 07:20:26] [TRAIN] Gen 150/192: prompt=26 resp=2419
[2026-06-03 07:20:28] [TRAIN] Gen 151/192: prompt=26 resp=2301
[2026-06-03 07:20:28] [TRAIN] Gen 152/192: prompt=26 resp=2242
[2026-06-03 07:20:28] [TRAIN] Gen 153/192: prompt=80 resp=1316
[2026-06-03 07:20:30] [TRAIN] Gen 156/192: prompt=80 resp=1509
[2026-06-03 07:20:30] [TRAIN] Gen 155/192: prompt=80 resp=1490
[2026-06-03 07:20:34] [TRAIN] Gen 169/192: prompt=82 resp=1084
[2026-06-03 07:20:34] [TRAIN] Gen 157/192: prompt=28 resp=1997
[2026-06-03 07:20:34] [TRAIN] Gen 161/192: prompt=24 resp=2475
[2026-06-03 07:20:34] [TRAIN] Gen 160/192: prompt=28 resp=2168
[2026-06-03 07:20:34] [TRAIN] Gen 159/192: prompt=28 resp=2025
[2026-06-03 07:20:34] [TRAIN] Gen 158/192: prompt=28 resp=2089
[2026-06-03 07:20:34] [TRAIN] Gen 162/192: prompt=24 resp=2329
[2026-06-03 07:20:35] [TRAIN] Gen 163/192: prompt=24 resp=2461
[2026-06-03 07:20:35] [TRAIN] Gen 164/192: prompt=24 resp=2475
[2026-06-03 07:20:35] [TRAIN] Gen 172/192: prompt=82 resp=1007
[2026-06-03 07:20:36] [TRAIN] Gen 165/192: prompt=11 resp=2490
[2026-06-03 07:20:36] [TRAIN] Gen 166/192: prompt=11 resp=2506
[2026-06-03 07:20:36] [TRAIN] Gen 167/192: prompt=11 resp=2369
[2026-06-03 07:20:37] [TRAIN] Gen 170/192: prompt=82 resp=1591
[2026-06-03 07:20:37] [TRAIN] Gen 171/192: prompt=82 resp=1367
[2026-06-03 07:20:38] [TRAIN] Gen 168/192: prompt=11 resp=2395
[2026-06-03 07:20:44] [TRAIN] Gen 174/192: prompt=91 resp=2614
[2026-06-03 07:20:44] [TRAIN] Gen 173/192: prompt=91 resp=2525
[2026-06-03 07:20:44] [TRAIN] Gen 175/192: prompt=91 resp=2577
[2026-06-03 07:20:44] [TRAIN] Gen 176/192: prompt=91 resp=2745
[2026-06-03 07:20:44] [TRAIN] Gen 178/192: prompt=9 resp=1966
[2026-06-03 07:20:44] [TRAIN] Gen 177/192: prompt=9 resp=1906
[2026-06-03 07:20:44] [TRAIN] Gen 179/192: prompt=9 resp=1992
[2026-06-03 07:20:45] [TRAIN] Gen 180/192: prompt=9 resp=1948
[2026-06-03 07:20:45] [TRAIN] Gen 181/192: prompt=67 resp=1264
[2026-06-03 07:20:45] [TRAIN] Gen 182/192: prompt=67 resp=1557
[2026-06-03 07:20:46] [TRAIN] Gen 183/192: prompt=67 resp=1558
[2026-06-03 07:20:46] [TRAIN] Gen 184/192: prompt=67 resp=1391
[2026-06-03 07:20:47] [TRAIN] Gen 185/192: prompt=258 resp=2255
[2026-06-03 07:20:47] [TRAIN] Gen 186/192: prompt=258 resp=2409
[2026-06-03 07:20:47] [TRAIN] Gen 187/192: prompt=258 resp=2245
[2026-06-03 07:20:48] [TRAIN] Gen 188/192: prompt=258 resp=2297
[2026-06-03 07:20:54] [TRAIN] Gen 190/192: prompt=32 resp=2422
[2026-06-03 07:20:54] [TRAIN] Gen 189/192: prompt=32 resp=2401
[2026-06-03 07:20:54] [TRAIN] Gen 191/192: prompt=32 resp=2332
[2026-06-03 07:20:54] [TRAIN] Gen 192/192: prompt=32 resp=2470
[2026-06-03 07:20:54] [TRAIN] Generation done in 112.8s
[2026-06-03 07:20:54] [TRAIN] Prompt 1 category: explanation
[2026-06-03 07:21:05] [TRAIN] Prompt 1/48: rewards=[0.0, 0.988, 0.0, 0.388]
[2026-06-03 07:21:05] [TRAIN] Prompt 2 category: creative writing
[2026-06-03 07:21:18] [TRAIN] Prompt 2/48: rewards=[0.188, 0.0, 0.388, 0.4]
[2026-06-03 07:21:18] [TRAIN] Prompt 3 category: translation
[2026-06-03 07:21:29] [TRAIN] Prompt 3/48: rewards=[0.188, 0.212, 0.087, 0.0]
[2026-06-03 07:21:29] [TRAIN] Prompt 4 category: creative writing
[2026-06-03 07:21:40] [TRAIN] Prompt 4/48: rewards=[0.412, 0.0, 0.338, 0.0]
[2026-06-03 07:21:40] [TRAIN] Prompt 5 category: creative writing
[2026-06-03 07:21:48] [TRAIN] Prompt 5/48: rewards=[0.25, 0.163, 0.4, 0.0]
[2026-06-03 07:21:48] [TRAIN] Prompt 6 category: coding
[2026-06-03 07:21:54] [TRAIN] Prompt 6/48: rewards=[0.0, 0.0, 0.225, 0.25]
[2026-06-03 07:21:54] [TRAIN] Prompt 7 category: creative writing
[2026-06-03 07:22:03] [TRAIN] Prompt 7/48: rewards=[0.4, 0.175, 0.0, 0.4]
[2026-06-03 07:22:03] [TRAIN] Prompt 8 category: coding
[2026-06-03 07:22:09] [TRAIN] Prompt 8/48: rewards=[0.2, 0.175, 0.0, 0.0]
[2026-06-03 07:22:09] [TRAIN] Prompt 9 category: explanation
[2026-06-03 07:22:21] [TRAIN] Prompt 9/48: rewards=[0.6, 0.5, 0.5, 0.0]
[2026-06-03 07:22:21] [TRAIN] Prompt 10 category: coding
[2026-06-03 07:22:28] [TRAIN] Prompt 10/48: rewards=[0.0, 0.225, 0.0, 0.0]
[2026-06-03 07:22:28] [TRAIN] Prompt 11 category: translation
[2026-06-03 07:22:39] [TRAIN] Prompt 11/48: rewards=[0.15, 0.0, 0.212, 0.0]
[2026-06-03 07:22:39] [TRAIN] Prompt 12 category: brainstorming
[2026-06-03 07:22:50] [TRAIN] Prompt 12/48: rewards=[0.263, 0.237, 0.375, 0.312]
[2026-06-03 07:22:50] [TRAIN] Prompt 13 category: instruction following
[2026-06-03 07:23:01] [TRAIN] Prompt 13/48: rewards=[0.037, 0.0, 0.237, 0.2]
[2026-06-03 07:23:01] [TRAIN] Prompt 14 category: brainstorming
[2026-06-03 07:23:13] [TRAIN] Prompt 14/48: rewards=[0.287, 0.0, 0.0, 0.3]
[2026-06-03 07:23:13] [TRAIN] Prompt 15 category: coding
[2026-06-03 07:23:19] [TRAIN] Prompt 15/48: rewards=[0.0, 0.0, 0.0, 0.0]
[2026-06-03 07:23:19] [TRAIN] Prompt 16 category: instruction following
[2026-06-03 07:23:31] [TRAIN] Prompt 16/48: rewards=[0.588, 0.0, 0.287, 0.0]
[2026-06-03 07:23:31] [TRAIN] Prompt 17 category: creative writing
[2026-06-03 07:23:43] [TRAIN] Prompt 17/48: rewards=[0.0, 0.225, 0.263, 0.237]
[2026-06-03 07:23:43] [TRAIN] Prompt 18 category: creative writing
[2026-06-03 07:23:53] [TRAIN] Prompt 18/48: rewards=[0.35, 0.362, 0.4, 0.412]
[2026-06-03 07:24:04] [TRAIN] Prompt 19/48: rewards=[0.0, 0.362, 0.463, 0.0]
[2026-06-03 07:24:04] [TRAIN] Prompt 20 category: logical reasoning
[2026-06-03 07:24:11] [TRAIN] Prompt 20/48: rewards=[0.0, 0.0, 0.0, 0.0]
[2026-06-03 07:24:11] [TRAIN] Prompt 21 category: coding
[2026-06-03 07:24:17] [TRAIN] Prompt 21/48: rewards=[0.15, 0.0, 0.225, 0.325]
[2026-06-03 07:24:17] [TRAIN] Prompt 22 category: coding
[2026-06-03 07:24:25] [TRAIN] Prompt 22/48: rewards=[0.0, 0.2, 0.0, 0.0]
[2026-06-03 07:24:25] [TRAIN] Prompt 23 category: creative writing
[2026-06-03 07:24:36] [TRAIN] Prompt 23/48: rewards=[0.787, 0.362, 0.0, 0.0]
[2026-06-03 07:24:36] [TRAIN] Prompt 24 category: coding
[2026-06-03 07:24:43] [TRAIN] Prompt 24/48: rewards=[0.0, 0.15, 0.0, 0.0]
[2026-06-03 07:24:55] [TRAIN] Prompt 25/48: rewards=[0.4, 0.412, 0.375, 0.0]
[2026-06-03 07:25:05] [TRAIN] Prompt 26/48: rewards=[0.325, 0.0, 0.325, 0.237]
[2026-06-03 07:25:05] [TRAIN] Prompt 27 category: debating
[2026-06-03 07:25:16] [TRAIN] Prompt 27/48: rewards=[0.0, 0.0, 0.062, 0.0]
[2026-06-03 07:25:16] [TRAIN] Prompt 28 category: coding
[2026-06-03 07:25:22] [TRAIN] Prompt 28/48: rewards=[0.0, 0.0, 0.0, 0.15]
[2026-06-03 07:25:34] [TRAIN] Prompt 29/48: rewards=[0.0, 0.0, 0.0, 0.0]
[2026-06-03 07:25:46] [TRAIN] Prompt 30/48: rewards=[0.312, 0.0, 0.263, 0.0]
[2026-06-03 07:25:46] [TRAIN] Prompt 31 category: coding
[2026-06-03 07:25:51] [TRAIN] Prompt 31/48: rewards=[0.0, 0.2, 0.0, 0.225]
[2026-06-03 07:25:51] [TRAIN] Prompt 32 category: explanation
[2026-06-03 07:26:01] [TRAIN] Prompt 32/48: rewards=[0.338, 0.0, 0.3, 0.225]
[2026-06-03 07:26:01] [TRAIN] Prompt 33 category: instruction following
[2026-06-03 07:26:14] [TRAIN] Prompt 33/48: rewards=[0.0, 0.212, 0.0, 0.0]
[2026-06-03 07:26:14] [TRAIN] Prompt 34 category: translation
[2026-06-03 07:26:24] [TRAIN] Prompt 34/48: rewards=[0.0, 0.5, 0.0, 1.0]
[2026-06-03 07:26:24] [TRAIN] Prompt 35 category: explanation
[2026-06-03 07:26:36] [TRAIN] Prompt 35/48: rewards=[0.0, 0.0, 0.0, 0.5]
[2026-06-03 07:26:36] [TRAIN] Prompt 36 category: brainstorming
[2026-06-03 07:26:48] [TRAIN] Prompt 36/48: rewards=[0.0, 0.0, 0.287, 0.338]
[2026-06-03 07:26:48] [TRAIN] Prompt 37 category: creative writing
[2026-06-03 07:26:59] [TRAIN] Prompt 37/48: rewards=[0.05, 0.0, 0.438, 0.113]
[2026-06-03 07:26:59] [TRAIN] Prompt 38 category: explanation
[2026-06-03 07:27:11] [TRAIN] Prompt 38/48: rewards=[0.0, 0.0, 0.412, 0.0]
[2026-06-03 07:27:11] [TRAIN] Prompt 39 category: debugging
[2026-06-03 07:27:18] [TRAIN] Prompt 39/48: rewards=[0.0, 0.0, 0.0, 0.0]
[2026-06-03 07:27:18] [TRAIN] Prompt 40 category: brainstorming
[2026-06-03 07:27:31] [TRAIN] Prompt 40/48: rewards=[0.0, 0.0, 0.0, 0.0]
[2026-06-03 07:27:31] [TRAIN] Prompt 41 category: creative writing
[2026-06-03 07:27:42] [TRAIN] Prompt 41/48: rewards=[0.0, 0.0, 0.338, 0.0]
[2026-06-03 07:27:42] [TRAIN] Prompt 42 category: explanation
[2026-06-03 07:27:53] [TRAIN] Prompt 42/48: rewards=[0.263, 0.375, 0.35, 0.425]
[2026-06-03 07:27:53] [TRAIN] Prompt 43 category: coding
[2026-06-03 07:28:00] [TRAIN] Prompt 43/48: rewards=[0.0, 0.0, 0.0, 1.0]
[2026-06-03 07:28:00] [TRAIN] Prompt 44 category: instruction following
[2026-06-03 07:28:11] [TRAIN] Prompt 44/48: rewards=[0.0, 0.512, 0.0, 0.362]
[2026-06-03 07:28:11] [TRAIN] Prompt 45 category: explanation
[2026-06-03 07:28:21] [TRAIN] Prompt 45/48: rewards=[0.138, 0.212, 0.138, 0.15]
[2026-06-03 07:28:34] [TRAIN] Prompt 46/48: rewards=[0.375, 0.0, 0.0, 0.0]
[2026-06-03 07:28:34] [TRAIN] Prompt 47 category: coding
[2026-06-03 07:28:39] [TRAIN] Prompt 47/48: rewards=[0.2, 0.0, 0.0, 0.0]
[2026-06-03 07:28:39] [TRAIN] Prompt 48 category: creative writing
[2026-06-03 07:28:51] [TRAIN] Prompt 48/48: rewards=[0.0, 0.275, 0.0, 0.0]
[2026-06-03 07:28:51] [TRAIN] Rewards: mean=0.156, 7/192 >0.5 (mode=rubric)
[2026-06-03 07:28:51] [TRAIN] Sleeping replicas via CheckpointEngineManager...
[2026-06-03 07:28:52] [TRAIN] Replicas asleep
[2026-06-03 07:28:52] [TRAIN] Training batch built: {'prompts': torch.Size([192, 335]), 'input_ids': torch.Size([192, 848]), 'attention_mask': torch.Size([192, 848]), 'position_ids': torch.Size([192, 848]), 'responses': torch.Size([192, 513])}
[2026-06-03 07:28:52] [TRAIN] rm_scores computed (last-token placement)
[2026-06-03 07:28:52] [TRAIN] response_mask computed
[2026-06-03 07:29:30] [TRAIN] old_log_probs computed
[2026-06-03 07:29:30] [TRAIN] GRPO advantages computed
[2026-06-03 07:32:26] [TRAIN] Actor update completed — loss=0.0029
[2026-06-03 07:32:28] [TRAIN] Weight sync done in 1.7s (wake handled internally)
[2026-06-03 07:32:28] [TRAIN] train_step completed in 807.0s — reward=0.156 (7/192), loss=0.0029, grad_norm=0.128 | score=0.156, rewards=0.156, adv=-0.003 | rlen=485, plen=61, abort=0.000 | tps=129.9 tok/s/gpu, gen=1.21ms/tok, actor=1.68ms/tok
[2026-06-03 07:32:28] [TRAIN] train_step start: 48 prompts x 4 = 192 total
[2026-06-03 07:32:28] [TRAIN] Generating 192 responses (48 prompts x 4) with 16 concurrent workers
[2026-06-03 07:32:37] [TRAIN] Gen 1/192: prompt=12 resp=2033
[2026-06-03 07:32:37] [TRAIN] Gen 16/192: prompt=59 resp=2007
[2026-06-03 07:32:37] [TRAIN] Gen 13/192: prompt=59 resp=1998
[2026-06-03 07:32:37] [TRAIN] Gen 8/192: prompt=4 resp=2086
[2026-06-03 07:32:37] [TRAIN] Gen 11/192: prompt=49 resp=2561
[2026-06-03 07:32:37] [TRAIN] Gen 5/192: prompt=4 resp=2135
[2026-06-03 07:32:37] [TRAIN] Gen 12/192: prompt=49 resp=2627
[2026-06-03 07:32:37] [TRAIN] Gen 7/192: prompt=4 resp=2196
[2026-06-03 07:32:37] [TRAIN] Gen 3/192: prompt=12 resp=1992
[2026-06-03 07:32:37] [TRAIN] Gen 4/192: prompt=12 resp=2006
[2026-06-03 07:32:37] [TRAIN] Gen 2/192: prompt=12 resp=2089
[2026-06-03 07:32:37] [TRAIN] Gen 15/192: prompt=59 resp=2076
[2026-06-03 07:32:37] [TRAIN] Gen 14/192: prompt=59 resp=1894
[2026-06-03 07:32:37] [TRAIN] Gen 10/192: prompt=49 resp=2621
[2026-06-03 07:32:37] [TRAIN] Gen 6/192: prompt=4 resp=2155
[2026-06-03 07:32:37] [TRAIN] Gen 9/192: prompt=49 resp=2767
[2026-06-03 07:32:44] [TRAIN] Gen 27/192: prompt=12 resp=1625
[2026-06-03 07:32:46] [TRAIN] Gen 21/192: prompt=22 resp=2314
[2026-06-03 07:32:46] [TRAIN] Gen 24/192: prompt=22 resp=2256
[2026-06-03 07:32:46] [TRAIN] Gen 23/192: prompt=22 resp=2316
[2026-06-03 07:32:46] [TRAIN] Gen 29/192: prompt=97 resp=1948
[2026-06-03 07:32:46] [TRAIN] Gen 25/192: prompt=12 resp=2045
[2026-06-03 07:32:46] [TRAIN] Gen 26/192: prompt=12 resp=2090
[2026-06-03 07:32:46] [TRAIN] Gen 19/192: prompt=81 resp=2560
[2026-06-03 07:32:46] [TRAIN] Gen 20/192: prompt=81 resp=2557
[2026-06-03 07:32:46] [TRAIN] Gen 28/192: prompt=12 resp=1910
[2026-06-03 07:32:46] [TRAIN] Gen 18/192: prompt=81 resp=2571
[2026-06-03 07:32:46] [TRAIN] Gen 30/192: prompt=97 resp=2057
[2026-06-03 07:32:46] [TRAIN] Gen 22/192: prompt=22 resp=2319
[2026-06-03 07:32:46] [TRAIN] Gen 31/192: prompt=97 resp=2223
[2026-06-03 07:32:46] [TRAIN] Gen 32/192: prompt=97 resp=2141
[2026-06-03 07:32:46] [TRAIN] Gen 17/192: prompt=81 resp=2492
[2026-06-03 07:32:51] [TRAIN] Gen 48/192: prompt=10 resp=1221
[2026-06-03 07:32:51] [TRAIN] Gen 45/192: prompt=10 resp=1361
[2026-06-03 07:32:53] [TRAIN] Gen 33/192: prompt=126 resp=2423
[2026-06-03 07:32:55] [TRAIN] Gen 47/192: prompt=10 resp=2266
[2026-06-03 07:32:55] [TRAIN] Gen 34/192: prompt=126 resp=2319
[2026-06-03 07:32:55] [TRAIN] Gen 35/192: prompt=126 resp=2290
[2026-06-03 07:32:55] [TRAIN] Gen 36/192: prompt=126 resp=2259
[2026-06-03 07:32:55] [TRAIN] Gen 44/192: prompt=17 resp=2425
[2026-06-03 07:32:55] [TRAIN] Gen 43/192: prompt=17 resp=2410
[2026-06-03 07:32:55] [TRAIN] Gen 39/192: prompt=52 resp=1818
[2026-06-03 07:32:55] [TRAIN] Gen 37/192: prompt=52 resp=1706
[2026-06-03 07:32:55] [TRAIN] Gen 46/192: prompt=10 resp=2363
[2026-06-03 07:32:55] [TRAIN] Gen 38/192: prompt=52 resp=1748
[2026-06-03 07:32:55] [TRAIN] Gen 40/192: prompt=52 resp=1930
[2026-06-03 07:32:55] [TRAIN] Gen 41/192: prompt=17 resp=2494
[2026-06-03 07:32:55] [TRAIN] Gen 42/192: prompt=17 resp=2419
[2026-06-03 07:33:00] [TRAIN] Gen 49/192: prompt=7 resp=2527
[2026-06-03 07:33:01] [TRAIN] Gen 50/192: prompt=7 resp=2474
[2026-06-03 07:33:02] [TRAIN] Gen 51/192: prompt=7 resp=2404
[2026-06-03 07:33:04] [TRAIN] Gen 52/192: prompt=7 resp=2550
[2026-06-03 07:33:04] [TRAIN] Gen 53/192: prompt=28 resp=2327
[2026-06-03 07:33:04] [TRAIN] Gen 54/192: prompt=28 resp=2390
[2026-06-03 07:33:04] [TRAIN] Gen 62/192: prompt=21 resp=2207
[2026-06-03 07:33:04] [TRAIN] Gen 64/192: prompt=21 resp=2144
[2026-06-03 07:33:04] [TRAIN] Gen 60/192: prompt=83 resp=2187
[2026-06-03 07:33:04] [TRAIN] Gen 57/192: prompt=83 resp=2240
[2026-06-03 07:33:04] [TRAIN] Gen 61/192: prompt=21 resp=2137
[2026-06-03 07:33:04] [TRAIN] Gen 59/192: prompt=83 resp=2280
[2026-06-03 07:33:04] [TRAIN] Gen 56/192: prompt=28 resp=2374
[2026-06-03 07:33:04] [TRAIN] Gen 58/192: prompt=83 resp=2272
[2026-06-03 07:33:04] [TRAIN] Gen 55/192: prompt=28 resp=2495
[2026-06-03 07:33:04] [TRAIN] Gen 63/192: prompt=21 resp=2239
[2026-06-03 07:33:09] [TRAIN] Gen 65/192: prompt=14 resp=2569
[2026-06-03 07:33:10] [TRAIN] Gen 66/192: prompt=14 resp=2702
[2026-06-03 07:33:12] [TRAIN] Gen 67/192: prompt=14 resp=2665
[2026-06-03 07:33:13] [TRAIN] Gen 68/192: prompt=14 resp=2617
[2026-06-03 07:33:13] [TRAIN] Gen 69/192: prompt=39 resp=1302
[2026-06-03 07:33:13] [TRAIN] Gen 70/192: prompt=39 resp=1315
[2026-06-03 07:33:14] [TRAIN] Gen 76/192: prompt=5 resp=2287
[2026-06-03 07:33:14] [TRAIN] Gen 79/192: prompt=23 resp=2479
[2026-06-03 07:33:14] [TRAIN] Gen 75/192: prompt=5 resp=2460
[2026-06-03 07:33:14] [TRAIN] Gen 73/192: prompt=5 resp=2307
[2026-06-03 07:33:14] [TRAIN] Gen 77/192: prompt=23 resp=2490
[2026-06-03 07:33:14] [TRAIN] Gen 74/192: prompt=5 resp=2182
[2026-06-03 07:33:14] [TRAIN] Gen 71/192: prompt=39 resp=1249
[2026-06-03 07:33:14] [TRAIN] Gen 78/192: prompt=23 resp=2494
[2026-06-03 07:33:14] [TRAIN] Gen 72/192: prompt=39 resp=1504
[2026-06-03 07:33:14] [TRAIN] Gen 80/192: prompt=23 resp=2489
[2026-06-03 07:33:14] [TRAIN] Gen 81/192: prompt=6 resp=843
[2026-06-03 07:33:15] [TRAIN] Gen 83/192: prompt=6 resp=831
[2026-06-03 07:33:16] [TRAIN] Gen 82/192: prompt=6 resp=1593
[2026-06-03 07:33:20] [TRAIN] Gen 84/192: prompt=6 resp=1661
[2026-06-03 07:33:21] [TRAIN] Gen 92/192: prompt=6 resp=1910
[2026-06-03 07:33:23] [TRAIN] Gen 85/192: prompt=233 resp=2343
[2026-06-03 07:33:23] [TRAIN] Gen 86/192: prompt=233 resp=2300
[2026-06-03 07:33:23] [TRAIN] Gen 95/192: prompt=311 resp=2495
[2026-06-03 07:33:23] [TRAIN] Gen 88/192: prompt=233 resp=2403
[2026-06-03 07:33:23] [TRAIN] Gen 89/192: prompt=6 resp=2313
[2026-06-03 07:33:23] [TRAIN] Gen 90/192: prompt=6 resp=2329
[2026-06-03 07:33:23] [TRAIN] Gen 96/192: prompt=311 resp=2474
[2026-06-03 07:33:23] [TRAIN] Gen 87/192: prompt=233 resp=2372
[2026-06-03 07:33:23] [TRAIN] Gen 91/192: prompt=6 resp=2333
[2026-06-03 07:33:23] [TRAIN] Gen 93/192: prompt=311 resp=2420
[2026-06-03 07:33:23] [TRAIN] Gen 94/192: prompt=311 resp=2457
[2026-06-03 07:33:23] [TRAIN] Gen 97/192: prompt=46 resp=1948
[2026-06-03 07:33:25] [TRAIN] Gen 98/192: prompt=46 resp=1814
[2026-06-03 07:33:26] [TRAIN] Gen 99/192: prompt=46 resp=1957
[2026-06-03 07:33:29] [TRAIN] Gen 100/192: prompt=46 resp=1935
[2026-06-03 07:33:30] [TRAIN] Gen 101/192: prompt=18 resp=2595
[2026-06-03 07:33:32] [TRAIN] Gen 102/192: prompt=18 resp=2573
[2026-06-03 07:33:32] [TRAIN] Gen 103/192: prompt=18 resp=2637
[2026-06-03 07:33:32] [TRAIN] Gen 112/192: prompt=42 resp=2534
[2026-06-03 07:33:32] [TRAIN] Gen 111/192: prompt=42 resp=2587
[2026-06-03 07:33:32] [TRAIN] Gen 109/192: prompt=42 resp=2511
[2026-06-03 07:33:32] [TRAIN] Gen 108/192: prompt=86 resp=2456
[2026-06-03 07:33:32] [TRAIN] Gen 107/192: prompt=86 resp=2459
[2026-06-03 07:33:32] [TRAIN] Gen 104/192: prompt=18 resp=2632
[2026-06-03 07:33:32] [TRAIN] Gen 110/192: prompt=42 resp=2348
[2026-06-03 07:33:32] [TRAIN] Gen 106/192: prompt=86 resp=2348
[2026-06-03 07:33:32] [TRAIN] Gen 105/192: prompt=86 resp=2344
[2026-06-03 07:33:32] [TRAIN] Gen 113/192: prompt=35 resp=2274
[2026-06-03 07:33:34] [TRAIN] Gen 114/192: prompt=35 resp=2335
[2026-06-03 07:33:34] [TRAIN] Gen 115/192: prompt=35 resp=2270
[2026-06-03 07:33:39] [TRAIN] Gen 121/192: prompt=9 resp=1118
[2026-06-03 07:33:39] [TRAIN] Gen 116/192: prompt=35 resp=2463
[2026-06-03 07:33:40] [TRAIN] Gen 117/192: prompt=219 resp=2226
[2026-06-03 07:33:42] [TRAIN] Gen 118/192: prompt=219 resp=2316
[2026-06-03 07:33:42] [TRAIN] Gen 119/192: prompt=219 resp=2435
[2026-06-03 07:33:42] [TRAIN] Gen 124/192: prompt=9 resp=2059
[2026-06-03 07:33:42] [TRAIN] Gen 128/192: prompt=37 resp=2470
[2026-06-03 07:33:42] [TRAIN] Gen 122/192: prompt=9 resp=1904
[2026-06-03 07:33:42] [TRAIN] Gen 123/192: prompt=9 resp=1897
[2026-06-03 07:33:42] [TRAIN] Gen 120/192: prompt=219 resp=2505
[2026-06-03 07:33:42] [TRAIN] Gen 126/192: prompt=37 resp=2366
[2026-06-03 07:33:42] [TRAIN] Gen 125/192: prompt=37 resp=2475
[2026-06-03 07:33:42] [TRAIN] Gen 127/192: prompt=37 resp=2522
[2026-06-03 07:33:42] [TRAIN] Gen 129/192: prompt=377 resp=2402
[2026-06-03 07:33:44] [TRAIN] Gen 130/192: prompt=377 resp=2396
[2026-06-03 07:33:44] [TRAIN] Gen 131/192: prompt=377 resp=2349
[2026-06-03 07:33:48] [TRAIN] Gen 132/192: prompt=377 resp=2315
[2026-06-03 07:33:49] [TRAIN] Gen 133/192: prompt=15 resp=2406
[2026-06-03 07:33:50] [TRAIN] Gen 134/192: prompt=15 resp=2400
[2026-06-03 07:33:52] [TRAIN] Gen 135/192: prompt=15 resp=2304
[2026-06-03 07:33:52] [TRAIN] Gen 136/192: prompt=15 resp=2408
[2026-06-03 07:33:52] [TRAIN] Gen 142/192: prompt=82 resp=2096
[2026-06-03 07:33:52] [TRAIN] Gen 139/192: prompt=10 resp=2295
[2026-06-03 07:33:52] [TRAIN] Gen 138/192: prompt=10 resp=2373
[2026-06-03 07:33:52] [TRAIN] Gen 140/192: prompt=10 resp=2200
[2026-06-03 07:33:52] [TRAIN] Gen 143/192: prompt=82 resp=2181
[2026-06-03 07:33:52] [TRAIN] Gen 141/192: prompt=82 resp=2115
[2026-06-03 07:33:52] [TRAIN] Gen 144/192: prompt=82 resp=2075
[2026-06-03 07:33:52] [TRAIN] Gen 137/192: prompt=10 resp=2324
[2026-06-03 07:33:52] [TRAIN] Gen 145/192: prompt=143 resp=2337
[2026-06-03 07:33:54] [TRAIN] Gen 146/192: prompt=143 resp=2440
[2026-06-03 07:33:54] [TRAIN] Gen 147/192: prompt=143 resp=2405
[2026-06-03 07:33:58] [TRAIN] Gen 148/192: prompt=143 resp=2377
[2026-06-03 07:33:58] [TRAIN] Gen 149/192: prompt=8 resp=2295
[2026-06-03 07:33:59] [TRAIN] Gen 150/192: prompt=8 resp=2272
[2026-06-03 07:34:01] [TRAIN] Gen 151/192: prompt=8 resp=2402
[2026-06-03 07:34:01] [TRAIN] Gen 152/192: prompt=8 resp=2303
[2026-06-03 07:34:02] [TRAIN] Gen 153/192: prompt=4 resp=2473
[2026-06-03 07:34:02] [TRAIN] Gen 160/192: prompt=8 resp=2423
[2026-06-03 07:34:02] [TRAIN] Gen 155/192: prompt=4 resp=2545
[2026-06-03 07:34:02] [TRAIN] Gen 158/192: prompt=8 resp=2309
[2026-06-03 07:34:02] [TRAIN] Gen 157/192: prompt=8 resp=2476
[2026-06-03 07:34:02] [TRAIN] Gen 156/192: prompt=4 resp=2420
[2026-06-03 07:34:02] [TRAIN] Gen 154/192: prompt=4 resp=2560
[2026-06-03 07:34:02] [TRAIN] Gen 159/192: prompt=8 resp=2459
[2026-06-03 07:34:02] [TRAIN] Gen 161/192: prompt=14 resp=2440
[2026-06-03 07:34:03] [TRAIN] Gen 162/192: prompt=14 resp=2483
[2026-06-03 07:34:04] [TRAIN] Gen 163/192: prompt=14 resp=2465
[2026-06-03 07:34:08] [TRAIN] Gen 164/192: prompt=14 resp=2389
[2026-06-03 07:34:08] [TRAIN] Gen 165/192: prompt=37 resp=2174
[2026-06-03 07:34:09] [TRAIN] Gen 166/192: prompt=37 resp=2154
[2026-06-03 07:34:11] [TRAIN] Gen 177/192: prompt=257 resp=2199
[2026-06-03 07:34:11] [TRAIN] Gen 167/192: prompt=37 resp=2168
[2026-06-03 07:34:11] [TRAIN] Gen 168/192: prompt=37 resp=2245
[2026-06-03 07:34:12] [TRAIN] Gen 171/192: prompt=8 resp=2109
[2026-06-03 07:34:12] [TRAIN] Gen 175/192: prompt=338 resp=2196
[2026-06-03 07:34:12] [TRAIN] Gen 176/192: prompt=338 resp=2029
[2026-06-03 07:34:12] [TRAIN] Gen 173/192: prompt=338 resp=2175
[2026-06-03 07:34:12] [TRAIN] Gen 172/192: prompt=8 resp=2340
[2026-06-03 07:34:12] [TRAIN] Gen 170/192: prompt=8 resp=2187
[2026-06-03 07:34:12] [TRAIN] Gen 169/192: prompt=8 resp=2265
[2026-06-03 07:34:12] [TRAIN] Gen 174/192: prompt=338 resp=2169
[2026-06-03 07:34:13] [TRAIN] Gen 178/192: prompt=257 resp=2288
[2026-06-03 07:34:14] [TRAIN] Gen 179/192: prompt=257 resp=2057
[2026-06-03 07:34:18] [TRAIN] Gen 180/192: prompt=257 resp=2262
[2026-06-03 07:34:18] [TRAIN] Gen 181/192: prompt=12 resp=2651
[2026-06-03 07:34:19] [TRAIN] Gen 182/192: prompt=12 resp=2686
[2026-06-03 07:34:21] [TRAIN] Gen 183/192: prompt=12 resp=2715
[2026-06-03 07:34:21] [TRAIN] Gen 184/192: prompt=12 resp=2751
[2026-06-03 07:34:21] [TRAIN] Gen 185/192: prompt=64 resp=1700
[2026-06-03 07:34:21] [TRAIN] Gen 186/192: prompt=64 resp=1859
[2026-06-03 07:34:21] [TRAIN] Gen 190/192: prompt=15 resp=2173
[2026-06-03 07:34:21] [TRAIN] Gen 191/192: prompt=15 resp=2241
[2026-06-03 07:34:21] [TRAIN] Gen 187/192: prompt=64 resp=1625
[2026-06-03 07:34:21] [TRAIN] Gen 189/192: prompt=15 resp=2192
[2026-06-03 07:34:21] [TRAIN] Gen 192/192: prompt=15 resp=2262
[2026-06-03 07:34:21] [TRAIN] Gen 188/192: prompt=64 resp=1943
[2026-06-03 07:34:21] [TRAIN] Generation done in 113.1s
[2026-06-03 07:34:33] [TRAIN] Prompt 1/48: rewards=[0.0, 0.0, 0.237, 0.2]
[2026-06-03 07:34:33] [TRAIN] Prompt 2 category: creative writing
[2026-06-03 07:34:44] [TRAIN] Prompt 2/48: rewards=[0.0, 0.0, 0.375, 0.2]
[2026-06-03 07:34:44] [TRAIN] Prompt 3 category: debating
[2026-06-03 07:34:56] [TRAIN] Prompt 3/48: rewards=[0.237, 0.4, 0.0, 0.0]
[2026-06-03 07:34:56] [TRAIN] Prompt 4 category: brainstorming
[2026-06-03 07:35:07] [TRAIN] Prompt 4/48: rewards=[0.275, 0.5, 0.412, 0.0]
[2026-06-03 07:35:07] [TRAIN] Prompt 5 category: copywriting
[2026-06-03 07:35:18] [TRAIN] Prompt 5/48: rewards=[0.45, 0.0, 0.263, 0.0]
[2026-06-03 07:35:18] [TRAIN] Prompt 6 category: creative writing
[2026-06-03 07:35:30] [TRAIN] Prompt 6/48: rewards=[0.275, 0.225, 0.263, 0.0]
[2026-06-03 07:35:42] [TRAIN] Prompt 7/48: rewards=[0.0, 0.0, 0.537, 0.487]
[2026-06-03 07:35:42] [TRAIN] Prompt 8 category: coding
[2026-06-03 07:35:47] [TRAIN] Prompt 8/48: rewards=[0.0, 0.2, 0.0, 0.0]
[2026-06-03 07:35:47] [TRAIN] Prompt 9 category: debugging
[2026-06-03 07:35:54] [TRAIN] Prompt 9/48: rewards=[0.0, 0.0, 0.0, 0.0]
[2026-06-03 07:35:54] [TRAIN] Prompt 10 category: logical reasoning
[2026-06-03 07:36:01] [TRAIN] Prompt 10/48: rewards=[0.0, 0.0, 0.0, 0.0]
[2026-06-03 07:36:11] [TRAIN] Prompt 11/48: rewards=[0.475, 0.338, 0.425, 0.237]
[2026-06-03 07:36:23] [TRAIN] Prompt 12/48: rewards=[0.0, 0.5, 0.5, 0.0]
[2026-06-03 07:36:23] [TRAIN] Prompt 13 category: creative writing
[2026-06-03 07:36:34] [TRAIN] Prompt 13/48: rewards=[0.35, 0.0, 0.237, 0.0]
[2026-06-03 07:36:34] [TRAIN] Prompt 14 category: brainstorming
[2026-06-03 07:36:46] [TRAIN] Prompt 14/48: rewards=[0.0, 0.338, 0.0, 0.3]
[2026-06-03 07:36:46] [TRAIN] Prompt 15 category: debugging
[2026-06-03 07:36:53] [TRAIN] Prompt 15/48: rewards=[0.0, 0.0, 0.0, 0.0]
[2026-06-03 07:36:53] [TRAIN] Prompt 16 category: creative writing
[2026-06-03 07:37:03] [TRAIN] Prompt 16/48: rewards=[0.287, 0.388, 0.4, 0.237]
[2026-06-03 07:37:03] [TRAIN] Prompt 17 category: explanation
[2026-06-03 07:37:15] [TRAIN] Prompt 17/48: rewards=[0.25, 0.0, 0.438, 0.0]
[2026-06-03 07:37:15] [TRAIN] Prompt 18 category: math
[2026-06-03 07:37:22] [TRAIN] Prompt 18/48: rewards=[0.0, 0.0, 0.0, 0.0]
[2026-06-03 07:37:34] [TRAIN] Prompt 19/48: rewards=[0.163, 0.0, 0.0, 0.412]
[2026-06-03 07:37:34] [TRAIN] Prompt 20 category: creative writing
[2026-06-03 07:37:45] [TRAIN] Prompt 20/48: rewards=[0.45, 0.45, 0.0, 0.0]
[2026-06-03 07:37:45] [TRAIN] Prompt 21 category: explanation
[2026-06-03 07:37:57] [TRAIN] Prompt 21/48: rewards=[0.5, 0.487, 0.0, 0.0]
[2026-06-03 07:37:57] [TRAIN] Prompt 22 category: debugging
[2026-06-03 07:38:03] [TRAIN] Prompt 22/48: rewards=[0.0, 0.2, 0.1, 0.0]
[2026-06-03 07:38:12] [TRAIN] Prompt 23/48: rewards=[0.362, 0.362, 0.0, 0.6]
[2026-06-03 07:38:12] [TRAIN] Prompt 24 category: coding
[2026-06-03 07:38:17] [TRAIN] Prompt 24/48: rewards=[0.0, 0.2, 0.2, 0.225]
[2026-06-03 07:38:17] [TRAIN] Prompt 25 category: logical reasoning
[2026-06-03 07:38:24] [TRAIN] Prompt 25/48: rewards=[0.0, 0.0, 0.0, 0.0]
[2026-06-03 07:38:24] [TRAIN] Prompt 26 category: brainstorming
[2026-06-03 07:38:36] [TRAIN] Prompt 26/48: rewards=[0.0, 0.275, 0.025, 0.0]
[2026-06-03 07:38:36] [TRAIN] Prompt 27 category: coding
[2026-06-03 07:38:42] [TRAIN] Prompt 27/48: rewards=[0.0, 0.225, 0.175, 0.0]
[2026-06-03 07:38:53] [TRAIN] Prompt 28/48: rewards=[0.35, 0.225, 0.125, 0.4]
[2026-06-03 07:38:53] [TRAIN] Prompt 29 category: creative writing
[2026-06-03 07:39:03] [TRAIN] Prompt 29/48: rewards=[0.2, 0.287, 0.5, 0.0]
[2026-06-03 07:39:03] [TRAIN] Prompt 30 category: coding
[2026-06-03 07:39:10] [TRAIN] Prompt 30/48: rewards=[0.0, 0.0, 0.0, 0.0]
[2026-06-03 07:39:21] [TRAIN] Prompt 31/48: rewards=[0.2, 0.0, 0.212, 0.388]
[2026-06-03 07:39:21] [TRAIN] Prompt 32 category: instruction following
[2026-06-03 07:39:33] [TRAIN] Prompt 32/48: rewards=[0.287, 0.0, 0.25, 0.3]
[2026-06-03 07:39:33] [TRAIN] Prompt 33 category: coding
[2026-06-03 07:39:39] [TRAIN] Prompt 33/48: rewards=[0.275, 0.0, 0.0, 0.225]
[2026-06-03 07:39:50] [TRAIN] Prompt 34/48: rewards=[0.0, 0.412, 0.338, 0.338]
[2026-06-03 07:39:50] [TRAIN] Prompt 35 category: explanation
[2026-06-03 07:40:01] [TRAIN] Prompt 35/48: rewards=[0.338, 0.412, 0.362, 0.85]
[2026-06-03 07:40:01] [TRAIN] Prompt 36 category: brainstorming
[2026-06-03 07:40:14] [TRAIN] Prompt 36/48: rewards=[0.0, 0.388, 0.0, 0.0]
[2026-06-03 07:40:14] [TRAIN] Prompt 37 category: debugging
[2026-06-03 07:40:20] [TRAIN] Prompt 37/48: rewards=[0.225, 0.2, 0.0, 0.0]
[2026-06-03 07:40:20] [TRAIN] Prompt 38 category: brainstorming
[2026-06-03 07:40:31] [TRAIN] Prompt 38/48: rewards=[0.287, 0.0, 0.325, 0.0]
[2026-06-03 07:40:42] [TRAIN] Prompt 39/48: rewards=[0.338, 0.362, 0.362, 0.412]
[2026-06-03 07:40:52] [TRAIN] Prompt 40/48: rewards=[0.325, 0.275, 0.287, 0.325]
[2026-06-03 07:40:52] [TRAIN] Prompt 41 category: creative writing
[2026-06-03 07:41:03] [TRAIN] Prompt 41/48: rewards=[0.0, 0.25, 0.138, 0.188]
[2026-06-03 07:41:03] [TRAIN] Prompt 42 category: explanation
[2026-06-03 07:41:14] [TRAIN] Prompt 42/48: rewards=[0.45, 0.0, 0.138, 0.0]
[2026-06-03 07:41:26] [TRAIN] Prompt 43/48: rewards=[0.0, 0.225, 0.15, 0.263]
[2026-06-03 07:41:26] [TRAIN] Prompt 44 category: coding
[2026-06-03 07:41:32] [TRAIN] Prompt 44/48: rewards=[0.275, 0.0, 0.0, 0.0]
[2026-06-03 07:41:43] [TRAIN] Prompt 45/48: rewards=[0.55, 0.425, 0.0, 0.237]
[2026-06-03 07:41:43] [TRAIN] Prompt 46 category: creative writing
[2026-06-03 07:41:52] [TRAIN] Prompt 46/48: rewards=[0.425, 0.263, 0.05, 0.163]
[2026-06-03 07:41:52] [TRAIN] Prompt 47 category: brainstorming
[2026-06-03 07:42:04] [TRAIN] Prompt 47/48: rewards=[0.475, 0.338, 0.0, 0.237]
[2026-06-03 07:42:04] [TRAIN] Prompt 48 category: explanation
[2026-06-03 07:42:12] [TRAIN] Prompt 48/48: rewards=[0.325, 0.275, 0.388, 0.312]
[2026-06-03 07:42:12] [TRAIN] Rewards: mean=0.180, 4/192 >0.5 (mode=rubric)
[2026-06-03 07:42:12] [TRAIN] Sleeping replicas via CheckpointEngineManager...
[2026-06-03 07:42:13] [TRAIN] Replicas asleep
[2026-06-03 07:42:13] [TRAIN] Training batch built: {'prompts': torch.Size([192, 377]), 'input_ids': torch.Size([192, 889]), 'attention_mask': torch.Size([192, 889]), 'position_ids': torch.Size([192, 889]), 'responses': torch.Size([192, 512])}
[2026-06-03 07:42:13] [TRAIN] rm_scores computed (last-token placement)
[2026-06-03 07:42:13] [TRAIN] response_mask computed
[2026-06-03 07:42:53] [TRAIN] old_log_probs computed
[2026-06-03 07:42:53] [TRAIN] GRPO advantages computed
[2026-06-03 07:45:47] [TRAIN] Actor update completed — loss=-0.0013
[2026-06-03 07:45:49] [TRAIN] Weight sync done in 1.9s (wake handled internally)
[2026-06-03 07:45:49] [TRAIN] train_step completed in 801.0s — reward=0.180 (4/192), loss=-0.0013, grad_norm=0.129 | score=0.180, rewards=0.180, adv=0.002 | rlen=503, plen=67, abort=0.000 | tps=136.4 tok/s/gpu, gen=1.17ms/tok, actor=1.59ms/tok
[2026-06-03 07:45:49] [TRAIN] train_step start: 48 prompts x 4 = 192 total
[2026-06-03 07:45:49] [TRAIN] Generating 192 responses (48 prompts x 4) with 16 concurrent workers
[2026-06-03 07:45:58] [TRAIN] Gen 1/192: prompt=162 resp=2376
[2026-06-03 07:45:58] [TRAIN] Gen 16/192: prompt=13 resp=2501
[2026-06-03 07:45:58] [TRAIN] Gen 5/192: prompt=54 resp=2509
[2026-06-03 07:45:58] [TRAIN] Gen 3/192: prompt=162 resp=2075
[2026-06-03 07:45:58] [TRAIN] Gen 9/192: prompt=37 resp=2124
[2026-06-03 07:45:58] [TRAIN] Gen 10/192: prompt=37 resp=2469
[2026-06-03 07:45:58] [TRAIN] Gen 14/192: prompt=13 resp=2494
[2026-06-03 07:45:58] [TRAIN] Gen 13/192: prompt=13 resp=2489
[2026-06-03 07:45:58] [TRAIN] Gen 6/192: prompt=54 resp=2311
[2026-06-03 07:45:58] [TRAIN] Gen 2/192: prompt=162 resp=2380
[2026-06-03 07:45:58] [TRAIN] Gen 8/192: prompt=54 resp=2291
[2026-06-03 07:45:58] [TRAIN] Gen 7/192: prompt=54 resp=2413
[2026-06-03 07:45:58] [TRAIN] Gen 4/192: prompt=162 resp=2418
[2026-06-03 07:45:58] [TRAIN] Gen 11/192: prompt=37 resp=2267
[2026-06-03 07:45:58] [TRAIN] Gen 15/192: prompt=13 resp=2302
[2026-06-03 07:45:58] [TRAIN] Gen 12/192: prompt=37 resp=2393
[2026-06-03 07:46:03] [TRAIN] Gen 22/192: prompt=8 resp=1040
[2026-06-03 07:46:03] [TRAIN] Gen 31/192: prompt=28 resp=1332
[2026-06-03 07:46:04] [TRAIN] Gen 23/192: prompt=8 resp=1339
[2026-06-03 07:46:04] [TRAIN] Gen 30/192: prompt=28 resp=1537
[2026-06-03 07:46:05] [TRAIN] Gen 24/192: prompt=8 resp=1545
[2026-06-03 07:46:05] [TRAIN] Gen 32/192: prompt=28 resp=1730
[2026-06-03 07:46:05] [TRAIN] Gen 29/192: prompt=28 resp=1917
[2026-06-03 07:46:05] [TRAIN] Gen 21/192: prompt=8 resp=1873
[2026-06-03 07:46:07] [TRAIN] Gen 17/192: prompt=15 resp=2380
[2026-06-03 07:46:07] [TRAIN] Gen 20/192: prompt=15 resp=2084
[2026-06-03 07:46:07] [TRAIN] Gen 19/192: prompt=15 resp=2268
[2026-06-03 07:46:07] [TRAIN] Gen 25/192: prompt=84 resp=2246
[2026-06-03 07:46:07] [TRAIN] Gen 18/192: prompt=15 resp=2078
[2026-06-03 07:46:07] [TRAIN] Gen 28/192: prompt=84 resp=2416
[2026-06-03 07:46:07] [TRAIN] Gen 27/192: prompt=84 resp=2395
[2026-06-03 07:46:07] [TRAIN] Gen 26/192: prompt=84 resp=2335
[2026-06-03 07:46:11] [TRAIN] Gen 33/192: prompt=5 resp=2654
[2026-06-03 07:46:12] [TRAIN] Gen 34/192: prompt=5 resp=2591
[2026-06-03 07:46:13] [TRAIN] Gen 35/192: prompt=5 resp=2669
[2026-06-03 07:46:13] [TRAIN] Gen 36/192: prompt=5 resp=2552
[2026-06-03 07:46:13] [TRAIN] Gen 37/192: prompt=6 resp=2186
[2026-06-03 07:46:14] [TRAIN] Gen 38/192: prompt=6 resp=2294
[2026-06-03 07:46:14] [TRAIN] Gen 39/192: prompt=6 resp=2215
[2026-06-03 07:46:14] [TRAIN] Gen 40/192: prompt=6 resp=2143
[2026-06-03 07:46:16] [TRAIN] Gen 41/192: prompt=47 resp=2341
[2026-06-03 07:46:16] [TRAIN] Gen 42/192: prompt=47 resp=2466
[2026-06-03 07:46:16] [TRAIN] Gen 43/192: prompt=47 resp=2186
[2026-06-03 07:46:16] [TRAIN] Gen 46/192: prompt=11 resp=2335
[2026-06-03 07:46:16] [TRAIN] Gen 45/192: prompt=11 resp=2414
[2026-06-03 07:46:16] [TRAIN] Gen 48/192: prompt=11 resp=2397
[2026-06-03 07:46:16] [TRAIN] Gen 44/192: prompt=47 resp=2463
[2026-06-03 07:46:16] [TRAIN] Gen 47/192: prompt=11 resp=2410
[2026-06-03 07:46:20] [TRAIN] Gen 61/192: prompt=8 resp=968
[2026-06-03 07:46:21] [TRAIN] Gen 49/192: prompt=29 resp=2027
[2026-06-03 07:46:21] [TRAIN] Gen 62/192: prompt=8 resp=1207
[2026-06-03 07:46:21] [TRAIN] Gen 63/192: prompt=8 resp=1286
[2026-06-03 07:46:21] [TRAIN] Gen 50/192: prompt=29 resp=2068
[2026-06-03 07:46:22] [TRAIN] Gen 51/192: prompt=29 resp=2054
[2026-06-03 07:46:22] [TRAIN] Gen 64/192: prompt=8 resp=1504
[2026-06-03 07:46:22] [TRAIN] Gen 52/192: prompt=29 resp=1923
[2026-06-03 07:46:23] [TRAIN] Gen 53/192: prompt=188 resp=2084
[2026-06-03 07:46:23] [TRAIN] Gen 54/192: prompt=188 resp=1797
[2026-06-03 07:46:23] [TRAIN] Gen 55/192: prompt=188 resp=2088
[2026-06-03 07:46:24] [TRAIN] Gen 56/192: prompt=188 resp=1866
[2026-06-03 07:46:25] [TRAIN] Gen 57/192: prompt=16 resp=2133
[2026-06-03 07:46:25] [TRAIN] Gen 58/192: prompt=16 resp=2173
[2026-06-03 07:46:25] [TRAIN] Gen 59/192: prompt=16 resp=1717
[2026-06-03 07:46:25] [TRAIN] Gen 60/192: prompt=16 resp=2012
[2026-06-03 07:46:29] [TRAIN] Gen 65/192: prompt=20 resp=2367
[2026-06-03 07:46:30] [TRAIN] Gen 66/192: prompt=20 resp=2261
[2026-06-03 07:46:30] [TRAIN] Gen 67/192: prompt=20 resp=2208
[2026-06-03 07:46:30] [TRAIN] Gen 68/192: prompt=20 resp=2339
[2026-06-03 07:46:30] [TRAIN] Gen 69/192: prompt=59 resp=2352
[2026-06-03 07:46:31] [TRAIN] Gen 70/192: prompt=59 resp=2493
[2026-06-03 07:46:31] [TRAIN] Gen 71/192: prompt=59 resp=2612
[2026-06-03 07:46:31] [TRAIN] Gen 72/192: prompt=59 resp=2636
[2026-06-03 07:46:32] [TRAIN] Gen 73/192: prompt=8 resp=2343
[2026-06-03 07:46:32] [TRAIN] Gen 74/192: prompt=8 resp=2400
[2026-06-03 07:46:32] [TRAIN] Gen 75/192: prompt=8 resp=2364
[2026-06-03 07:46:33] [TRAIN] Gen 76/192: prompt=8 resp=2361
[2026-06-03 07:46:34] [TRAIN] Gen 77/192: prompt=543 resp=2257
[2026-06-03 07:46:34] [TRAIN] Gen 78/192: prompt=543 resp=2326
[2026-06-03 07:46:34] [TRAIN] Gen 79/192: prompt=543 resp=2282
[2026-06-03 07:46:34] [TRAIN] Gen 80/192: prompt=543 resp=2340
[2026-06-03 07:46:38] [TRAIN] Gen 81/192: prompt=15 resp=2499
[2026-06-03 07:46:38] [TRAIN] Gen 82/192: prompt=15 resp=2585
[2026-06-03 07:46:39] [TRAIN] Gen 83/192: prompt=15 resp=2618
[2026-06-03 07:46:39] [TRAIN] Gen 84/192: prompt=15 resp=2541
[2026-06-03 07:46:39] [TRAIN] Gen 85/192: prompt=35 resp=2172
[2026-06-03 07:46:40] [TRAIN] Gen 86/192: prompt=35 resp=2311
[2026-06-03 07:46:40] [TRAIN] Gen 87/192: prompt=35 resp=2117
[2026-06-03 07:46:40] [TRAIN] Gen 88/192: prompt=35 resp=2248
[2026-06-03 07:46:41] [TRAIN] Gen 89/192: prompt=12 resp=2717
[2026-06-03 07:46:41] [TRAIN] Gen 90/192: prompt=12 resp=2766
[2026-06-03 07:46:41] [TRAIN] Gen 91/192: prompt=12 resp=2674
[2026-06-03 07:46:41] [TRAIN] Gen 92/192: prompt=12 resp=2553
[2026-06-03 07:46:43] [TRAIN] Gen 93/192: prompt=40 resp=2221
[2026-06-03 07:46:43] [TRAIN] Gen 94/192: prompt=40 resp=2469
[2026-06-03 07:46:43] [TRAIN] Gen 95/192: prompt=40 resp=2310
[2026-06-03 07:46:43] [TRAIN] Gen 96/192: prompt=40 resp=2349
[2026-06-03 07:46:45] [TRAIN] Gen 106/192: prompt=7 resp=972
[2026-06-03 07:46:46] [TRAIN] Gen 105/192: prompt=7 resp=1272
[2026-06-03 07:46:47] [TRAIN] Gen 107/192: prompt=7 resp=1321
[2026-06-03 07:46:47] [TRAIN] Gen 97/192: prompt=316 resp=2177
[2026-06-03 07:46:48] [TRAIN] Gen 98/192: prompt=316 resp=2148
[2026-06-03 07:46:48] [TRAIN] Gen 99/192: prompt=316 resp=2022
[2026-06-03 07:46:48] [TRAIN] Gen 100/192: prompt=316 resp=2044
[2026-06-03 07:46:49] [TRAIN] Gen 101/192: prompt=14 resp=1983
[2026-06-03 07:46:49] [TRAIN] Gen 102/192: prompt=14 resp=2213
[2026-06-03 07:46:49] [TRAIN] Gen 103/192: prompt=14 resp=2075
[2026-06-03 07:46:49] [TRAIN] Gen 104/192: prompt=14 resp=2109
[2026-06-03 07:46:50] [TRAIN] Gen 108/192: prompt=7 resp=2106
[2026-06-03 07:46:53] [TRAIN] Gen 109/192: prompt=137 resp=2468
[2026-06-03 07:46:53] [TRAIN] Gen 110/192: prompt=137 resp=2484
[2026-06-03 07:46:53] [TRAIN] Gen 112/192: prompt=137 resp=2405
[2026-06-03 07:46:53] [TRAIN] Gen 111/192: prompt=137 resp=2430
[2026-06-03 07:46:54] [TRAIN] Gen 113/192: prompt=13 resp=2635
[2026-06-03 07:46:55] [TRAIN] Gen 114/192: prompt=13 resp=2697
[2026-06-03 07:46:56] [TRAIN] Gen 115/192: prompt=13 resp=2674
[2026-06-03 07:46:56] [TRAIN] Gen 116/192: prompt=13 resp=2549
[2026-06-03 07:46:57] [TRAIN] Gen 117/192: prompt=7 resp=2669
[2026-06-03 07:46:57] [TRAIN] Gen 118/192: prompt=7 resp=2649
[2026-06-03 07:46:57] [TRAIN] Gen 119/192: prompt=7 resp=2547
[2026-06-03 07:46:58] [TRAIN] Gen 120/192: prompt=7 resp=2778
[2026-06-03 07:46:58] [TRAIN] Gen 128/192: prompt=66 resp=1392
[2026-06-03 07:46:58] [TRAIN] Gen 121/192: prompt=61 resp=2066
[2026-06-03 07:46:58] [TRAIN] Gen 122/192: prompt=61 resp=2082
[2026-06-03 07:46:58] [TRAIN] Gen 123/192: prompt=61 resp=2067
[2026-06-03 07:46:59] [TRAIN] Gen 124/192: prompt=61 resp=2117
[2026-06-03 07:47:00] [TRAIN] Gen 127/192: prompt=66 resp=1930
[2026-06-03 07:47:02] [TRAIN] Gen 125/192: prompt=66 resp=2507
[2026-06-03 07:47:02] [TRAIN] Gen 126/192: prompt=66 resp=2488
[2026-06-03 07:47:04] [TRAIN] Gen 129/192: prompt=21 resp=2164
[2026-06-03 07:47:04] [TRAIN] Gen 135/192: prompt=36 resp=1745
[2026-06-03 07:47:04] [TRAIN] Gen 130/192: prompt=21 resp=1949
[2026-06-03 07:47:04] [TRAIN] Gen 134/192: prompt=36 resp=1773
[2026-06-03 07:47:05] [TRAIN] Gen 131/192: prompt=21 resp=2082
[2026-06-03 07:47:06] [TRAIN] Gen 132/192: prompt=21 resp=2293
[2026-06-03 07:47:07] [TRAIN] Gen 133/192: prompt=36 resp=2490
[2026-06-03 07:47:07] [TRAIN] Gen 136/192: prompt=36 resp=2308
[2026-06-03 07:47:07] [TRAIN] Gen 137/192: prompt=15 resp=2426
[2026-06-03 07:47:08] [TRAIN] Gen 138/192: prompt=15 resp=2422
[2026-06-03 07:47:08] [TRAIN] Gen 139/192: prompt=15 resp=2577
[2026-06-03 07:47:08] [TRAIN] Gen 140/192: prompt=15 resp=2540
[2026-06-03 07:47:08] [TRAIN] Gen 141/192: prompt=157 resp=2140
[2026-06-03 07:47:09] [TRAIN] Gen 142/192: prompt=157 resp=2088
[2026-06-03 07:47:11] [TRAIN] Gen 143/192: prompt=157 resp=2121
[2026-06-03 07:47:11] [TRAIN] Gen 144/192: prompt=157 resp=2208
[2026-06-03 07:47:13] [TRAIN] Gen 145/192: prompt=22 resp=1990
[2026-06-03 07:47:13] [TRAIN] Gen 146/192: prompt=22 resp=2162
[2026-06-03 07:47:13] [TRAIN] Gen 147/192: prompt=22 resp=2108
[2026-06-03 07:47:13] [TRAIN] Gen 148/192: prompt=22 resp=2077
[2026-06-03 07:47:14] [TRAIN] Gen 149/192: prompt=27 resp=2443
[2026-06-03 07:47:15] [TRAIN] Gen 150/192: prompt=27 resp=2443
[2026-06-03 07:47:16] [TRAIN] Gen 151/192: prompt=27 resp=2436
[2026-06-03 07:47:16] [TRAIN] Gen 152/192: prompt=27 resp=2213
[2026-06-03 07:47:17] [TRAIN] Gen 153/192: prompt=6 resp=2340
[2026-06-03 07:47:17] [TRAIN] Gen 154/192: prompt=6 resp=2326
[2026-06-03 07:47:17] [TRAIN] Gen 160/192: prompt=7 resp=1448
[2026-06-03 07:47:17] [TRAIN] Gen 155/192: prompt=6 resp=2237
[2026-06-03 07:47:17] [TRAIN] Gen 156/192: prompt=6 resp=2323
[2026-06-03 07:47:18] [TRAIN] Gen 157/192: prompt=7 resp=2320
[2026-06-03 07:47:18] [TRAIN] Gen 158/192: prompt=7 resp=2149
[2026-06-03 07:47:20] [TRAIN] Gen 159/192: prompt=7 resp=2168
[2026-06-03 07:47:22] [TRAIN] Gen 161/192: prompt=9 resp=2183
[2026-06-03 07:47:23] [TRAIN] Gen 162/192: prompt=9 resp=2184
[2026-06-03 07:47:23] [TRAIN] Gen 163/192: prompt=9 resp=2234
[2026-06-03 07:47:23] [TRAIN] Gen 164/192: prompt=9 resp=2126
[2026-06-03 07:47:24] [TRAIN] Gen 165/192: prompt=13 resp=2232
[2026-06-03 07:47:25] [TRAIN] Gen 166/192: prompt=13 resp=2236
[2026-06-03 07:47:25] [TRAIN] Gen 167/192: prompt=13 resp=2358
[2026-06-03 07:47:26] [TRAIN] Gen 168/192: prompt=13 resp=2429
[2026-06-03 07:47:26] [TRAIN] Gen 169/192: prompt=309 resp=2480
[2026-06-03 07:47:27] [TRAIN] Gen 170/192: prompt=309 resp=2517
[2026-06-03 07:47:27] [TRAIN] Gen 171/192: prompt=309 resp=2486
[2026-06-03 07:47:27] [TRAIN] Gen 172/192: prompt=309 resp=2337
[2026-06-03 07:47:27] [TRAIN] Gen 173/192: prompt=18 resp=944
[2026-06-03 07:47:27] [TRAIN] Gen 174/192: prompt=18 resp=976
[2026-06-03 07:47:28] [TRAIN] Gen 175/192: prompt=18 resp=1007
[2026-06-03 07:47:29] [TRAIN] Gen 176/192: prompt=18 resp=978
[2026-06-03 07:47:32] [TRAIN] Gen 177/192: prompt=6 resp=2249
[2026-06-03 07:47:32] [TRAIN] Gen 178/192: prompt=6 resp=2315
[2026-06-03 07:47:32] [TRAIN] Gen 179/192: prompt=6 resp=2407
[2026-06-03 07:47:33] [TRAIN] Gen 180/192: prompt=6 resp=2318
[2026-06-03 07:47:34] [TRAIN] Gen 181/192: prompt=3 resp=2835
[2026-06-03 07:47:34] [TRAIN] Gen 182/192: prompt=3 resp=2849
[2026-06-03 07:47:35] [TRAIN] Gen 183/192: prompt=3 resp=2730
[2026-06-03 07:47:35] [TRAIN] Gen 184/192: prompt=3 resp=2689
[2026-06-03 07:47:36] [TRAIN] Gen 185/192: prompt=10 resp=1888
[2026-06-03 07:47:36] [TRAIN] Gen 186/192: prompt=10 resp=1927
[2026-06-03 07:47:36] [TRAIN] Gen 187/192: prompt=10 resp=1965
[2026-06-03 07:47:36] [TRAIN] Gen 188/192: prompt=10 resp=1989
[2026-06-03 07:47:36] [TRAIN] Gen 189/192: prompt=14 resp=2502
[2026-06-03 07:47:37] [TRAIN] Gen 190/192: prompt=14 resp=2391
[2026-06-03 07:47:37] [TRAIN] Gen 191/192: prompt=14 resp=2424
[2026-06-03 07:47:38] [TRAIN] Gen 192/192: prompt=14 resp=2422
[2026-06-03 07:47:38] [TRAIN] Generation done in 109.4s
[2026-06-03 07:47:49] [TRAIN] Prompt 1/48: rewards=[0.0, 0.0, 0.0, 0.412]
[2026-06-03 07:47:49] [TRAIN] Prompt 2 category: creative writing
[2026-06-03 07:48:02] [TRAIN] Prompt 2/48: rewards=[0.3, 0.0, 0.0, 0.212]
[2026-06-03 07:48:02] [TRAIN] Prompt 3 category: copywriting
[2026-06-03 07:48:14] [TRAIN] Prompt 3/48: rewards=[0.0, 0.338, 0.388, 0.0]
[2026-06-03 07:48:14] [TRAIN] Prompt 4 category: brainstorming
[2026-06-03 07:48:25] [TRAIN] Prompt 4/48: rewards=[0.463, 0.3, 0.212, 0.45]
[2026-06-03 07:48:25] [TRAIN] Prompt 5 category: coding
[2026-06-03 07:48:32] [TRAIN] Prompt 5/48: rewards=[0.0, 0.15, 0.0, 0.1]
[2026-06-03 07:48:32] [TRAIN] Prompt 6 category: coding
[2026-06-03 07:48:39] [TRAIN] Prompt 6/48: rewards=[0.2, 0.0, 0.0, 0.0]
[2026-06-03 07:48:39] [TRAIN] Prompt 7 category: instruction following
[2026-06-03 07:48:51] [TRAIN] Prompt 7/48: rewards=[0.425, 0.0, 0.338, 0.0]
[2026-06-03 07:48:51] [TRAIN] Prompt 8 category: creative writing
[2026-06-03 07:49:03] [TRAIN] Prompt 8/48: rewards=[0.487, 0.487, 0.0, 0.475]
[2026-06-03 07:49:03] [TRAIN] Prompt 9 category: explanation
[2026-06-03 07:49:13] [TRAIN] Prompt 9/48: rewards=[0.35, 0.0, 0.312, 0.3]
[2026-06-03 07:49:13] [TRAIN] Prompt 10 category: creative writing
[2026-06-03 07:49:25] [TRAIN] Prompt 10/48: rewards=[0.0, 0.225, 0.312, 0.287]
[2026-06-03 07:49:34] [TRAIN] Prompt 11/48: rewards=[0.325, 0.163, 0.0, 0.237]
[2026-06-03 07:49:34] [TRAIN] Prompt 12 category: explanation
[2026-06-03 07:49:45] [TRAIN] Prompt 12/48: rewards=[0.25, 0.4, 0.25, 0.0]
[2026-06-03 07:49:45] [TRAIN] Prompt 13 category: translation
[2026-06-03 07:49:53] [TRAIN] Prompt 13/48: rewards=[0.175, 0.138, 0.0, 0.325]
[2026-06-03 07:49:53] [TRAIN] Prompt 14 category: coding
[2026-06-03 07:50:00] [TRAIN] Prompt 14/48: rewards=[0.175, 0.0, 0.0, 0.0]
[2026-06-03 07:50:00] [TRAIN] Prompt 15 category: brainstorming
[2026-06-03 07:50:11] [TRAIN] Prompt 15/48: rewards=[0.188, 0.35, 0.1, 0.0]
[2026-06-03 07:50:11] [TRAIN] Prompt 16 category: coding
[2026-06-03 07:50:18] [TRAIN] Prompt 16/48: rewards=[0.0, 0.0, 0.0, 0.0]
[2026-06-03 07:50:18] [TRAIN] Prompt 17 category: coding
[2026-06-03 07:50:24] [TRAIN] Prompt 17/48: rewards=[0.0, 0.0, 0.175, 0.0]
[2026-06-03 07:50:24] [TRAIN] Prompt 18 category: creative writing
[2026-06-03 07:50:37] [TRAIN] Prompt 18/48: rewards=[0.287, 0.475, 0.35, 0.0]
[2026-06-03 07:50:37] [TRAIN] Prompt 19 category: coding
[2026-06-03 07:50:44] [TRAIN] Prompt 19/48: rewards=[0.0, 0.0, 0.0, 0.175]
[2026-06-03 07:50:44] [TRAIN] Prompt 20 category: debugging
[2026-06-03 07:50:50] [TRAIN] Prompt 20/48: rewards=[0.1, 0.0, 0.2, 0.0]
[2026-06-03 07:50:50] [TRAIN] Prompt 21 category: brainstorming
[2026-06-03 07:51:00] [TRAIN] Prompt 21/48: rewards=[0.5, 0.362, 0.338, 0.35]
[2026-06-03 07:51:13] [TRAIN] Prompt 22/48: rewards=[0.0, 0.0, 0.0, 0.237]
[2026-06-03 07:51:13] [TRAIN] Prompt 23 category: explanation
[2026-06-03 07:51:24] [TRAIN] Prompt 23/48: rewards=[0.275, 0.138, 0.25, 0.225]
[2026-06-03 07:51:24] [TRAIN] Prompt 24 category: translation
[2026-06-03 07:51:37] [TRAIN] Prompt 24/48: rewards=[0.0, 0.388, 0.438, 0.25]
[2026-06-03 07:51:37] [TRAIN] Prompt 25 category: coding
[2026-06-03 07:51:44] [TRAIN] Prompt 25/48: rewards=[0.0, 0.0, 0.0, 0.0]
[2026-06-03 07:51:44] [TRAIN] Prompt 26 category: explanation
[2026-06-03 07:51:55] [TRAIN] Prompt 26/48: rewards=[0.0, 0.475, 0.475, 0.487]
[2026-06-03 07:51:55] [TRAIN] Prompt 27 category: translation
[2026-06-03 07:52:07] [TRAIN] Prompt 27/48: rewards=[0.487, 0.0, 0.5, 0.613]
[2026-06-03 07:52:07] [TRAIN] Prompt 28 category: logical reasoning
[2026-06-03 07:52:14] [TRAIN] Prompt 28/48: rewards=[0.0, 0.35, 0.0, 0.0]
[2026-06-03 07:52:14] [TRAIN] Prompt 29 category: creative writing
[2026-06-03 07:52:24] [TRAIN] Prompt 29/48: rewards=[0.412, 0.163, 0.287, 0.3]
[2026-06-03 07:52:24] [TRAIN] Prompt 30 category: explanation
[2026-06-03 07:52:36] [TRAIN] Prompt 30/48: rewards=[0.263, 0.0, 0.325, 0.0]
[2026-06-03 07:52:36] [TRAIN] Prompt 31 category: coding
[2026-06-03 07:52:42] [TRAIN] Prompt 31/48: rewards=[0.0, 0.0, 0.0, 0.0]
[2026-06-03 07:52:56] [TRAIN] Prompt 32/48: rewards=[0.0, 0.0, 0.0, 0.45]
[2026-06-03 07:52:56] [TRAIN] Prompt 33 category: brainstorming
[2026-06-03 07:53:07] [TRAIN] Prompt 33/48: rewards=[0.0, 0.3, 0.35, 0.287]
[2026-06-03 07:53:07] [TRAIN] Prompt 34 category: brainstorming
[2026-06-03 07:53:18] [TRAIN] Prompt 34/48: rewards=[0.25, 0.487, 0.5, 0.45]
[2026-06-03 07:53:29] [TRAIN] Prompt 35/48: rewards=[0.0, 0.0, 0.225, 0.0]
[2026-06-03 07:53:39] [TRAIN] Prompt 36/48: rewards=[0.55, 0.263, 0.312, 0.0]
[2026-06-03 07:53:39] [TRAIN] Prompt 37 category: instruction following
[2026-06-03 07:53:51] [TRAIN] Prompt 37/48: rewards=[0.312, 0.287, 0.0, 0.0]
[2026-06-03 07:53:51] [TRAIN] Prompt 38 category: debugging
[2026-06-03 07:53:57] [TRAIN] Prompt 38/48: rewards=[0.15, 0.0, 0.0, 0.0]
[2026-06-03 07:53:57] [TRAIN] Prompt 39 category: coding
[2026-06-03 07:54:03] [TRAIN] Prompt 39/48: rewards=[0.0, 0.15, 0.0, 0.0]
[2026-06-03 07:54:03] [TRAIN] Prompt 40 category: coding
[2026-06-03 07:54:10] [TRAIN] Prompt 40/48: rewards=[0.0, 0.0, 0.0, 0.0]
[2026-06-03 07:54:10] [TRAIN] Prompt 41 category: coding
[2026-06-03 07:54:16] [TRAIN] Prompt 41/48: rewards=[0.2, 0.0, 0.0, 0.0]
[2026-06-03 07:54:16] [TRAIN] Prompt 42 category: logical reasoning
[2026-06-03 07:54:23] [TRAIN] Prompt 42/48: rewards=[0.1, 0.0, 0.5, 0.0]
[2026-06-03 07:54:23] [TRAIN] Prompt 43 category: instruction following
[2026-06-03 07:54:35] [TRAIN] Prompt 43/48: rewards=[0.338, 0.0, 0.237, 0.0]
[2026-06-03 07:54:35] [TRAIN] Prompt 44 category: translation
[2026-06-03 07:54:44] [TRAIN] Prompt 44/48: rewards=[0.325, 1.0, 0.1, 0.5]
[2026-06-03 07:54:44] [TRAIN] Prompt 45 category: creative writing
[2026-06-03 07:54:55] [TRAIN] Prompt 45/48: rewards=[0.5, 0.438, 0.0, 0.45]
[2026-06-03 07:54:55] [TRAIN] Prompt 46 category: instruction following
[2026-06-03 07:55:04] [TRAIN] Prompt 46/48: rewards=[0.0, 0.212, 0.312, 0.338]
[2026-06-03 07:55:16] [TRAIN] Prompt 47/48: rewards=[0.0, 0.0, 0.263, 0.0]
[2026-06-03 07:55:16] [TRAIN] Prompt 48 category: creative writing
[2026-06-03 07:55:28] [TRAIN] Prompt 48/48: rewards=[0.0, 0.087, 0.375, 0.0]
[2026-06-03 07:55:28] [TRAIN] Rewards: mean=0.171, 3/192 >0.5 (mode=rubric)
[2026-06-03 07:55:28] [TRAIN] Sleeping replicas via CheckpointEngineManager...
[2026-06-03 07:55:28] [TRAIN] Replicas asleep
[2026-06-03 07:55:28] [TRAIN] Training batch built: {'prompts': torch.Size([192, 543]), 'input_ids': torch.Size([192, 1056]), 'attention_mask': torch.Size([192, 1056]), 'position_ids': torch.Size([192, 1056]), 'responses': torch.Size([192, 513])}
[2026-06-03 07:55:28] [TRAIN] rm_scores computed (last-token placement)
[2026-06-03 07:55:28] [TRAIN] response_mask computed
[2026-06-03 07:56:07] [TRAIN] old_log_probs computed
[2026-06-03 07:56:07] [TRAIN] GRPO advantages computed
[2026-06-03 07:59:00] [TRAIN] Actor update completed — loss=-0.0009
[2026-06-03 07:59:02] [TRAIN] Weight sync done in 1.7s (wake handled internally)
[2026-06-03 07:59:02] [TRAIN] train_step completed in 792.8s — reward=0.171 (3/192), loss=-0.0009, grad_norm=0.134 | score=0.171, rewards=0.171, adv=0.001 | rlen=490, plen=57, abort=0.000 | tps=132.5 tok/s/gpu, gen=1.16ms/tok, actor=1.65ms/tok
[2026-06-03 07:59:02] [TRAIN] train_step start: 48 prompts x 4 = 192 total
[2026-06-03 07:59:02] [TRAIN] Generating 192 responses (48 prompts x 4) with 16 concurrent workers
[2026-06-03 07:59:06] [TRAIN] Gen 4/192: prompt=36 resp=925
[2026-06-03 07:59:08] [TRAIN] Gen 2/192: prompt=36 resp=1620
[2026-06-03 07:59:08] [TRAIN] Gen 1/192: prompt=36 resp=1767
[2026-06-03 07:59:09] [TRAIN] Gen 3/192: prompt=36 resp=1948
[2026-06-03 07:59:11] [TRAIN] Gen 14/192: prompt=7 resp=2243
[2026-06-03 07:59:11] [TRAIN] Gen 10/192: prompt=21 resp=2187
[2026-06-03 07:59:11] [TRAIN] Gen 15/192: prompt=7 resp=1906
[2026-06-03 07:59:11] [TRAIN] Gen 16/192: prompt=7 resp=2206
[2026-06-03 07:59:11] [TRAIN] Gen 13/192: prompt=7 resp=2081
[2026-06-03 07:59:11] [TRAIN] Gen 12/192: prompt=21 resp=2321
[2026-06-03 07:59:11] [TRAIN] Gen 6/192: prompt=12 resp=2676
[2026-06-03 07:59:11] [TRAIN] Gen 5/192: prompt=12 resp=2689
[2026-06-03 07:59:11] [TRAIN] Gen 7/192: prompt=12 resp=2807
[2026-06-03 07:59:11] [TRAIN] Gen 11/192: prompt=21 resp=2218
[2026-06-03 07:59:11] [TRAIN] Gen 8/192: prompt=12 resp=2668
[2026-06-03 07:59:11] [TRAIN] Gen 9/192: prompt=21 resp=2184
[2026-06-03 07:59:15] [TRAIN] Gen 17/192: prompt=52 resp=2286
[2026-06-03 07:59:17] [TRAIN] Gen 18/192: prompt=52 resp=2055
[2026-06-03 07:59:17] [TRAIN] Gen 19/192: prompt=52 resp=2085
[2026-06-03 07:59:18] [TRAIN] Gen 20/192: prompt=52 resp=2242
[2026-06-03 07:59:20] [TRAIN] Gen 21/192: prompt=23 resp=2531
[2026-06-03 07:59:20] [TRAIN] Gen 32/192: prompt=357 resp=2273
[2026-06-03 07:59:20] [TRAIN] Gen 23/192: prompt=23 resp=2618
[2026-06-03 07:59:20] [TRAIN] Gen 26/192: prompt=10 resp=2249
[2026-06-03 07:59:20] [TRAIN] Gen 27/192: prompt=10 resp=2379
[2026-06-03 07:59:20] [TRAIN] Gen 29/192: prompt=357 resp=2436
[2026-06-03 07:59:20] [TRAIN] Gen 24/192: prompt=23 resp=2503
[2026-06-03 07:59:20] [TRAIN] Gen 30/192: prompt=357 resp=2296
[2026-06-03 07:59:20] [TRAIN] Gen 25/192: prompt=10 resp=2261
[2026-06-03 07:59:20] [TRAIN] Gen 28/192: prompt=10 resp=2305
[2026-06-03 07:59:20] [TRAIN] Gen 22/192: prompt=23 resp=2528
[2026-06-03 07:59:20] [TRAIN] Gen 31/192: prompt=357 resp=2455
[2026-06-03 07:59:24] [TRAIN] Gen 33/192: prompt=15 resp=2247
[2026-06-03 07:59:26] [TRAIN] Gen 34/192: prompt=15 resp=2190
[2026-06-03 07:59:26] [TRAIN] Gen 35/192: prompt=15 resp=2115
[2026-06-03 07:59:27] [TRAIN] Gen 36/192: prompt=15 resp=2269
[2026-06-03 07:59:29] [TRAIN] Gen 45/192: prompt=194 resp=2277
[2026-06-03 07:59:29] [TRAIN] Gen 44/192: prompt=62 resp=2373
[2026-06-03 07:59:29] [TRAIN] Gen 42/192: prompt=62 resp=2391
[2026-06-03 07:59:29] [TRAIN] Gen 39/192: prompt=8 resp=2576
[2026-06-03 07:59:29] [TRAIN] Gen 46/192: prompt=194 resp=2172
[2026-06-03 07:59:29] [TRAIN] Gen 40/192: prompt=8 resp=2461
[2026-06-03 07:59:29] [TRAIN] Gen 41/192: prompt=62 resp=2431
[2026-06-03 07:59:29] [TRAIN] Gen 43/192: prompt=62 resp=2372
[2026-06-03 07:59:29] [TRAIN] Gen 37/192: prompt=8 resp=2405
[2026-06-03 07:59:29] [TRAIN] Gen 48/192: prompt=194 resp=2310
[2026-06-03 07:59:29] [TRAIN] Gen 38/192: prompt=8 resp=2314
[2026-06-03 07:59:29] [TRAIN] Gen 47/192: prompt=194 resp=2283
[2026-06-03 07:59:32] [TRAIN] Gen 53/192: prompt=7 resp=794
[2026-06-03 07:59:33] [TRAIN] Gen 49/192: prompt=43 resp=2799
[2026-06-03 07:59:34] [TRAIN] Gen 55/192: prompt=7 resp=1031
[2026-06-03 07:59:34] [TRAIN] Gen 56/192: prompt=7 resp=1052
[2026-06-03 07:59:35] [TRAIN] Gen 50/192: prompt=43 resp=2689
[2026-06-03 07:59:36] [TRAIN] Gen 51/192: prompt=43 resp=2713
[2026-06-03 07:59:36] [TRAIN] Gen 52/192: prompt=43 resp=2757
[2026-06-03 07:59:38] [TRAIN] Gen 54/192: prompt=7 resp=2120
[2026-06-03 07:59:39] [TRAIN] Gen 59/192: prompt=15 resp=2286
[2026-06-03 07:59:39] [TRAIN] Gen 61/192: prompt=11 resp=2585
[2026-06-03 07:59:39] [TRAIN] Gen 58/192: prompt=15 resp=2333
[2026-06-03 07:59:39] [TRAIN] Gen 60/192: prompt=15 resp=2150
[2026-06-03 07:59:39] [TRAIN] Gen 57/192: prompt=15 resp=2005
[2026-06-03 07:59:39] [TRAIN] Gen 63/192: prompt=11 resp=2594
[2026-06-03 07:59:39] [TRAIN] Gen 64/192: prompt=11 resp=2755
[2026-06-03 07:59:39] [TRAIN] Gen 62/192: prompt=11 resp=2545
[2026-06-03 07:59:42] [TRAIN] Gen 65/192: prompt=34 resp=2393
[2026-06-03 07:59:42] [TRAIN] Gen 66/192: prompt=34 resp=2409
[2026-06-03 07:59:43] [TRAIN] Gen 67/192: prompt=34 resp=2431
[2026-06-03 07:59:43] [TRAIN] Gen 68/192: prompt=34 resp=2532
[2026-06-03 07:59:45] [TRAIN] Gen 69/192: prompt=5 resp=2762
[2026-06-03 07:59:45] [TRAIN] Gen 70/192: prompt=5 resp=2815
[2026-06-03 07:59:46] [TRAIN] Gen 71/192: prompt=5 resp=2659
[2026-06-03 07:59:47] [TRAIN] Gen 72/192: prompt=5 resp=2755
[2026-06-03 07:59:48] [TRAIN] Gen 73/192: prompt=8 resp=2223
[2026-06-03 07:59:48] [TRAIN] Gen 75/192: prompt=8 resp=2232
[2026-06-03 07:59:48] [TRAIN] Gen 76/192: prompt=8 resp=2421
[2026-06-03 07:59:48] [TRAIN] Gen 74/192: prompt=8 resp=2284
[2026-06-03 07:59:48] [TRAIN] Gen 77/192: prompt=11 resp=2111
[2026-06-03 07:59:48] [TRAIN] Gen 80/192: prompt=11 resp=2173
[2026-06-03 07:59:48] [TRAIN] Gen 78/192: prompt=11 resp=2129
[2026-06-03 07:59:48] [TRAIN] Gen 79/192: prompt=11 resp=2087
[2026-06-03 07:59:51] [TRAIN] Gen 91/192: prompt=8 resp=640
[2026-06-03 07:59:51] [TRAIN] Gen 81/192: prompt=19 resp=2082
[2026-06-03 07:59:51] [TRAIN] Gen 85/192: prompt=12 resp=1824
[2026-06-03 07:59:51] [TRAIN] Gen 82/192: prompt=19 resp=2087
[2026-06-03 07:59:52] [TRAIN] Gen 92/192: prompt=8 resp=702
[2026-06-03 07:59:52] [TRAIN] Gen 88/192: prompt=12 resp=1300
[2026-06-03 07:59:52] [TRAIN] Gen 83/192: prompt=19 resp=2108
[2026-06-03 07:59:52] [TRAIN] Gen 84/192: prompt=19 resp=2103
[2026-06-03 07:59:54] [TRAIN] Gen 90/192: prompt=8 resp=1306
[2026-06-03 07:59:54] [TRAIN] Gen 98/192: prompt=8 resp=675
[2026-06-03 07:59:54] [TRAIN] Gen 86/192: prompt=12 resp=2545
[2026-06-03 07:59:54] [TRAIN] Gen 97/192: prompt=8 resp=866
[2026-06-03 07:59:55] [TRAIN] Gen 87/192: prompt=12 resp=2592
[2026-06-03 07:59:55] [TRAIN] Gen 89/192: prompt=8 resp=1280
[2026-06-03 07:59:55] [TRAIN] Gen 100/192: prompt=8 resp=972
[2026-06-03 07:59:57] [TRAIN] Gen 99/192: prompt=8 resp=1473
[2026-06-03 07:59:57] [TRAIN] Gen 93/192: prompt=294 resp=2394
[2026-06-03 07:59:57] [TRAIN] Gen 96/192: prompt=294 resp=2333
[2026-06-03 07:59:57] [TRAIN] Gen 94/192: prompt=294 resp=2363
[2026-06-03 07:59:57] [TRAIN] Gen 95/192: prompt=294 resp=2371
[2026-06-03 08:00:01] [TRAIN] Gen 101/192: prompt=31 resp=1670
[2026-06-03 08:00:01] [TRAIN] Gen 102/192: prompt=31 resp=1606
[2026-06-03 08:00:01] [TRAIN] Gen 104/192: prompt=31 resp=1584
[2026-06-03 08:00:01] [TRAIN] Gen 103/192: prompt=31 resp=1658
[2026-06-03 08:00:02] [TRAIN] Gen 105/192: prompt=12 resp=2075
[2026-06-03 08:00:03] [TRAIN] Gen 106/192: prompt=12 resp=2123
[2026-06-03 08:00:03] [TRAIN] Gen 107/192: prompt=12 resp=2086
[2026-06-03 08:00:03] [TRAIN] Gen 108/192: prompt=12 resp=2167
[2026-06-03 08:00:03] [TRAIN] Gen 109/192: prompt=82 resp=2789
[2026-06-03 08:00:04] [TRAIN] Gen 110/192: prompt=82 resp=2842
[2026-06-03 08:00:04] [TRAIN] Gen 111/192: prompt=82 resp=2750
[2026-06-03 08:00:06] [TRAIN] Gen 112/192: prompt=82 resp=2895
[2026-06-03 08:00:06] [TRAIN] Gen 113/192: prompt=60 resp=2300
[2026-06-03 08:00:06] [TRAIN] Gen 115/192: prompt=60 resp=2588
[2026-06-03 08:00:06] [TRAIN] Gen 114/192: prompt=60 resp=2298
[2026-06-03 08:00:06] [TRAIN] Gen 116/192: prompt=60 resp=2304
[2026-06-03 08:00:10] [TRAIN] Gen 117/192: prompt=69 resp=2265
[2026-06-03 08:00:10] [TRAIN] Gen 118/192: prompt=69 resp=2165
[2026-06-03 08:00:11] [TRAIN] Gen 119/192: prompt=69 resp=2336
[2026-06-03 08:00:11] [TRAIN] Gen 120/192: prompt=69 resp=2335
[2026-06-03 08:00:12] [TRAIN] Gen 121/192: prompt=17 resp=2606
[2026-06-03 08:00:12] [TRAIN] Gen 122/192: prompt=17 resp=2582
[2026-06-03 08:00:13] [TRAIN] Gen 123/192: prompt=17 resp=2700
[2026-06-03 08:00:13] [TRAIN] Gen 124/192: prompt=17 resp=2540
[2026-06-03 08:00:13] [TRAIN] Gen 125/192: prompt=13 resp=2435
[2026-06-03 08:00:13] [TRAIN] Gen 126/192: prompt=13 resp=2306
[2026-06-03 08:00:14] [TRAIN] Gen 127/192: prompt=13 resp=2353
[2026-06-03 08:00:16] [TRAIN] Gen 128/192: prompt=13 resp=2233
[2026-06-03 08:00:16] [TRAIN] Gen 129/192: prompt=26 resp=2217
[2026-06-03 08:00:16] [TRAIN] Gen 131/192: prompt=26 resp=2143
[2026-06-03 08:00:16] [TRAIN] Gen 130/192: prompt=26 resp=2019
[2026-06-03 08:00:16] [TRAIN] Gen 132/192: prompt=26 resp=2247
[2026-06-03 08:00:16] [TRAIN] Gen 136/192: prompt=7 resp=1241
[2026-06-03 08:00:17] [TRAIN] Gen 135/192: prompt=7 resp=1327
[2026-06-03 08:00:17] [TRAIN] Gen 133/192: prompt=7 resp=1647
[2026-06-03 08:00:20] [TRAIN] Gen 134/192: prompt=7 resp=2126
[2026-06-03 08:00:22] [TRAIN] Gen 137/192: prompt=9 resp=2701
[2026-06-03 08:00:22] [TRAIN] Gen 138/192: prompt=9 resp=2610
[2026-06-03 08:00:23] [TRAIN] Gen 139/192: prompt=9 resp=2615
[2026-06-03 08:00:23] [TRAIN] Gen 140/192: prompt=9 resp=2501
[2026-06-03 08:00:23] [TRAIN] Gen 141/192: prompt=36 resp=2527
[2026-06-03 08:00:23] [TRAIN] Gen 142/192: prompt=36 resp=2509
[2026-06-03 08:00:24] [TRAIN] Gen 143/192: prompt=36 resp=2562
[2026-06-03 08:00:25] [TRAIN] Gen 144/192: prompt=36 resp=2613
[2026-06-03 08:00:26] [TRAIN] Gen 145/192: prompt=80 resp=2467
[2026-06-03 08:00:26] [TRAIN] Gen 146/192: prompt=80 resp=2548
[2026-06-03 08:00:26] [TRAIN] Gen 147/192: prompt=80 resp=2494
[2026-06-03 08:00:26] [TRAIN] Gen 148/192: prompt=80 resp=2547
[2026-06-03 08:00:26] [TRAIN] Gen 149/192: prompt=19 resp=2327
[2026-06-03 08:00:26] [TRAIN] Gen 150/192: prompt=19 resp=2307
[2026-06-03 08:00:27] [TRAIN] Gen 151/192: prompt=19 resp=2310
[2026-06-03 08:00:30] [TRAIN] Gen 152/192: prompt=19 resp=2319
[2026-06-03 08:00:32] [TRAIN] Gen 153/192: prompt=29 resp=2128
[2026-06-03 08:00:32] [TRAIN] Gen 154/192: prompt=29 resp=2114
[2026-06-03 08:00:32] [TRAIN] Gen 155/192: prompt=29 resp=2144
[2026-06-03 08:00:33] [TRAIN] Gen 156/192: prompt=29 resp=2152
[2026-06-03 08:00:33] [TRAIN] Gen 157/192: prompt=26 resp=1774
[2026-06-03 08:00:33] [TRAIN] Gen 158/192: prompt=26 resp=1666
[2026-06-03 08:00:34] [TRAIN] Gen 159/192: prompt=26 resp=1678
[2026-06-03 08:00:35] [TRAIN] Gen 160/192: prompt=26 resp=1726
[2026-06-03 08:00:36] [TRAIN] Gen 161/192: prompt=11 resp=2745
[2026-06-03 08:00:36] [TRAIN] Gen 162/192: prompt=11 resp=2585
[2026-06-03 08:00:36] [TRAIN] Gen 164/192: prompt=11 resp=2781
[2026-06-03 08:00:36] [TRAIN] Gen 163/192: prompt=11 resp=2778
[2026-06-03 08:00:36] [TRAIN] Gen 165/192: prompt=14 resp=2492
[2026-06-03 08:00:36] [TRAIN] Gen 166/192: prompt=14 resp=2389
[2026-06-03 08:00:37] [TRAIN] Gen 167/192: prompt=14 resp=2585
[2026-06-03 08:00:40] [TRAIN] Gen 168/192: prompt=14 resp=2545
[2026-06-03 08:00:42] [TRAIN] Gen 169/192: prompt=14 resp=2640
[2026-06-03 08:00:42] [TRAIN] Gen 170/192: prompt=14 resp=2772
[2026-06-03 08:00:42] [TRAIN] Gen 171/192: prompt=14 resp=2808
[2026-06-03 08:00:42] [TRAIN] Gen 172/192: prompt=14 resp=2862
[2026-06-03 08:00:43] [TRAIN] Gen 173/192: prompt=15 resp=2325
[2026-06-03 08:00:43] [TRAIN] Gen 174/192: prompt=15 resp=2427
[2026-06-03 08:00:43] [TRAIN] Gen 175/192: prompt=15 resp=2339
[2026-06-03 08:00:45] [TRAIN] Gen 176/192: prompt=15 resp=2448
[2026-06-03 08:00:45] [TRAIN] Gen 177/192: prompt=7 resp=2413
[2026-06-03 08:00:45] [TRAIN] Gen 180/192: prompt=7 resp=2424
[2026-06-03 08:00:45] [TRAIN] Gen 179/192: prompt=7 resp=2364
[2026-06-03 08:00:45] [TRAIN] Gen 178/192: prompt=7 resp=2371
[2026-06-03 08:00:45] [TRAIN] Gen 181/192: prompt=52 resp=2362
[2026-06-03 08:00:46] [TRAIN] Gen 182/192: prompt=52 resp=2525
[2026-06-03 08:00:47] [TRAIN] Gen 183/192: prompt=52 resp=2398
[2026-06-03 08:00:49] [TRAIN] Gen 184/192: prompt=52 resp=2529
[2026-06-03 08:00:51] [TRAIN] Gen 185/192: prompt=11 resp=2597
[2026-06-03 08:00:51] [TRAIN] Gen 186/192: prompt=11 resp=2660
[2026-06-03 08:00:51] [TRAIN] Gen 187/192: prompt=11 resp=2613
[2026-06-03 08:00:52] [TRAIN] Gen 188/192: prompt=11 resp=2664
[2026-06-03 08:00:52] [TRAIN] Gen 189/192: prompt=12 resp=2408
[2026-06-03 08:00:52] [TRAIN] Gen 190/192: prompt=12 resp=2262
[2026-06-03 08:00:53] [TRAIN] Gen 191/192: prompt=12 resp=2380
[2026-06-03 08:00:54] [TRAIN] Gen 192/192: prompt=12 resp=2421
[2026-06-03 08:00:54] [TRAIN] Generation done in 112.3s
[2026-06-03 08:00:54] [TRAIN] Prompt 1 category: coding
[2026-06-03 08:01:03] [TRAIN] Prompt 1/48: rewards=[0.0, 0.0, 0.0, 0.0]
[2026-06-03 08:01:03] [TRAIN] Prompt 2 category: brainstorming
[2026-06-03 08:01:17] [TRAIN] Prompt 2/48: rewards=[0.225, 0.0, 0.237, 0.287]
[2026-06-03 08:01:17] [TRAIN] Prompt 3 category: creative writing
[2026-06-03 08:01:30] [TRAIN] Prompt 3/48: rewards=[0.35, 0.2, 0.0, 0.263]
[2026-06-03 08:01:45] [TRAIN] Prompt 4/48: rewards=[0.25, 0.0, 0.3, 0.412]
[2026-06-03 08:01:45] [TRAIN] Prompt 5 category: creative writing
[2026-06-03 08:01:58] [TRAIN] Prompt 5/48: rewards=[0.362, 0.0, 0.438, 0.0]
[2026-06-03 08:01:58] [TRAIN] Prompt 6 category: brainstorming
[2026-06-03 08:02:11] [TRAIN] Prompt 6/48: rewards=[0.0, 0.0, 0.0, 0.225]
[2026-06-03 08:02:11] [TRAIN] Prompt 7 category: creative writing
[2026-06-03 08:02:25] [TRAIN] Prompt 7/48: rewards=[0.3, 0.0, 0.188, 0.263]
[2026-06-03 08:02:25] [TRAIN] Prompt 8 category: debugging
[2026-06-03 08:02:32] [TRAIN] Prompt 8/48: rewards=[0.0, 0.175, 0.2, 0.1]
[2026-06-03 08:02:32] [TRAIN] Prompt 9 category: coding
[2026-06-03 08:02:39] [TRAIN] Prompt 9/48: rewards=[0.225, 0.1, 0.2, 0.2]
[2026-06-03 08:02:39] [TRAIN] Prompt 10 category: creative writing
[2026-06-03 08:02:54] [TRAIN] Prompt 10/48: rewards=[0.0, 0.0, 0.0, 0.287]
[2026-06-03 08:02:54] [TRAIN] Prompt 11 category: coding
[2026-06-03 08:03:00] [TRAIN] Prompt 11/48: rewards=[0.2, 0.225, 0.225, 0.0]
[2026-06-03 08:03:00] [TRAIN] Prompt 12 category: debugging
[2026-06-03 08:03:07] [TRAIN] Prompt 12/48: rewards=[0.0, 0.0, 0.0, 0.25]
[2026-06-03 08:03:07] [TRAIN] Prompt 13 category: debating
[2026-06-03 08:03:19] [TRAIN] Prompt 13/48: rewards=[0.35, 0.412, 0.0, 0.412]
[2026-06-03 08:03:19] [TRAIN] Prompt 14 category: coding
[2026-06-03 08:03:26] [TRAIN] Prompt 14/48: rewards=[0.0, 0.0, 0.0, 0.0]
[2026-06-03 08:03:26] [TRAIN] Prompt 15 category: creative writing
[2026-06-03 08:03:41] [TRAIN] Prompt 15/48: rewards=[0.3, 0.312, 0.0, 0.0]
[2026-06-03 08:03:41] [TRAIN] Prompt 16 category: explanation
[2026-06-03 08:03:55] [TRAIN] Prompt 16/48: rewards=[0.388, 0.0, 0.375, 0.275]
[2026-06-03 08:03:55] [TRAIN] Prompt 17 category: coding
[2026-06-03 08:04:02] [TRAIN] Prompt 17/48: rewards=[0.225, 0.0, 0.225, 0.225]
[2026-06-03 08:04:16] [TRAIN] Prompt 18/48: rewards=[0.5, 0.0, 0.175, 0.263]
[2026-06-03 08:04:16] [TRAIN] Prompt 19 category: creative writing
[2026-06-03 08:04:29] [TRAIN] Prompt 19/48: rewards=[0.0, 0.537, 0.312, 0.287]
[2026-06-03 08:04:29] [TRAIN] Prompt 20 category: creative writing
[2026-06-03 08:04:43] [TRAIN] Prompt 20/48: rewards=[0.0, 0.0, 0.0, 0.125]
[2026-06-03 08:04:57] [TRAIN] Prompt 21/48: rewards=[0.0, 0.0, 0.0, 0.237]
[2026-06-03 08:04:57] [TRAIN] Prompt 22 category: creative writing
[2026-06-03 08:05:09] [TRAIN] Prompt 22/48: rewards=[0.275, 0.263, 0.263, 0.45]
[2026-06-03 08:05:09] [TRAIN] Prompt 23 category: explanation
[2026-06-03 08:05:23] [TRAIN] Prompt 23/48: rewards=[0.625, 0.0, 0.55, 0.55]
[2026-06-03 08:05:23] [TRAIN] Prompt 24 category: debugging
[2026-06-03 08:05:30] [TRAIN] Prompt 24/48: rewards=[0.0, 0.0, 0.05, 0.0]
[2026-06-03 08:05:30] [TRAIN] Prompt 25 category: coding
[2026-06-03 08:05:38] [TRAIN] Prompt 25/48: rewards=[0.225, 0.2, 0.0, 0.0]
[2026-06-03 08:05:38] [TRAIN] Prompt 26 category: logical reasoning
[2026-06-03 08:05:46] [TRAIN] Prompt 26/48: rewards=[0.0, 0.975, 0.0, 0.0]
[2026-06-03 08:05:46] [TRAIN] Prompt 27 category: coding
[2026-06-03 08:05:55] [TRAIN] Prompt 27/48: rewards=[0.0, 0.0, 0.0, 0.2]
[2026-06-03 08:05:55] [TRAIN] Prompt 28 category: brainstorming
[2026-06-03 08:06:06] [TRAIN] Prompt 28/48: rewards=[0.263, 0.438, 0.325, 0.388]
[2026-06-03 08:06:06] [TRAIN] Prompt 29 category: creative writing
[2026-06-03 08:06:17] [TRAIN] Prompt 29/48: rewards=[0.0, 0.037, 0.287, 0.0]
[2026-06-03 08:06:17] [TRAIN] Prompt 30 category: coding
[2026-06-03 08:06:24] [TRAIN] Prompt 30/48: rewards=[0.0, 0.0, 0.0, 0.0]
[2026-06-03 08:06:24] [TRAIN] Prompt 31 category: copywriting
[2026-06-03 08:06:37] [TRAIN] Prompt 31/48: rewards=[0.362, 0.312, 0.487, 0.362]
[2026-06-03 08:06:37] [TRAIN] Prompt 32 category: explanation
[2026-06-03 08:06:49] [TRAIN] Prompt 32/48: rewards=[0.212, 0.25, 0.35, 0.4]
[2026-06-03 08:06:49] [TRAIN] Prompt 33 category: brainstorming
[2026-06-03 08:07:02] [TRAIN] Prompt 33/48: rewards=[0.175, 0.225, 0.0, 0.138]
[2026-06-03 08:07:02] [TRAIN] Prompt 34 category: translation
[2026-06-03 08:07:15] [TRAIN] Prompt 34/48: rewards=[0.5, 0.1, 0.463, 0.5]
[2026-06-03 08:07:28] [TRAIN] Prompt 35/48: rewards=[0.237, 0.0, 0.175, 0.212]
[2026-06-03 08:07:40] [TRAIN] Prompt 36/48: rewards=[0.338, 0.45, 0.2, 0.375]
[2026-06-03 08:07:54] [TRAIN] Prompt 37/48: rewards=[0.287, 0.3, 0.0, 0.312]
[2026-06-03 08:07:54] [TRAIN] Prompt 38 category: creative writing
[2026-06-03 08:08:08] [TRAIN] Prompt 38/48: rewards=[0.4, 0.338, 0.375, 0.425]
[2026-06-03 08:08:23] [TRAIN] Prompt 39/48: rewards=[0.0, 0.0, 0.0, 0.0]
[2026-06-03 08:08:23] [TRAIN] Prompt 40 category: explanation
[2026-06-03 08:08:37] [TRAIN] Prompt 40/48: rewards=[0.175, 0.0, 0.0, 0.0]
[2026-06-03 08:08:37] [TRAIN] Prompt 41 category: explanation
[2026-06-03 08:08:47] [TRAIN] Prompt 41/48: rewards=[0.425, 0.287, 0.4, 0.388]
[2026-06-03 08:08:47] [TRAIN] Prompt 42 category: brainstorming
[2026-06-03 08:09:00] [TRAIN] Prompt 42/48: rewards=[0.3, 0.175, 0.287, 0.325]
[2026-06-03 08:09:00] [TRAIN] Prompt 43 category: explanation
[2026-06-03 08:09:13] [TRAIN] Prompt 43/48: rewards=[0.412, 0.475, 0.263, 0.388]
[2026-06-03 08:09:13] [TRAIN] Prompt 44 category: creative writing
[2026-06-03 08:09:27] [TRAIN] Prompt 44/48: rewards=[0.0, 0.338, 0.362, 0.45]
[2026-06-03 08:09:27] [TRAIN] Prompt 45 category: coding
[2026-06-03 08:09:34] [TRAIN] Prompt 45/48: rewards=[0.2, 0.0, 0.0, 0.0]
[2026-06-03 08:09:34] [TRAIN] Prompt 46 category: coding
[2026-06-03 08:09:41] [TRAIN] Prompt 46/48: rewards=[0.0, 0.0, 0.0, 0.0]
[2026-06-03 08:09:41] [TRAIN] Prompt 47 category: creative writing
[2026-06-03 08:09:54] [TRAIN] Prompt 47/48: rewards=[0.0, 0.362, 0.388, 0.0]
[2026-06-03 08:09:54] [TRAIN] Prompt 48 category: translation
[2026-06-03 08:10:08] [TRAIN] Prompt 48/48: rewards=[0.25, 0.4, 0.0, 0.237]
[2026-06-03 08:10:08] [TRAIN] Rewards: mean=0.185, 5/192 >0.5 (mode=rubric)
[2026-06-03 08:10:08] [TRAIN] Sleeping replicas via CheckpointEngineManager...
[2026-06-03 08:10:09] [TRAIN] Replicas asleep
[2026-06-03 08:10:09] [TRAIN] Training batch built: {'prompts': torch.Size([192, 357]), 'input_ids': torch.Size([192, 870]), 'attention_mask': torch.Size([192, 870]), 'position_ids': torch.Size([192, 870]), 'responses': torch.Size([192, 513])}
[2026-06-03 08:10:09] [TRAIN] rm_scores computed (last-token placement)
[2026-06-03 08:10:09] [TRAIN] response_mask computed
[2026-06-03 08:10:48] [TRAIN] old_log_probs computed
[2026-06-03 08:10:48] [TRAIN] GRPO advantages computed
[2026-06-03 08:13:43] [TRAIN] Actor update completed — loss=0.0090
[2026-06-03 08:13:45] [TRAIN] Weight sync done in 1.8s (wake handled internally)
[2026-06-03 08:13:45] [TRAIN] train_step completed in 883.3s — reward=0.185 (5/192), loss=0.0090, grad_norm=0.128 | score=0.185, rewards=0.185, adv=-0.009 | rlen=487, plen=40, abort=0.000 | tps=114.5 tok/s/gpu, gen=1.20ms/tok, actor=1.73ms/tok
[2026-06-03 08:13:45] [TRAIN] train_step start: 48 prompts x 4 = 192 total
[2026-06-03 08:13:45] [TRAIN] Generating 192 responses (48 prompts x 4) with 16 concurrent workers
[2026-06-03 08:13:54] [TRAIN] Gen 1/192: prompt=198 resp=2401
[2026-06-03 08:13:54] [TRAIN] Gen 8/192: prompt=13 resp=2190
[2026-06-03 08:13:54] [TRAIN] Gen 6/192: prompt=13 resp=2166
[2026-06-03 08:13:54] [TRAIN] Gen 4/192: prompt=198 resp=2428
[2026-06-03 08:13:54] [TRAIN] Gen 12/192: prompt=23 resp=2085
[2026-06-03 08:13:54] [TRAIN] Gen 9/192: prompt=23 resp=1970
[2026-06-03 08:13:54] [TRAIN] Gen 2/192: prompt=198 resp=2587
[2026-06-03 08:13:54] [TRAIN] Gen 14/192: prompt=34 resp=2453
[2026-06-03 08:13:54] [TRAIN] Gen 10/192: prompt=23 resp=2002
[2026-06-03 08:13:54] [TRAIN] Gen 13/192: prompt=34 resp=2424
[2026-06-03 08:13:54] [TRAIN] Gen 16/192: prompt=34 resp=2406
[2026-06-03 08:13:54] [TRAIN] Gen 5/192: prompt=13 resp=2294
[2026-06-03 08:13:54] [TRAIN] Gen 15/192: prompt=34 resp=2401
[2026-06-03 08:13:54] [TRAIN] Gen 3/192: prompt=198 resp=2602
[2026-06-03 08:13:54] [TRAIN] Gen 7/192: prompt=13 resp=2247
[2026-06-03 08:13:54] [TRAIN] Gen 11/192: prompt=23 resp=2111
[2026-06-03 08:13:57] [TRAIN] Gen 18/192: prompt=10 resp=722
[2026-06-03 08:13:58] [TRAIN] Gen 17/192: prompt=10 resp=729
[2026-06-03 08:13:58] [TRAIN] Gen 19/192: prompt=10 resp=883
[2026-06-03 08:13:58] [TRAIN] Gen 20/192: prompt=10 resp=976
[2026-06-03 08:14:04] [TRAIN] Gen 26/192: prompt=9 resp=2537
[2026-06-03 08:14:04] [TRAIN] Gen 25/192: prompt=9 resp=2589
[2026-06-03 08:14:04] [TRAIN] Gen 23/192: prompt=11 resp=2711
[2026-06-03 08:14:04] [TRAIN] Gen 24/192: prompt=11 resp=2522
[2026-06-03 08:14:04] [TRAIN] Gen 32/192: prompt=5 resp=2577
[2026-06-03 08:14:04] [TRAIN] Gen 31/192: prompt=5 resp=2568
[2026-06-03 08:14:04] [TRAIN] Gen 22/192: prompt=11 resp=2535
[2026-06-03 08:14:04] [TRAIN] Gen 29/192: prompt=5 resp=2469
[2026-06-03 08:14:04] [TRAIN] Gen 30/192: prompt=5 resp=2527
[2026-06-03 08:14:04] [TRAIN] Gen 27/192: prompt=9 resp=2651
[2026-06-03 08:14:04] [TRAIN] Gen 28/192: prompt=9 resp=2582
[2026-06-03 08:14:04] [TRAIN] Gen 21/192: prompt=11 resp=2637
[2026-06-03 08:14:07] [TRAIN] Gen 33/192: prompt=8 resp=2225
[2026-06-03 08:14:07] [TRAIN] Gen 34/192: prompt=8 resp=2330
[2026-06-03 08:14:07] [TRAIN] Gen 35/192: prompt=8 resp=2193
[2026-06-03 08:14:08] [TRAIN] Gen 36/192: prompt=8 resp=2235
[2026-06-03 08:14:13] [TRAIN] Gen 48/192: prompt=11 resp=2519
[2026-06-03 08:14:13] [TRAIN] Gen 47/192: prompt=11 resp=2627
[2026-06-03 08:14:13] [TRAIN] Gen 39/192: prompt=25 resp=2597
[2026-06-03 08:14:13] [TRAIN] Gen 44/192: prompt=8 resp=2363
[2026-06-03 08:14:13] [TRAIN] Gen 45/192: prompt=11 resp=2604
[2026-06-03 08:14:13] [TRAIN] Gen 41/192: prompt=8 resp=2543
[2026-06-03 08:14:13] [TRAIN] Gen 37/192: prompt=25 resp=2628
[2026-06-03 08:14:13] [TRAIN] Gen 43/192: prompt=8 resp=2359
[2026-06-03 08:14:13] [TRAIN] Gen 42/192: prompt=8 resp=2299
[2026-06-03 08:14:13] [TRAIN] Gen 46/192: prompt=11 resp=2685
[2026-06-03 08:14:13] [TRAIN] Gen 40/192: prompt=25 resp=2649
[2026-06-03 08:14:13] [TRAIN] Gen 38/192: prompt=25 resp=2616
[2026-06-03 08:14:16] [TRAIN] Gen 49/192: prompt=36 resp=2319
[2026-06-03 08:14:16] [TRAIN] Gen 50/192: prompt=36 resp=2170
[2026-06-03 08:14:17] [TRAIN] Gen 51/192: prompt=36 resp=2185
[2026-06-03 08:14:17] [TRAIN] Gen 52/192: prompt=36 resp=2182
[2026-06-03 08:14:22] [TRAIN] Gen 53/192: prompt=14 resp=2528
[2026-06-03 08:14:22] [TRAIN] Gen 55/192: prompt=14 resp=2485
[2026-06-03 08:14:22] [TRAIN] Gen 56/192: prompt=14 resp=2344
[2026-06-03 08:14:22] [TRAIN] Gen 54/192: prompt=14 resp=2378
[2026-06-03 08:14:22] [TRAIN] Gen 60/192: prompt=15 resp=1371
[2026-06-03 08:14:22] [TRAIN] Gen 58/192: prompt=15 resp=1124
[2026-06-03 08:14:22] [TRAIN] Gen 63/192: prompt=20 resp=1872
[2026-06-03 08:14:22] [TRAIN] Gen 57/192: prompt=15 resp=1545
[2026-06-03 08:14:22] [TRAIN] Gen 61/192: prompt=20 resp=1654
[2026-06-03 08:14:22] [TRAIN] Gen 62/192: prompt=20 resp=1907
[2026-06-03 08:14:22] [TRAIN] Gen 64/192: prompt=20 resp=1563
[2026-06-03 08:14:22] [TRAIN] Gen 59/192: prompt=15 resp=1427
[2026-06-03 08:14:26] [TRAIN] Gen 65/192: prompt=9 resp=2288
[2026-06-03 08:14:26] [TRAIN] Gen 66/192: prompt=9 resp=2423
[2026-06-03 08:14:26] [TRAIN] Gen 67/192: prompt=9 resp=2448
[2026-06-03 08:14:27] [TRAIN] Gen 68/192: prompt=9 resp=2275
[2026-06-03 08:14:28] [TRAIN] Gen 77/192: prompt=20 resp=1609
[2026-06-03 08:14:30] [TRAIN] Gen 79/192: prompt=20 resp=2159
[2026-06-03 08:14:30] [TRAIN] Gen 78/192: prompt=20 resp=2228
[2026-06-03 08:14:32] [TRAIN] Gen 72/192: prompt=13 resp=1988
[2026-06-03 08:14:32] [TRAIN] Gen 70/192: prompt=13 resp=2068
[2026-06-03 08:14:32] [TRAIN] Gen 73/192: prompt=9 resp=2711
[2026-06-03 08:14:32] [TRAIN] Gen 71/192: prompt=13 resp=1966
[2026-06-03 08:14:32] [TRAIN] Gen 69/192: prompt=13 resp=1795
[2026-06-03 08:14:32] [TRAIN] Gen 80/192: prompt=20 resp=2783
[2026-06-03 08:14:32] [TRAIN] Gen 75/192: prompt=9 resp=2625
[2026-06-03 08:14:32] [TRAIN] Gen 76/192: prompt=9 resp=2750
[2026-06-03 08:14:32] [TRAIN] Gen 74/192: prompt=9 resp=2628
[2026-06-03 08:14:35] [TRAIN] Gen 81/192: prompt=63 resp=2433
[2026-06-03 08:14:35] [TRAIN] Gen 82/192: prompt=63 resp=2410
[2026-06-03 08:14:36] [TRAIN] Gen 83/192: prompt=63 resp=2331
[2026-06-03 08:14:36] [TRAIN] Gen 84/192: prompt=63 resp=2146
[2026-06-03 08:14:38] [TRAIN] Gen 85/192: prompt=53 resp=2456
[2026-06-03 08:14:40] [TRAIN] Gen 86/192: prompt=53 resp=2437
[2026-06-03 08:14:40] [TRAIN] Gen 87/192: prompt=53 resp=2420
[2026-06-03 08:14:42] [TRAIN] Gen 88/192: prompt=53 resp=2433
[2026-06-03 08:14:42] [TRAIN] Gen 91/192: prompt=22 resp=1635
[2026-06-03 08:14:42] [TRAIN] Gen 92/192: prompt=22 resp=1553
[2026-06-03 08:14:42] [TRAIN] Gen 90/192: prompt=22 resp=1618
[2026-06-03 08:14:42] [TRAIN] Gen 89/192: prompt=22 resp=1553
[2026-06-03 08:14:42] [TRAIN] Gen 96/192: prompt=30 resp=2192
[2026-06-03 08:14:42] [TRAIN] Gen 93/192: prompt=30 resp=2326
[2026-06-03 08:14:42] [TRAIN] Gen 94/192: prompt=30 resp=2191
[2026-06-03 08:14:42] [TRAIN] Gen 95/192: prompt=30 resp=2275
[2026-06-03 08:14:45] [TRAIN] Gen 97/192: prompt=60 resp=2655
[2026-06-03 08:14:45] [TRAIN] Gen 98/192: prompt=60 resp=2484
[2026-06-03 08:14:45] [TRAIN] Gen 99/192: prompt=60 resp=2405
[2026-06-03 08:14:46] [TRAIN] Gen 100/192: prompt=60 resp=2486
[2026-06-03 08:14:47] [TRAIN] Gen 101/192: prompt=6 resp=2414
[2026-06-03 08:14:49] [TRAIN] Gen 102/192: prompt=6 resp=2297
[2026-06-03 08:14:49] [TRAIN] Gen 103/192: prompt=6 resp=2399
[2026-06-03 08:14:51] [TRAIN] Gen 107/192: prompt=70 resp=2902
[2026-06-03 08:14:51] [TRAIN] Gen 106/192: prompt=70 resp=2812
[2026-06-03 08:14:51] [TRAIN] Gen 108/192: prompt=70 resp=2844
[2026-06-03 08:14:51] [TRAIN] Gen 104/192: prompt=6 resp=2231
[2026-06-03 08:14:51] [TRAIN] Gen 105/192: prompt=70 resp=2698
[2026-06-03 08:14:51] [TRAIN] Gen 112/192: prompt=8 resp=2374
[2026-06-03 08:14:51] [TRAIN] Gen 110/192: prompt=8 resp=2325
[2026-06-03 08:14:51] [TRAIN] Gen 111/192: prompt=8 resp=2246
[2026-06-03 08:14:51] [TRAIN] Gen 109/192: prompt=8 resp=2355
[2026-06-03 08:14:53] [TRAIN] Gen 126/192: prompt=211 resp=565
[2026-06-03 08:14:53] [TRAIN] Gen 127/192: prompt=211 resp=699
[2026-06-03 08:14:53] [TRAIN] Gen 128/192: prompt=211 resp=784
[2026-06-03 08:14:54] [TRAIN] Gen 113/192: prompt=12 resp=2227
[2026-06-03 08:14:54] [TRAIN] Gen 114/192: prompt=12 resp=2441
[2026-06-03 08:14:54] [TRAIN] Gen 125/192: prompt=211 resp=947
[2026-06-03 08:14:54] [TRAIN] Gen 115/192: prompt=12 resp=2311
[2026-06-03 08:14:55] [TRAIN] Gen 116/192: prompt=12 resp=2347
[2026-06-03 08:14:56] [TRAIN] Gen 117/192: prompt=25 resp=2693
[2026-06-03 08:14:58] [TRAIN] Gen 118/192: prompt=25 resp=2671
[2026-06-03 08:14:58] [TRAIN] Gen 119/192: prompt=25 resp=2605
[2026-06-03 08:15:00] [TRAIN] Gen 121/192: prompt=10 resp=2536
[2026-06-03 08:15:00] [TRAIN] Gen 122/192: prompt=10 resp=2642
[2026-06-03 08:15:00] [TRAIN] Gen 120/192: prompt=25 resp=2589
[2026-06-03 08:15:00] [TRAIN] Gen 123/192: prompt=10 resp=2604
[2026-06-03 08:15:00] [TRAIN] Gen 124/192: prompt=10 resp=2575
[2026-06-03 08:15:02] [TRAIN] Gen 129/192: prompt=87 resp=2609
[2026-06-03 08:15:03] [TRAIN] Gen 130/192: prompt=87 resp=2526
[2026-06-03 08:15:03] [TRAIN] Gen 131/192: prompt=87 resp=2583
[2026-06-03 08:15:03] [TRAIN] Gen 132/192: prompt=87 resp=2598
[2026-06-03 08:15:03] [TRAIN] Gen 133/192: prompt=11 resp=2685
[2026-06-03 08:15:03] [TRAIN] Gen 134/192: prompt=11 resp=2743
[2026-06-03 08:15:03] [TRAIN] Gen 135/192: prompt=11 resp=2595
[2026-06-03 08:15:04] [TRAIN] Gen 136/192: prompt=11 resp=2664
[2026-06-03 08:15:06] [TRAIN] Gen 137/192: prompt=621 resp=1996
[2026-06-03 08:15:07] [TRAIN] Gen 138/192: prompt=621 resp=2086
[2026-06-03 08:15:08] [TRAIN] Gen 139/192: prompt=621 resp=2107
[2026-06-03 08:15:09] [TRAIN] Gen 142/192: prompt=8 resp=2267
[2026-06-03 08:15:09] [TRAIN] Gen 141/192: prompt=8 resp=2324
[2026-06-03 08:15:09] [TRAIN] Gen 143/192: prompt=8 resp=2297
[2026-06-03 08:15:09] [TRAIN] Gen 140/192: prompt=621 resp=2087
[2026-06-03 08:15:09] [TRAIN] Gen 144/192: prompt=8 resp=2232
[2026-06-03 08:15:11] [TRAIN] Gen 145/192: prompt=15 resp=2291
[2026-06-03 08:15:12] [TRAIN] Gen 146/192: prompt=15 resp=2300
[2026-06-03 08:15:12] [TRAIN] Gen 147/192: prompt=15 resp=2214
[2026-06-03 08:15:12] [TRAIN] Gen 148/192: prompt=15 resp=2115
[2026-06-03 08:15:12] [TRAIN] Gen 149/192: prompt=21 resp=2637
[2026-06-03 08:15:12] [TRAIN] Gen 150/192: prompt=21 resp=2418
[2026-06-03 08:15:13] [TRAIN] Gen 151/192: prompt=21 resp=2483
[2026-06-03 08:15:13] [TRAIN] Gen 152/192: prompt=21 resp=2663
[2026-06-03 08:15:15] [TRAIN] Gen 153/192: prompt=165 resp=1655
[2026-06-03 08:15:16] [TRAIN] Gen 154/192: prompt=165 resp=2001
[2026-06-03 08:15:17] [TRAIN] Gen 155/192: prompt=165 resp=1915
[2026-06-03 08:15:18] [TRAIN] Gen 160/192: prompt=15 resp=2863
[2026-06-03 08:15:18] [TRAIN] Gen 156/192: prompt=165 resp=1787
[2026-06-03 08:15:18] [TRAIN] Gen 157/192: prompt=15 resp=2790
[2026-06-03 08:15:18] [TRAIN] Gen 159/192: prompt=15 resp=2749
[2026-06-03 08:15:18] [TRAIN] Gen 158/192: prompt=15 resp=2870
[2026-06-03 08:15:20] [TRAIN] Gen 161/192: prompt=663 resp=2061
[2026-06-03 08:15:21] [TRAIN] Gen 162/192: prompt=663 resp=2080
[2026-06-03 08:15:21] [TRAIN] Gen 163/192: prompt=663 resp=1966
[2026-06-03 08:15:21] [TRAIN] Gen 164/192: prompt=663 resp=2024
[2026-06-03 08:15:21] [TRAIN] Gen 165/192: prompt=47 resp=2266
[2026-06-03 08:15:22] [TRAIN] Gen 166/192: prompt=47 resp=1742
[2026-06-03 08:15:22] [TRAIN] Gen 167/192: prompt=47 resp=1838
[2026-06-03 08:15:22] [TRAIN] Gen 168/192: prompt=47 resp=1618
[2026-06-03 08:15:24] [TRAIN] Gen 169/192: prompt=15 resp=2378
[2026-06-03 08:15:25] [TRAIN] Gen 170/192: prompt=15 resp=2405
[2026-06-03 08:15:26] [TRAIN] Gen 171/192: prompt=15 resp=2218
[2026-06-03 08:15:27] [TRAIN] Gen 176/192: prompt=11 resp=2241
[2026-06-03 08:15:27] [TRAIN] Gen 172/192: prompt=15 resp=2371
[2026-06-03 08:15:27] [TRAIN] Gen 174/192: prompt=11 resp=1693
[2026-06-03 08:15:27] [TRAIN] Gen 173/192: prompt=11 resp=2278
[2026-06-03 08:15:27] [TRAIN] Gen 175/192: prompt=11 resp=1992
[2026-06-03 08:15:29] [TRAIN] Gen 177/192: prompt=185 resp=2609
[2026-06-03 08:15:30] [TRAIN] Gen 178/192: prompt=185 resp=2652
[2026-06-03 08:15:30] [TRAIN] Gen 179/192: prompt=185 resp=2576
[2026-06-03 08:15:31] [TRAIN] Gen 180/192: prompt=185 resp=2504
[2026-06-03 08:15:31] [TRAIN] Gen 181/192: prompt=156 resp=1998
[2026-06-03 08:15:31] [TRAIN] Gen 182/192: prompt=156 resp=2224
[2026-06-03 08:15:31] [TRAIN] Gen 183/192: prompt=156 resp=2191
[2026-06-03 08:15:31] [TRAIN] Gen 184/192: prompt=156 resp=2243
[2026-06-03 08:15:33] [TRAIN] Gen 185/192: prompt=87 resp=2582
[2026-06-03 08:15:35] [TRAIN] Gen 186/192: prompt=87 resp=2576
[2026-06-03 08:15:35] [TRAIN] Gen 187/192: prompt=87 resp=2472
[2026-06-03 08:15:37] [TRAIN] Gen 192/192: prompt=69 resp=2390
[2026-06-03 08:15:37] [TRAIN] Gen 191/192: prompt=69 resp=2500
[2026-06-03 08:15:37] [TRAIN] Gen 190/192: prompt=69 resp=2523
[2026-06-03 08:15:37] [TRAIN] Gen 188/192: prompt=87 resp=2513
[2026-06-03 08:15:37] [TRAIN] Gen 189/192: prompt=69 resp=2431
[2026-06-03 08:15:37] [TRAIN] Generation done in 111.9s
[2026-06-03 08:15:37] [TRAIN] Prompt 1 category: math
[2026-06-03 08:15:45] [TRAIN] Prompt 1/48: rewards=[0.7, 0.0, 0.0, 0.0]
[2026-06-03 08:15:45] [TRAIN] Prompt 2 category: brainstorming
[2026-06-03 08:15:57] [TRAIN] Prompt 2/48: rewards=[0.425, 0.45, 0.1, 0.3]
[2026-06-03 08:16:08] [TRAIN] Prompt 3/48: rewards=[0.2, 0.163, 0.45, 0.275]
[2026-06-03 08:16:08] [TRAIN] Prompt 4 category: explanation
[2026-06-03 08:16:21] [TRAIN] Prompt 4/48: rewards=[0.0, 0.3, 0.212, 0.275]
[2026-06-03 08:16:21] [TRAIN] Prompt 5 category: explanation
[2026-06-03 08:16:30] [TRAIN] Prompt 5/48: rewards=[0.537, 0.5, 0.65, 0.5]
[2026-06-03 08:16:30] [TRAIN] Prompt 6 category: explanation
[2026-06-03 08:16:42] [TRAIN] Prompt 6/48: rewards=[0.338, 0.25, 0.0, 0.287]
[2026-06-03 08:16:55] [TRAIN] Prompt 7/48: rewards=[0.0, 0.375, 0.0, 0.0]
[2026-06-03 08:16:55] [TRAIN] Prompt 8 category: brainstorming
[2026-06-03 08:17:09] [TRAIN] Prompt 8/48: rewards=[0.0, 0.338, 0.338, 0.312]
[2026-06-03 08:17:09] [TRAIN] Prompt 9 category: explanation
[2026-06-03 08:17:22] [TRAIN] Prompt 9/48: rewards=[0.0, 0.212, 0.087, 0.3]
[2026-06-03 08:17:22] [TRAIN] Prompt 10 category: brainstorming
[2026-06-03 08:17:36] [TRAIN] Prompt 10/48: rewards=[0.0, 0.312, 0.388, 0.35]
[2026-06-03 08:17:51] [TRAIN] Prompt 11/48: rewards=[0.0, 0.275, 0.0, 0.0]
[2026-06-03 08:18:05] [TRAIN] Prompt 12/48: rewards=[0.0, 0.338, 0.263, 0.212]
[2026-06-03 08:18:18] [TRAIN] Prompt 13/48: rewards=[0.0, 0.4, 0.338, 0.0]
[2026-06-03 08:18:18] [TRAIN] Prompt 14 category: debugging
[2026-06-03 08:18:25] [TRAIN] Prompt 14/48: rewards=[0.15, 0.0, 0.0, 0.0]
[2026-06-03 08:18:25] [TRAIN] Prompt 15 category: explanation
[2026-06-03 08:18:39] [TRAIN] Prompt 15/48: rewards=[0.0, 0.338, 0.362, 0.0]
[2026-06-03 08:18:39] [TRAIN] Prompt 16 category: explanation
[2026-06-03 08:18:54] [TRAIN] Prompt 16/48: rewards=[0.0, 0.0, 0.0, 0.0]
[2026-06-03 08:19:07] [TRAIN] Prompt 17/48: rewards=[0.35, 0.338, 0.287, 0.0]
[2026-06-03 08:19:07] [TRAIN] Prompt 18 category: coding
[2026-06-03 08:19:14] [TRAIN] Prompt 18/48: rewards=[0.0, 0.0, 0.0, 0.0]
[2026-06-03 08:19:14] [TRAIN] Prompt 19 category: explanation
[2026-06-03 08:19:28] [TRAIN] Prompt 19/48: rewards=[0.275, 0.0, 0.35, 0.35]
[2026-06-03 08:19:28] [TRAIN] Prompt 20 category: explanation
[2026-06-03 08:19:39] [TRAIN] Prompt 20/48: rewards=[0.487, 0.5, 0.5, 0.362]
[2026-06-03 08:19:39] [TRAIN] Prompt 21 category: coding
[2026-06-03 08:19:46] [TRAIN] Prompt 21/48: rewards=[0.0, 0.0, 0.0, 0.175]
[2026-06-03 08:19:46] [TRAIN] Prompt 22 category: creative writing
[2026-06-03 08:20:01] [TRAIN] Prompt 22/48: rewards=[0.062, 0.0, 0.312, 0.6]
[2026-06-03 08:20:15] [TRAIN] Prompt 23/48: rewards=[0.0, 0.0, 0.487, 0.0]
[2026-06-03 08:20:15] [TRAIN] Prompt 24 category: coding
[2026-06-03 08:20:22] [TRAIN] Prompt 24/48: rewards=[0.0, 0.0, 0.1, 0.0]
[2026-06-03 08:20:22] [TRAIN] Prompt 25 category: creative writing
[2026-06-03 08:20:36] [TRAIN] Prompt 25/48: rewards=[0.0, 0.0, 0.362, 0.475]
[2026-06-03 08:20:36] [TRAIN] Prompt 26 category: explanation
[2026-06-03 08:20:51] [TRAIN] Prompt 26/48: rewards=[0.463, 0.0, 0.0, 0.338]
[2026-06-03 08:20:51] [TRAIN] Prompt 27 category: brainstorming
[2026-06-03 08:21:02] [TRAIN] Prompt 27/48: rewards=[0.237, 0.325, 0.35, 0.163]
[2026-06-03 08:21:02] [TRAIN] Prompt 28 category: copywriting
[2026-06-03 08:21:14] [TRAIN] Prompt 28/48: rewards=[0.35, 0.362, 0.35, 0.338]
[2026-06-03 08:21:14] [TRAIN] Prompt 29 category: creative writing
[2026-06-03 08:21:28] [TRAIN] Prompt 29/48: rewards=[0.5, 0.0, 0.4, 0.4]
[2026-06-03 08:21:40] [TRAIN] Prompt 30/48: rewards=[0.475, 0.537, 0.4, 0.188]
[2026-06-03 08:21:52] [TRAIN] Prompt 31/48: rewards=[0.0, 0.0, 0.237, 0.263]
[2026-06-03 08:21:52] [TRAIN] Prompt 32 category: coding
[2026-06-03 08:21:59] [TRAIN] Prompt 32/48: rewards=[0.0, 0.0, 0.0, 0.0]
[2026-06-03 08:22:13] [TRAIN] Prompt 33/48: rewards=[0.35, 0.0, 0.0, 0.0]
[2026-06-03 08:22:13] [TRAIN] Prompt 34 category: explanation
[2026-06-03 08:22:23] [TRAIN] Prompt 34/48: rewards=[0.25, 0.4, 0.4, 0.225]
[2026-06-03 08:22:23] [TRAIN] Prompt 35 category: debugging
[2026-06-03 08:22:31] [TRAIN] Prompt 35/48: rewards=[0.0, 0.0, 0.325, 0.0]
[2026-06-03 08:22:31] [TRAIN] Prompt 36 category: creative writing
[2026-06-03 08:22:46] [TRAIN] Prompt 36/48: rewards=[0.0, 0.325, 0.338, 0.325]
[2026-06-03 08:22:46] [TRAIN] Prompt 37 category: coding
[2026-06-03 08:22:53] [TRAIN] Prompt 37/48: rewards=[0.0, 0.0, 0.15, 0.0]
[2026-06-03 08:23:03] [TRAIN] Prompt 38/48: rewards=[0.375, 0.2, 0.425, 0.3]
[2026-06-03 08:23:03] [TRAIN] Prompt 39 category: coding
[2026-06-03 08:25:45] [TRAIN] train_step start: 48 prompts x 4 = 192 total
[2026-06-03 08:25:45] [TRAIN] Generating 192 responses (48 prompts x 4) with 16 concurrent workers
[2026-06-03 08:25:56] [TRAIN] Gen 7/192: prompt=68 resp=2321
[2026-06-03 08:25:56] [TRAIN] Gen 12/192: prompt=14 resp=2476
[2026-06-03 08:25:56] [TRAIN] Gen 16/192: prompt=340 resp=2103
[2026-06-03 08:25:56] [TRAIN] Gen 1/192: prompt=19 resp=2077
[2026-06-03 08:25:56] [TRAIN] Gen 11/192: prompt=14 resp=2575
[2026-06-03 08:25:56] [TRAIN] Gen 8/192: prompt=68 resp=2288
[2026-06-03 08:25:56] [TRAIN] Gen 6/192: prompt=68 resp=2427
[2026-06-03 08:25:56] [TRAIN] Gen 9/192: prompt=14 resp=2486
[2026-06-03 08:25:56] [TRAIN] Gen 3/192: prompt=19 resp=2342
[2026-06-03 08:25:56] [TRAIN] Gen 2/192: prompt=19 resp=2143
[2026-06-03 08:25:56] [TRAIN] Gen 14/192: prompt=340 resp=2038
[2026-06-03 08:25:56] [TRAIN] Gen 13/192: prompt=340 resp=2143
[2026-06-03 08:25:56] [TRAIN] Gen 10/192: prompt=14 resp=2394
[2026-06-03 08:25:56] [TRAIN] Gen 15/192: prompt=340 resp=2166
[2026-06-03 08:25:56] [TRAIN] Gen 5/192: prompt=68 resp=2309
[2026-06-03 08:25:56] [TRAIN] Gen 4/192: prompt=19 resp=2292
[2026-06-03 08:26:06] [TRAIN] Gen 17/192: prompt=11 resp=2436
[2026-06-03 08:26:06] [TRAIN] Gen 22/192: prompt=9 resp=2301
[2026-06-03 08:26:06] [TRAIN] Gen 18/192: prompt=11 resp=2482
[2026-06-03 08:26:06] [TRAIN] Gen 23/192: prompt=9 resp=2389
[2026-06-03 08:26:06] [TRAIN] Gen 21/192: prompt=9 resp=2169
[2026-06-03 08:26:06] [TRAIN] Gen 19/192: prompt=11 resp=2138
[2026-06-03 08:26:06] [TRAIN] Gen 20/192: prompt=11 resp=2363
[2026-06-03 08:26:06] [TRAIN] Gen 26/192: prompt=9 resp=2420
[2026-06-03 08:26:06] [TRAIN] Gen 27/192: prompt=9 resp=2448
[2026-06-03 08:26:06] [TRAIN] Gen 25/192: prompt=9 resp=2653
[2026-06-03 08:26:06] [TRAIN] Gen 32/192: prompt=26 resp=2328
[2026-06-03 08:26:06] [TRAIN] Gen 24/192: prompt=9 resp=2110
[2026-06-03 08:26:06] [TRAIN] Gen 31/192: prompt=26 resp=2349
[2026-06-03 08:26:06] [TRAIN] Gen 29/192: prompt=26 resp=2318
[2026-06-03 08:26:06] [TRAIN] Gen 28/192: prompt=9 resp=2260
[2026-06-03 08:26:06] [TRAIN] Gen 30/192: prompt=26 resp=2304
[2026-06-03 08:26:16] [TRAIN] Gen 33/192: prompt=124 resp=2040
[2026-06-03 08:26:16] [TRAIN] Gen 34/192: prompt=124 resp=2196
[2026-06-03 08:26:16] [TRAIN] Gen 38/192: prompt=206 resp=2415
[2026-06-03 08:26:16] [TRAIN] Gen 39/192: prompt=206 resp=2378
[2026-06-03 08:26:16] [TRAIN] Gen 36/192: prompt=124 resp=2154
[2026-06-03 08:26:16] [TRAIN] Gen 35/192: prompt=124 resp=2426
[2026-06-03 08:26:16] [TRAIN] Gen 37/192: prompt=206 resp=2390
[2026-06-03 08:26:16] [TRAIN] Gen 48/192: prompt=43 resp=2232
[2026-06-03 08:26:16] [TRAIN] Gen 46/192: prompt=43 resp=2275
[2026-06-03 08:26:16] [TRAIN] Gen 42/192: prompt=33 resp=2555
[2026-06-03 08:26:16] [TRAIN] Gen 45/192: prompt=43 resp=2339
[2026-06-03 08:26:16] [TRAIN] Gen 40/192: prompt=206 resp=2408
[2026-06-03 08:26:16] [TRAIN] Gen 41/192: prompt=33 resp=2571
[2026-06-03 08:26:16] [TRAIN] Gen 43/192: prompt=33 resp=2489
[2026-06-03 08:26:16] [TRAIN] Gen 44/192: prompt=33 resp=2501
[2026-06-03 08:26:16] [TRAIN] Gen 47/192: prompt=43 resp=2292
[2026-06-03 08:26:26] [TRAIN] Gen 49/192: prompt=14 resp=1895
[2026-06-03 08:26:26] [TRAIN] Gen 50/192: prompt=14 resp=2015
[2026-06-03 08:26:26] [TRAIN] Gen 51/192: prompt=14 resp=1850
[2026-06-03 08:26:26] [TRAIN] Gen 54/192: prompt=66 resp=1456
[2026-06-03 08:26:26] [TRAIN] Gen 53/192: prompt=66 resp=1549
[2026-06-03 08:26:26] [TRAIN] Gen 55/192: prompt=66 resp=1437
[2026-06-03 08:26:26] [TRAIN] Gen 52/192: prompt=14 resp=1775
[2026-06-03 08:26:26] [TRAIN] Gen 63/192: prompt=21 resp=2377
[2026-06-03 08:26:26] [TRAIN] Gen 59/192: prompt=76 resp=1809
[2026-06-03 08:26:26] [TRAIN] Gen 62/192: prompt=21 resp=2465
[2026-06-03 08:26:26] [TRAIN] Gen 64/192: prompt=21 resp=2640
[2026-06-03 08:26:26] [TRAIN] Gen 60/192: prompt=76 resp=1944
[2026-06-03 08:26:26] [TRAIN] Gen 56/192: prompt=66 resp=1516
[2026-06-03 08:26:26] [TRAIN] Gen 61/192: prompt=21 resp=2493
[2026-06-03 08:26:26] [TRAIN] Gen 57/192: prompt=76 resp=1920
[2026-06-03 08:26:26] [TRAIN] Gen 58/192: prompt=76 resp=1832
[2026-06-03 08:26:35] [TRAIN] Gen 65/192: prompt=55 resp=2404
[2026-06-03 08:26:35] [TRAIN] Gen 68/192: prompt=55 resp=2438
[2026-06-03 08:26:35] [TRAIN] Gen 70/192: prompt=15 resp=2511
[2026-06-03 08:26:35] [TRAIN] Gen 71/192: prompt=15 resp=2411
[2026-06-03 08:26:35] [TRAIN] Gen 69/192: prompt=15 resp=2533
[2026-06-03 08:26:35] [TRAIN] Gen 67/192: prompt=55 resp=2417
[2026-06-03 08:26:35] [TRAIN] Gen 66/192: prompt=55 resp=2432
[2026-06-03 08:26:35] [TRAIN] Gen 74/192: prompt=5 resp=2468
[2026-06-03 08:26:35] [TRAIN] Gen 77/192: prompt=11 resp=2723
[2026-06-03 08:26:35] [TRAIN] Gen 78/192: prompt=11 resp=2702
[2026-06-03 08:26:35] [TRAIN] Gen 75/192: prompt=5 resp=2567
[2026-06-03 08:26:35] [TRAIN] Gen 80/192: prompt=11 resp=2646
[2026-06-03 08:26:35] [TRAIN] Gen 73/192: prompt=5 resp=2396
[2026-06-03 08:26:35] [TRAIN] Gen 72/192: prompt=15 resp=2380
[2026-06-03 08:26:35] [TRAIN] Gen 76/192: prompt=5 resp=2381
[2026-06-03 08:26:35] [TRAIN] Gen 79/192: prompt=11 resp=2751
[2026-06-03 08:26:44] [TRAIN] Gen 81/192: prompt=9 resp=2549
[2026-06-03 08:26:44] [TRAIN] Gen 86/192: prompt=16 resp=2032
[2026-06-03 08:26:44] [TRAIN] Gen 82/192: prompt=9 resp=2615
[2026-06-03 08:26:44] [TRAIN] Gen 85/192: prompt=16 resp=2118
[2026-06-03 08:26:44] [TRAIN] Gen 87/192: prompt=16 resp=2125
[2026-06-03 08:26:44] [TRAIN] Gen 83/192: prompt=9 resp=2654
[2026-06-03 08:26:44] [TRAIN] Gen 84/192: prompt=9 resp=2448
[2026-06-03 08:26:44] [TRAIN] Gen 90/192: prompt=11 resp=2511
[2026-06-03 08:26:44] [TRAIN] Gen 92/192: prompt=11 resp=2299
[2026-06-03 08:26:44] [TRAIN] Gen 91/192: prompt=11 resp=2417
[2026-06-03 08:26:44] [TRAIN] Gen 94/192: prompt=106 resp=2284
[2026-06-03 08:26:44] [TRAIN] Gen 93/192: prompt=106 resp=2251
[2026-06-03 08:26:44] [TRAIN] Gen 96/192: prompt=106 resp=2256
[2026-06-03 08:26:44] [TRAIN] Gen 88/192: prompt=16 resp=1981
[2026-06-03 08:26:44] [TRAIN] Gen 89/192: prompt=11 resp=2343
[2026-06-03 08:26:44] [TRAIN] Gen 95/192: prompt=106 resp=2316
[2026-06-03 08:26:54] [TRAIN] Gen 97/192: prompt=12 resp=1928
[2026-06-03 08:26:54] [TRAIN] Gen 102/192: prompt=21 resp=2668
[2026-06-03 08:26:54] [TRAIN] Gen 100/192: prompt=12 resp=2043
[2026-06-03 08:26:54] [TRAIN] Gen 103/192: prompt=21 resp=2659
[2026-06-03 08:26:54] [TRAIN] Gen 98/192: prompt=12 resp=2026
[2026-06-03 08:26:54] [TRAIN] Gen 101/192: prompt=21 resp=2713
[2026-06-03 08:26:54] [TRAIN] Gen 99/192: prompt=12 resp=1916
[2026-06-03 08:26:54] [TRAIN] Gen 105/192: prompt=14 resp=2066
[2026-06-03 08:26:54] [TRAIN] Gen 104/192: prompt=21 resp=2683
[2026-06-03 08:26:54] [TRAIN] Gen 109/192: prompt=16 resp=2678
[2026-06-03 08:26:54] [TRAIN] Gen 107/192: prompt=14 resp=2172
[2026-06-03 08:26:54] [TRAIN] Gen 110/192: prompt=16 resp=2756
[2026-06-03 08:26:54] [TRAIN] Gen 106/192: prompt=14 resp=2143
[2026-06-03 08:26:54] [TRAIN] Gen 112/192: prompt=16 resp=2717
[2026-06-03 08:26:54] [TRAIN] Gen 108/192: prompt=14 resp=2170
[2026-06-03 08:26:54] [TRAIN] Gen 111/192: prompt=16 resp=2594
[2026-06-03 08:27:01] [TRAIN] Gen 115/192: prompt=16 resp=1860
[2026-06-03 08:27:02] [TRAIN] Gen 116/192: prompt=16 resp=2025
[2026-06-03 08:27:02] [TRAIN] Gen 113/192: prompt=16 resp=2132
[2026-06-03 08:27:03] [TRAIN] Gen 114/192: prompt=16 resp=2161
[2026-06-03 08:27:04] [TRAIN] Gen 119/192: prompt=23 resp=2532
[2026-06-03 08:27:04] [TRAIN] Gen 117/192: prompt=23 resp=2483
[2026-06-03 08:27:04] [TRAIN] Gen 118/192: prompt=23 resp=2433
[2026-06-03 08:27:04] [TRAIN] Gen 120/192: prompt=23 resp=2536
[2026-06-03 08:27:04] [TRAIN] Gen 121/192: prompt=9 resp=2442
[2026-06-03 08:27:04] [TRAIN] Gen 123/192: prompt=9 resp=2517
[2026-06-03 08:27:04] [TRAIN] Gen 124/192: prompt=9 resp=2463
[2026-06-03 08:27:04] [TRAIN] Gen 126/192: prompt=99 resp=2100
[2026-06-03 08:27:04] [TRAIN] Gen 122/192: prompt=9 resp=2598
[2026-06-03 08:27:04] [TRAIN] Gen 128/192: prompt=99 resp=2106
[2026-06-03 08:27:04] [TRAIN] Gen 127/192: prompt=99 resp=2081
[2026-06-03 08:27:04] [TRAIN] Gen 125/192: prompt=99 resp=2042
[2026-06-03 08:27:11] [TRAIN] Gen 129/192: prompt=19 resp=2341
[2026-06-03 08:27:11] [TRAIN] Gen 130/192: prompt=19 resp=2345
[2026-06-03 08:27:12] [TRAIN] Gen 131/192: prompt=19 resp=2400
[2026-06-03 08:27:12] [TRAIN] Gen 132/192: prompt=19 resp=2329
[2026-06-03 08:27:13] [TRAIN] Gen 143/192: prompt=9 resp=1704
[2026-06-03 08:27:14] [TRAIN] Gen 133/192: prompt=15 resp=2736
[2026-06-03 08:27:14] [TRAIN] Gen 134/192: prompt=15 resp=2862
[2026-06-03 08:27:14] [TRAIN] Gen 135/192: prompt=15 resp=2706
[2026-06-03 08:27:14] [TRAIN] Gen 137/192: prompt=369 resp=2426
[2026-06-03 08:27:14] [TRAIN] Gen 136/192: prompt=15 resp=2817
[2026-06-03 08:27:14] [TRAIN] Gen 141/192: prompt=9 resp=1794
[2026-06-03 08:27:14] [TRAIN] Gen 142/192: prompt=9 resp=1804
[2026-06-03 08:27:14] [TRAIN] Gen 139/192: prompt=369 resp=2546
[2026-06-03 08:27:14] [TRAIN] Gen 144/192: prompt=9 resp=1646
[2026-06-03 08:27:14] [TRAIN] Gen 138/192: prompt=369 resp=2456
[2026-06-03 08:27:14] [TRAIN] Gen 140/192: prompt=369 resp=2374
[2026-06-03 08:27:20] [TRAIN] Gen 145/192: prompt=7 resp=2016
[2026-06-03 08:27:21] [TRAIN] Gen 146/192: prompt=7 resp=1948
[2026-06-03 08:27:21] [TRAIN] Gen 147/192: prompt=7 resp=1930
[2026-06-03 08:27:22] [TRAIN] Gen 148/192: prompt=7 resp=1942
[2026-06-03 08:27:23] [TRAIN] Gen 149/192: prompt=89 resp=2265
[2026-06-03 08:27:23] [TRAIN] Gen 152/192: prompt=89 resp=2293
[2026-06-03 08:27:23] [TRAIN] Gen 150/192: prompt=89 resp=2358
[2026-06-03 08:27:23] [TRAIN] Gen 151/192: prompt=89 resp=2319
[2026-06-03 08:27:23] [TRAIN] Gen 154/192: prompt=33 resp=2049
[2026-06-03 08:27:23] [TRAIN] Gen 153/192: prompt=33 resp=2120
[2026-06-03 08:27:23] [TRAIN] Gen 159/192: prompt=34 resp=2299
[2026-06-03 08:27:23] [TRAIN] Gen 156/192: prompt=33 resp=2065
[2026-06-03 08:27:23] [TRAIN] Gen 158/192: prompt=34 resp=2336
[2026-06-03 08:27:23] [TRAIN] Gen 155/192: prompt=33 resp=2167
[2026-06-03 08:27:23] [TRAIN] Gen 157/192: prompt=34 resp=2228
[2026-06-03 08:27:23] [TRAIN] Gen 160/192: prompt=34 resp=2379
[2026-06-03 08:27:25] [TRAIN] Gen 161/192: prompt=80 resp=1357
[2026-06-03 08:27:26] [TRAIN] Gen 162/192: prompt=80 resp=1529
[2026-06-03 08:27:26] [TRAIN] Gen 163/192: prompt=80 resp=1383
[2026-06-03 08:27:27] [TRAIN] Gen 164/192: prompt=80 resp=1486
[2026-06-03 08:27:33] [TRAIN] Gen 165/192: prompt=9 resp=2377
[2026-06-03 08:27:33] [TRAIN] Gen 167/192: prompt=9 resp=2296
[2026-06-03 08:27:33] [TRAIN] Gen 168/192: prompt=9 resp=2324
[2026-06-03 08:27:33] [TRAIN] Gen 166/192: prompt=9 resp=2398
[2026-06-03 08:27:33] [TRAIN] Gen 169/192: prompt=10 resp=2601
[2026-06-03 08:27:33] [TRAIN] Gen 170/192: prompt=10 resp=2463
[2026-06-03 08:27:33] [TRAIN] Gen 175/192: prompt=21 resp=2711
[2026-06-03 08:27:33] [TRAIN] Gen 173/192: prompt=21 resp=2835
[2026-06-03 08:27:33] [TRAIN] Gen 171/192: prompt=10 resp=2571
[2026-06-03 08:27:33] [TRAIN] Gen 172/192: prompt=10 resp=2426
[2026-06-03 08:27:33] [TRAIN] Gen 176/192: prompt=21 resp=2698
[2026-06-03 08:27:33] [TRAIN] Gen 174/192: prompt=21 resp=2612
[2026-06-03 08:27:35] [TRAIN] Gen 177/192: prompt=64 resp=2550
[2026-06-03 08:27:36] [TRAIN] Gen 178/192: prompt=64 resp=2497
[2026-06-03 08:27:36] [TRAIN] Gen 179/192: prompt=64 resp=2671
[2026-06-03 08:27:37] [TRAIN] Gen 180/192: prompt=64 resp=2642
[2026-06-03 08:27:39] [TRAIN] Gen 189/192: prompt=221 resp=1218
[2026-06-03 08:27:40] [TRAIN] Gen 192/192: prompt=221 resp=1401
[2026-06-03 08:27:42] [TRAIN] Gen 182/192: prompt=182 resp=1980
[2026-06-03 08:27:42] [TRAIN] Gen 181/192: prompt=182 resp=2201
[2026-06-03 08:27:43] [TRAIN] Gen 183/192: prompt=182 resp=2155
[2026-06-03 08:27:43] [TRAIN] Gen 184/192: prompt=182 resp=1968
[2026-06-03 08:27:43] [TRAIN] Gen 185/192: prompt=12 resp=2515
[2026-06-03 08:27:43] [TRAIN] Gen 186/192: prompt=12 resp=2542
[2026-06-03 08:27:43] [TRAIN] Gen 190/192: prompt=221 resp=1791
[2026-06-03 08:27:43] [TRAIN] Gen 187/192: prompt=12 resp=2463
[2026-06-03 08:27:43] [TRAIN] Gen 191/192: prompt=221 resp=1794
[2026-06-03 08:27:43] [TRAIN] Gen 188/192: prompt=12 resp=2571
[2026-06-03 08:27:43] [TRAIN] Generation done in 117.5s
[2026-06-03 08:27:43] [TRAIN] Prompt 1 category: explanation
[2026-06-03 08:27:54] [TRAIN] Prompt 1/48: rewards=[0.287, 0.325, 0.388, 0.312]
[2026-06-03 08:27:54] [TRAIN] Prompt 2 category: coding
[2026-06-03 08:28:01] [TRAIN] Prompt 2/48: rewards=[0.2, 0.0, 0.0, 0.0]
[2026-06-03 08:28:01] [TRAIN] Prompt 3 category: brainstorming
[2026-06-03 08:28:14] [TRAIN] Prompt 3/48: rewards=[0.0, 0.138, 0.275, 0.263]
[2026-06-03 08:28:14] [TRAIN] Prompt 4 category: coding
[2026-06-03 08:28:22] [TRAIN] Prompt 4/48: rewards=[0.0, 0.0, 0.0, 0.0]
[2026-06-03 08:28:22] [TRAIN] Prompt 5 category: brainstorming
[2026-06-03 08:28:37] [TRAIN] Prompt 5/48: rewards=[0.212, 0.0, 0.25, 0.0]
[2026-06-03 08:28:49] [TRAIN] Prompt 6/48: rewards=[0.362, 0.35, 0.35, 0.362]
[2026-06-03 08:28:49] [TRAIN] Prompt 7 category: explanation
[2026-06-03 08:29:17] [TRAIN] Prompt 7/48: rewards=[0.0, 0.0, 0.2, 0.0]
[2026-06-03 08:29:17] [TRAIN] Prompt 8 category: creative writing
[2026-06-03 08:29:29] [TRAIN] Prompt 8/48: rewards=[0.0, 0.475, 0.438, 0.438]
[2026-06-03 08:29:29] [TRAIN] Prompt 9 category: coding
[2026-06-03 08:29:36] [TRAIN] Prompt 9/48: rewards=[0.0, 0.0, 0.0, 0.0]
[2026-06-03 08:29:49] [TRAIN] Prompt 10/48: rewards=[0.0, 0.263, 0.338, 0.275]
[2026-06-03 08:30:04] [TRAIN] Prompt 11/48: rewards=[0.0, 0.0, 0.0, 0.4]
[2026-06-03 08:30:04] [TRAIN] Prompt 12 category: explanation
[2026-06-03 08:30:19] [TRAIN] Prompt 12/48: rewards=[0.0, 0.25, 0.237, 0.0]
[2026-06-03 08:30:34] [TRAIN] Prompt 13/48: rewards=[0.0, 0.0, 0.0, 0.0]
[2026-06-03 08:30:34] [TRAIN] Prompt 14 category: math
[2026-06-03 08:30:42] [TRAIN] Prompt 14/48: rewards=[0.0, 0.0, 0.0, 0.0]
[2026-06-03 08:30:56] [TRAIN] Prompt 15/48: rewards=[0.312, 0.0, 0.0, 0.0]
[2026-06-03 08:30:56] [TRAIN] Prompt 16 category: explanation
[2026-06-03 08:31:11] [TRAIN] Prompt 16/48: rewards=[0.0, 0.4, 0.0, 0.338]
[2026-06-03 08:31:11] [TRAIN] Prompt 17 category: copywriting
[2026-06-03 08:31:25] [TRAIN] Prompt 17/48: rewards=[0.0, 0.0, 0.325, 0.338]
[2026-06-03 08:31:25] [TRAIN] Prompt 18 category: creative writing
[2026-06-03 08:31:37] [TRAIN] Prompt 18/48: rewards=[0.0, 0.0, 0.412, 0.388]
[2026-06-03 08:31:37] [TRAIN] Prompt 19 category: coding
[2026-06-03 08:31:45] [TRAIN] Prompt 19/48: rewards=[0.225, 0.0, 0.0, 0.0]
[2026-06-03 08:31:59] [TRAIN] Prompt 20/48: rewards=[0.325, 0.425, 0.0, 0.0]
[2026-06-03 08:31:59] [TRAIN] Prompt 21 category: explanation
[2026-06-03 08:32:13] [TRAIN] Prompt 21/48: rewards=[0.125, 0.0, 0.0, 0.425]
[2026-06-03 08:32:13] [TRAIN] Prompt 22 category: coding
[2026-06-03 08:32:21] [TRAIN] Prompt 22/48: rewards=[0.0, 0.0, 0.0, 0.0]
[2026-06-03 08:32:21] [TRAIN] Prompt 23 category: explanation
[2026-06-03 08:32:37] [TRAIN] Prompt 23/48: rewards=[0.0, 0.312, 0.0, 0.275]
[2026-06-03 08:32:37] [TRAIN] Prompt 24 category: coding
[2026-06-03 08:32:45] [TRAIN] Prompt 24/48: rewards=[0.0, 0.2, 0.0, 0.15]
[2026-06-03 08:32:58] [TRAIN] Prompt 25/48: rewards=[0.338, 0.0, 0.4, 0.325]
[2026-06-03 08:32:58] [TRAIN] Prompt 26 category: logical reasoning
[2026-06-03 08:33:07] [TRAIN] Prompt 26/48: rewards=[0.0, 0.0, 0.0, 0.0]
[2026-06-03 08:33:07] [TRAIN] Prompt 27 category: coding
[2026-06-03 08:33:15] [TRAIN] Prompt 27/48: rewards=[0.25, 0.175, 0.2, 0.0]
[2026-06-03 08:33:15] [TRAIN] Prompt 28 category: explanation
[2026-06-03 08:33:27] [TRAIN] Prompt 28/48: rewards=[0.4, 0.0, 0.0, 0.237]
[2026-06-03 08:33:27] [TRAIN] Prompt 29 category: explanation
[2026-06-03 08:33:38] [TRAIN] Prompt 29/48: rewards=[0.45, 0.4, 0.45, 0.438]
[2026-06-03 08:33:38] [TRAIN] Prompt 30 category: creative writing
[2026-06-03 08:33:49] [TRAIN] Prompt 30/48: rewards=[0.388, 0.463, 0.237, 0.35]
[2026-06-03 08:33:49] [TRAIN] Prompt 31 category: coding
[2026-06-03 08:33:56] [TRAIN] Prompt 31/48: rewards=[0.2, 0.0, 0.0, 0.1]
[2026-06-03 08:33:56] [TRAIN] Prompt 32 category: coding
[2026-06-03 08:34:05] [TRAIN] Prompt 32/48: rewards=[0.0, 0.0, 0.0, 0.175]
[2026-06-03 08:34:05] [TRAIN] Prompt 33 category: creative writing
[2026-06-03 08:34:19] [TRAIN] Prompt 33/48: rewards=[0.0, 0.0, 0.588, 0.0]
[2026-06-03 08:34:19] [TRAIN] Prompt 34 category: explanation
[2026-06-03 08:34:33] [TRAIN] Prompt 34/48: rewards=[0.362, 0.0, 0.3, 0.287]
[2026-06-03 08:34:33] [TRAIN] Prompt 35 category: coding
[2026-06-03 08:34:42] [TRAIN] Prompt 35/48: rewards=[0.0, 0.0, 0.0, 0.0]
[2026-06-03 08:34:42] [TRAIN] Prompt 36 category: brainstorming
[2026-06-03 08:34:57] [TRAIN] Prompt 36/48: rewards=[0.0, 0.125, 0.5, 0.0]
[2026-06-03 08:34:57] [TRAIN] Prompt 37 category: math
[2026-06-03 08:35:05] [TRAIN] Prompt 37/48: rewards=[0.0, 0.975, 0.0, 0.95]
[2026-06-03 08:35:05] [TRAIN] Prompt 38 category: debugging
[2026-06-03 08:35:13] [TRAIN] Prompt 38/48: rewards=[0.0, 0.0, 0.0, 0.15]
[2026-06-03 08:35:13] [TRAIN] Prompt 39 category: coding
[2026-06-03 08:35:21] [TRAIN] Prompt 39/48: rewards=[0.0, 0.0, 0.0, 0.0]
[2026-06-03 08:35:21] [TRAIN] Prompt 40 category: coding
[2026-06-03 08:35:30] [TRAIN] Prompt 40/48: rewards=[0.0, 0.0, 0.0, 0.175]
[2026-06-03 08:35:43] [TRAIN] Prompt 41/48: rewards=[0.487, 0.487, 0.475, 0.5]
[2026-06-03 08:35:43] [TRAIN] Prompt 42 category: creative writing
[2026-06-03 08:35:56] [TRAIN] Prompt 42/48: rewards=[0.0, 0.0, 0.0, 0.0]
[2026-06-03 08:36:07] [TRAIN] Prompt 43/48: rewards=[0.225, 0.338, 0.388, 0.3]
[2026-06-03 08:36:07] [TRAIN] Prompt 44 category: creative writing
[2026-06-03 08:36:23] [TRAIN] Prompt 44/48: rewards=[0.0, 0.263, 0.4, 0.475]
[2026-06-03 08:36:23] [TRAIN] Prompt 45 category: coding
[2026-06-03 08:36:28] [TRAIN] Prompt 45/48: rewards=[0.0, 0.0, 0.0, 0.2]
[2026-06-03 08:36:28] [TRAIN] Prompt 46 category: coding
[2026-06-03 08:36:32] [TRAIN] Prompt 46/48: rewards=[0.2, 0.0, 0.1, 0.0]
[2026-06-03 08:36:32] [TRAIN] Prompt 47 category: brainstorming
[2026-06-03 08:36:47] [TRAIN] Prompt 47/48: rewards=[0.388, 0.0, 0.0, 0.0]
[2026-06-03 08:36:47] [TRAIN] Prompt 48 category: coding
[2026-06-03 08:36:57] [TRAIN] Prompt 48/48: rewards=[1.0, 0.0, 0.275, 1.0]
[2026-06-03 08:36:57] [TRAIN] Rewards: mean=0.158, 5/192 >0.5 (mode=rubric)
[2026-06-03 08:36:57] [TRAIN] Sleeping replicas via CheckpointEngineManager...
[2026-06-03 08:36:57] [TRAIN] Replicas asleep
[2026-06-03 08:36:57] [TRAIN] Training batch built: {'prompts': torch.Size([192, 369]), 'input_ids': torch.Size([192, 881]), 'attention_mask': torch.Size([192, 881]), 'position_ids': torch.Size([192, 881]), 'responses': torch.Size([192, 512])}
[2026-06-03 08:36:57] [TRAIN] rm_scores computed (last-token placement)
[2026-06-03 08:36:57] [TRAIN] response_mask computed
[2026-06-03 08:37:38] [TRAIN] old_log_probs computed
[2026-06-03 08:37:38] [TRAIN] GRPO advantages computed
[2026-06-03 08:40:33] [TRAIN] Actor update completed — loss=0.0033
[2026-06-03 08:40:36] [TRAIN] Weight sync done in 3.0s (wake handled internally)
[2026-06-03 08:40:36] [TRAIN] train_step completed in 890.7s — reward=0.158 (5/192), loss=0.0033, grad_norm=0.117 | score=0.158, rewards=0.158, adv=-0.003 | rlen=503, plen=56, abort=0.000 | tps=120.5 tok/s/gpu, gen=1.22ms/tok, actor=1.63ms/tok
[2026-06-03 08:40:36] [TRAIN] train_step start: 48 prompts x 4 = 192 total
[2026-06-03 08:40:36] [TRAIN] Generating 192 responses (48 prompts x 4) with 16 concurrent workers
[2026-06-03 08:40:45] [TRAIN] Gen 11/192: prompt=7 resp=2117
[2026-06-03 08:40:46] [TRAIN] Gen 1/192: prompt=11 resp=2696
[2026-06-03 08:40:46] [TRAIN] Gen 2/192: prompt=11 resp=2633
[2026-06-03 08:40:46] [TRAIN] Gen 15/192: prompt=9 resp=2089
[2026-06-03 08:40:46] [TRAIN] Gen 8/192: prompt=3 resp=2581
[2026-06-03 08:40:46] [TRAIN] Gen 16/192: prompt=9 resp=2078
[2026-06-03 08:40:46] [TRAIN] Gen 10/192: prompt=7 resp=2183
[2026-06-03 08:40:46] [TRAIN] Gen 9/192: prompt=7 resp=2181
[2026-06-03 08:40:46] [TRAIN] Gen 13/192: prompt=9 resp=2059
[2026-06-03 08:40:46] [TRAIN] Gen 14/192: prompt=9 resp=2072
[2026-06-03 08:40:46] [TRAIN] Gen 12/192: prompt=7 resp=2246
[2026-06-03 08:40:46] [TRAIN] Gen 5/192: prompt=3 resp=2504
[2026-06-03 08:40:46] [TRAIN] Gen 3/192: prompt=11 resp=2607
[2026-06-03 08:40:46] [TRAIN] Gen 7/192: prompt=3 resp=2469
[2026-06-03 08:40:46] [TRAIN] Gen 6/192: prompt=3 resp=2376
[2026-06-03 08:40:46] [TRAIN] Gen 4/192: prompt=11 resp=2589
[2026-06-03 08:40:55] [TRAIN] Gen 17/192: prompt=15 resp=2164
[2026-06-03 08:40:55] [TRAIN] Gen 18/192: prompt=15 resp=2081
[2026-06-03 08:40:55] [TRAIN] Gen 19/192: prompt=15 resp=2146
[2026-06-03 08:40:55] [TRAIN] Gen 22/192: prompt=81 resp=2296
[2026-06-03 08:40:55] [TRAIN] Gen 25/192: prompt=43 resp=2601
[2026-06-03 08:40:55] [TRAIN] Gen 24/192: prompt=81 resp=2310
[2026-06-03 08:40:55] [TRAIN] Gen 32/192: prompt=24 resp=2475
[2026-06-03 08:40:55] [TRAIN] Gen 21/192: prompt=81 resp=2367
[2026-06-03 08:40:55] [TRAIN] Gen 29/192: prompt=24 resp=2548
[2026-06-03 08:40:55] [TRAIN] Gen 23/192: prompt=81 resp=2329
[2026-06-03 08:40:55] [TRAIN] Gen 30/192: prompt=24 resp=2501
[2026-06-03 08:40:55] [TRAIN] Gen 20/192: prompt=15 resp=2184
[2026-06-03 08:40:55] [TRAIN] Gen 26/192: prompt=43 resp=2562
[2026-06-03 08:40:55] [TRAIN] Gen 28/192: prompt=43 resp=2716
[2026-06-03 08:40:55] [TRAIN] Gen 27/192: prompt=43 resp=2861
[2026-06-03 08:40:55] [TRAIN] Gen 31/192: prompt=24 resp=2432
[2026-06-03 08:41:05] [TRAIN] Gen 33/192: prompt=16 resp=2540
[2026-06-03 08:41:06] [TRAIN] Gen 34/192: prompt=16 resp=2677
[2026-06-03 08:41:06] [TRAIN] Gen 35/192: prompt=16 resp=2622
[2026-06-03 08:41:06] [TRAIN] Gen 43/192: prompt=14 resp=2680
[2026-06-03 08:41:06] [TRAIN] Gen 36/192: prompt=16 resp=2464
[2026-06-03 08:41:06] [TRAIN] Gen 46/192: prompt=11 resp=2380
[2026-06-03 08:41:06] [TRAIN] Gen 48/192: prompt=11 resp=2395
[2026-06-03 08:41:06] [TRAIN] Gen 37/192: prompt=5 resp=2053
[2026-06-03 08:41:06] [TRAIN] Gen 44/192: prompt=14 resp=2661
[2026-06-03 08:41:06] [TRAIN] Gen 38/192: prompt=5 resp=2126
[2026-06-03 08:41:06] [TRAIN] Gen 47/192: prompt=11 resp=2412
[2026-06-03 08:41:06] [TRAIN] Gen 39/192: prompt=5 resp=2119
[2026-06-03 08:41:06] [TRAIN] Gen 41/192: prompt=14 resp=2601
[2026-06-03 08:41:06] [TRAIN] Gen 45/192: prompt=11 resp=2342
[2026-06-03 08:41:06] [TRAIN] Gen 40/192: prompt=5 resp=2111
[2026-06-03 08:41:06] [TRAIN] Gen 42/192: prompt=14 resp=2701
[2026-06-03 08:41:15] [TRAIN] Gen 49/192: prompt=25 resp=2138
[2026-06-03 08:41:15] [TRAIN] Gen 50/192: prompt=25 resp=2236
[2026-06-03 08:41:15] [TRAIN] Gen 51/192: prompt=25 resp=2220
[2026-06-03 08:41:15] [TRAIN] Gen 63/192: prompt=14 resp=2213
[2026-06-03 08:41:15] [TRAIN] Gen 60/192: prompt=322 resp=2429
[2026-06-03 08:41:15] [TRAIN] Gen 53/192: prompt=46 resp=2273
[2026-06-03 08:41:15] [TRAIN] Gen 54/192: prompt=46 resp=2333
[2026-06-03 08:41:15] [TRAIN] Gen 61/192: prompt=14 resp=2750
[2026-06-03 08:41:15] [TRAIN] Gen 59/192: prompt=322 resp=2510
[2026-06-03 08:41:15] [TRAIN] Gen 58/192: prompt=322 resp=2459
[2026-06-03 08:41:15] [TRAIN] Gen 64/192: prompt=14 resp=2708
[2026-06-03 08:41:15] [TRAIN] Gen 57/192: prompt=322 resp=2349
[2026-06-03 08:41:15] [TRAIN] Gen 52/192: prompt=25 resp=2251
[2026-06-03 08:41:15] [TRAIN] Gen 55/192: prompt=46 resp=2272
[2026-06-03 08:41:15] [TRAIN] Gen 62/192: prompt=14 resp=2654
[2026-06-03 08:41:15] [TRAIN] Gen 56/192: prompt=46 resp=2343
[2026-06-03 08:41:19] [TRAIN] Gen 75/192: prompt=8 resp=903
[2026-06-03 08:41:21] [TRAIN] Gen 74/192: prompt=8 resp=1407
[2026-06-03 08:41:23] [TRAIN] Gen 73/192: prompt=8 resp=1721
[2026-06-03 08:41:23] [TRAIN] Gen 76/192: prompt=8 resp=1811
[2026-06-03 08:41:24] [TRAIN] Gen 65/192: prompt=22 resp=2409
[2026-06-03 08:41:25] [TRAIN] Gen 66/192: prompt=22 resp=2302
[2026-06-03 08:41:25] [TRAIN] Gen 67/192: prompt=22 resp=2284
[2026-06-03 08:41:25] [TRAIN] Gen 69/192: prompt=69 resp=2343
[2026-06-03 08:41:25] [TRAIN] Gen 77/192: prompt=10 resp=2238
[2026-06-03 08:41:25] [TRAIN] Gen 78/192: prompt=10 resp=2254
[2026-06-03 08:41:25] [TRAIN] Gen 72/192: prompt=69 resp=2346
[2026-06-03 08:41:25] [TRAIN] Gen 80/192: prompt=10 resp=2203
[2026-06-03 08:41:25] [TRAIN] Gen 79/192: prompt=10 resp=2122
[2026-06-03 08:41:25] [TRAIN] Gen 68/192: prompt=22 resp=2585
[2026-06-03 08:41:25] [TRAIN] Gen 71/192: prompt=69 resp=2244
[2026-06-03 08:41:25] [TRAIN] Gen 70/192: prompt=69 resp=2209
[2026-06-03 08:41:28] [TRAIN] Gen 96/192: prompt=6 resp=968
[2026-06-03 08:41:28] [TRAIN] Gen 81/192: prompt=103 resp=2328
[2026-06-03 08:41:30] [TRAIN] Gen 94/192: prompt=6 resp=1430
[2026-06-03 08:41:30] [TRAIN] Gen 93/192: prompt=6 resp=1471
[2026-06-03 08:41:30] [TRAIN] Gen 82/192: prompt=103 resp=2391
[2026-06-03 08:41:31] [TRAIN] Gen 95/192: prompt=6 resp=1832
[2026-06-03 08:41:32] [TRAIN] Gen 85/192: prompt=6 resp=1832
[2026-06-03 08:41:32] [TRAIN] Gen 83/192: prompt=103 resp=2445
[2026-06-03 08:41:32] [TRAIN] Gen 84/192: prompt=103 resp=2328
[2026-06-03 08:41:32] [TRAIN] Gen 88/192: prompt=6 resp=1722
[2026-06-03 08:41:33] [TRAIN] Gen 97/192: prompt=64 resp=1164
[2026-06-03 08:41:34] [TRAIN] Gen 86/192: prompt=6 resp=2369
[2026-06-03 08:41:34] [TRAIN] Gen 87/192: prompt=6 resp=2431
[2026-06-03 08:41:34] [TRAIN] Gen 89/192: prompt=19 resp=2237
[2026-06-03 08:41:34] [TRAIN] Gen 90/192: prompt=19 resp=2227
[2026-06-03 08:41:34] [TRAIN] Gen 92/192: prompt=19 resp=2418
[2026-06-03 08:41:34] [TRAIN] Gen 91/192: prompt=19 resp=2366
[2026-06-03 08:41:35] [TRAIN] Gen 98/192: prompt=64 resp=1647
[2026-06-03 08:41:36] [TRAIN] Gen 100/192: prompt=64 resp=1514
[2026-06-03 08:41:37] [TRAIN] Gen 99/192: prompt=64 resp=1832
[2026-06-03 08:41:39] [TRAIN] Gen 105/192: prompt=22 resp=2170
[2026-06-03 08:41:40] [TRAIN] Gen 106/192: prompt=22 resp=2255
[2026-06-03 08:41:40] [TRAIN] Gen 101/192: prompt=10 resp=2397
[2026-06-03 08:41:40] [TRAIN] Gen 102/192: prompt=10 resp=2338
[2026-06-03 08:41:41] [TRAIN] Gen 103/192: prompt=10 resp=2361
[2026-06-03 08:41:41] [TRAIN] Gen 104/192: prompt=10 resp=2213
[2026-06-03 08:41:42] [TRAIN] Gen 108/192: prompt=22 resp=2336
[2026-06-03 08:41:42] [TRAIN] Gen 114/192: prompt=284 resp=2007
[2026-06-03 08:41:42] [TRAIN] Gen 107/192: prompt=22 resp=2641
[2026-06-03 08:41:43] [TRAIN] Gen 113/192: prompt=284 resp=2582
[2026-06-03 08:41:43] [TRAIN] Gen 109/192: prompt=168 resp=2455
[2026-06-03 08:41:43] [TRAIN] Gen 110/192: prompt=168 resp=2584
[2026-06-03 08:41:43] [TRAIN] Gen 111/192: prompt=168 resp=2570
[2026-06-03 08:41:43] [TRAIN] Gen 112/192: prompt=168 resp=2568
[2026-06-03 08:41:45] [TRAIN] Gen 116/192: prompt=284 resp=2198
[2026-06-03 08:41:45] [TRAIN] Gen 115/192: prompt=284 resp=2368
[2026-06-03 08:41:49] [TRAIN] Gen 117/192: prompt=122 resp=1995
[2026-06-03 08:41:49] [TRAIN] Gen 118/192: prompt=122 resp=2017
[2026-06-03 08:41:49] [TRAIN] Gen 119/192: prompt=122 resp=2005
[2026-06-03 08:41:50] [TRAIN] Gen 120/192: prompt=122 resp=2046
[2026-06-03 08:41:50] [TRAIN] Gen 121/192: prompt=98 resp=2122
[2026-06-03 08:41:51] [TRAIN] Gen 122/192: prompt=98 resp=2099
[2026-06-03 08:41:51] [TRAIN] Gen 123/192: prompt=98 resp=2122
[2026-06-03 08:41:51] [TRAIN] Gen 124/192: prompt=98 resp=2025
[2026-06-03 08:41:51] [TRAIN] Gen 125/192: prompt=67 resp=1950
[2026-06-03 08:41:53] [TRAIN] Gen 127/192: prompt=67 resp=1895
[2026-06-03 08:41:53] [TRAIN] Gen 126/192: prompt=67 resp=2038
[2026-06-03 08:41:53] [TRAIN] Gen 129/192: prompt=22 resp=2674
[2026-06-03 08:41:53] [TRAIN] Gen 130/192: prompt=22 resp=2599
[2026-06-03 08:41:53] [TRAIN] Gen 128/192: prompt=67 resp=2051
[2026-06-03 08:41:55] [TRAIN] Gen 131/192: prompt=22 resp=2712
[2026-06-03 08:41:55] [TRAIN] Gen 132/192: prompt=22 resp=2720
[2026-06-03 08:41:58] [TRAIN] Gen 133/192: prompt=8 resp=2418
[2026-06-03 08:41:58] [TRAIN] Gen 134/192: prompt=8 resp=2569
[2026-06-03 08:41:58] [TRAIN] Gen 135/192: prompt=8 resp=2509
[2026-06-03 08:41:59] [TRAIN] Gen 136/192: prompt=8 resp=2493
[2026-06-03 08:41:59] [TRAIN] Gen 141/192: prompt=84 resp=1940
[2026-06-03 08:41:59] [TRAIN] Gen 137/192: prompt=22 resp=1958
[2026-06-03 08:42:00] [TRAIN] Gen 138/192: prompt=22 resp=2010
[2026-06-03 08:42:00] [TRAIN] Gen 139/192: prompt=22 resp=2031
[2026-06-03 08:42:01] [TRAIN] Gen 140/192: prompt=22 resp=1979
[2026-06-03 08:42:02] [TRAIN] Gen 142/192: prompt=84 resp=2165
[2026-06-03 08:42:02] [TRAIN] Gen 143/192: prompt=84 resp=2340
[2026-06-03 08:42:02] [TRAIN] Gen 144/192: prompt=84 resp=2264
[2026-06-03 08:42:02] [TRAIN] Gen 145/192: prompt=327 resp=2343
[2026-06-03 08:42:02] [TRAIN] Gen 146/192: prompt=327 resp=2278
[2026-06-03 08:42:04] [TRAIN] Gen 147/192: prompt=327 resp=2382
[2026-06-03 08:42:04] [TRAIN] Gen 148/192: prompt=327 resp=2281
[2026-06-03 08:42:07] [TRAIN] Gen 149/192: prompt=52 resp=2304
[2026-06-03 08:42:07] [TRAIN] Gen 150/192: prompt=52 resp=2318
[2026-06-03 08:42:07] [TRAIN] Gen 151/192: prompt=52 resp=2267
[2026-06-03 08:42:08] [TRAIN] Gen 157/192: prompt=31 resp=1910
[2026-06-03 08:42:08] [TRAIN] Gen 152/192: prompt=52 resp=2228
[2026-06-03 08:42:08] [TRAIN] Gen 153/192: prompt=9 resp=2298
[2026-06-03 08:42:08] [TRAIN] Gen 154/192: prompt=9 resp=2065
[2026-06-03 08:42:09] [TRAIN] Gen 155/192: prompt=9 resp=2148
[2026-06-03 08:42:09] [TRAIN] Gen 156/192: prompt=9 resp=2316
[2026-06-03 08:42:10] [TRAIN] Gen 160/192: prompt=31 resp=2028
[2026-06-03 08:42:11] [TRAIN] Gen 158/192: prompt=31 resp=2259
[2026-06-03 08:42:11] [TRAIN] Gen 159/192: prompt=31 resp=2352
[2026-06-03 08:42:11] [TRAIN] Gen 162/192: prompt=25 resp=2479
[2026-06-03 08:42:11] [TRAIN] Gen 161/192: prompt=25 resp=2528
[2026-06-03 08:42:12] [TRAIN] Gen 169/192: prompt=18 resp=1184
[2026-06-03 08:42:13] [TRAIN] Gen 163/192: prompt=25 resp=2581
[2026-06-03 08:42:13] [TRAIN] Gen 164/192: prompt=25 resp=2573
[2026-06-03 08:42:13] [TRAIN] Gen 170/192: prompt=18 resp=1178
[2026-06-03 08:42:14] [TRAIN] Gen 172/192: prompt=18 resp=1244
[2026-06-03 08:42:14] [TRAIN] Gen 171/192: prompt=18 resp=1372
[2026-06-03 08:42:16] [TRAIN] Gen 165/192: prompt=13 resp=2522
[2026-06-03 08:42:17] [TRAIN] Gen 166/192: prompt=13 resp=2448
[2026-06-03 08:42:17] [TRAIN] Gen 167/192: prompt=13 resp=2545
[2026-06-03 08:42:17] [TRAIN] Gen 168/192: prompt=13 resp=2463
[2026-06-03 08:42:18] [TRAIN] Gen 173/192: prompt=377 resp=2302
[2026-06-03 08:42:19] [TRAIN] Gen 174/192: prompt=377 resp=2335
[2026-06-03 08:42:20] [TRAIN] Gen 176/192: prompt=377 resp=2205
[2026-06-03 08:42:20] [TRAIN] Gen 175/192: prompt=377 resp=2280
[2026-06-03 08:42:20] [TRAIN] Gen 177/192: prompt=44 resp=2726
[2026-06-03 08:42:20] [TRAIN] Gen 178/192: prompt=44 resp=2737
[2026-06-03 08:42:21] [TRAIN] Gen 179/192: prompt=44 resp=2803
[2026-06-03 08:42:22] [TRAIN] Gen 180/192: prompt=44 resp=2703
[2026-06-03 08:42:22] [TRAIN] Gen 181/192: prompt=20 resp=2540
[2026-06-03 08:42:22] [TRAIN] Gen 182/192: prompt=20 resp=2596
[2026-06-03 08:42:23] [TRAIN] Gen 183/192: prompt=20 resp=2644
[2026-06-03 08:42:23] [TRAIN] Gen 184/192: prompt=20 resp=2648
[2026-06-03 08:42:26] [TRAIN] Gen 185/192: prompt=10 resp=2405
[2026-06-03 08:42:26] [TRAIN] Gen 186/192: prompt=10 resp=2555
[2026-06-03 08:42:26] [TRAIN] Gen 187/192: prompt=10 resp=2226
[2026-06-03 08:42:26] [TRAIN] Gen 188/192: prompt=10 resp=2263
[2026-06-03 08:42:28] [TRAIN] Gen 189/192: prompt=12 resp=2531
[2026-06-03 08:42:28] [TRAIN] Gen 190/192: prompt=12 resp=2521
[2026-06-03 08:42:29] [TRAIN] Gen 192/192: prompt=12 resp=2572
[2026-06-03 08:42:29] [TRAIN] Gen 191/192: prompt=12 resp=2626
[2026-06-03 08:42:29] [TRAIN] Generation done in 113.4s
[2026-06-03 08:42:29] [TRAIN] Prompt 1 category: brainstorming
[2026-06-03 08:42:43] [TRAIN] Prompt 1/48: rewards=[0.35, 0.0, 0.438, 0.4]
[2026-06-03 08:42:43] [TRAIN] Prompt 2 category: explanation
[2026-06-03 08:42:56] [TRAIN] Prompt 2/48: rewards=[0.188, 0.2, 0.463, 0.0]
[2026-06-03 08:42:56] [TRAIN] Prompt 3 category: coding
[2026-06-03 08:43:04] [TRAIN] Prompt 3/48: rewards=[0.15, 0.0, 0.2, 0.1]
[2026-06-03 08:43:17] [TRAIN] Prompt 4/48: rewards=[0.0, 0.0, 0.0, 0.25]
[2026-06-03 08:43:17] [TRAIN] Prompt 5 category: explanation
[2026-06-03 08:43:32] [TRAIN] Prompt 5/48: rewards=[0.412, 0.438, 0.0, 0.0]
[2026-06-03 08:43:32] [TRAIN] Prompt 6 category: math
[2026-06-03 08:43:41] [TRAIN] Prompt 6/48: rewards=[0.0, 0.0, 0.575, 0.0]
[2026-06-03 08:43:41] [TRAIN] Prompt 7 category: creative writing
[2026-06-03 08:43:56] [TRAIN] Prompt 7/48: rewards=[0.0, 0.55, 0.388, 0.3]
[2026-06-03 08:43:56] [TRAIN] Prompt 8 category: coding
[2026-06-03 08:44:04] [TRAIN] Prompt 8/48: rewards=[0.1, 0.0, 0.0, 0.0]
[2026-06-03 08:44:04] [TRAIN] Prompt 9 category: creative writing
[2026-06-03 08:44:16] [TRAIN] Prompt 9/48: rewards=[0.312, 0.412, 0.362, 0.0]
[2026-06-03 08:44:16] [TRAIN] Prompt 10 category: coding
[2026-06-03 08:44:23] [TRAIN] Prompt 10/48: rewards=[0.0, 0.0, 0.0, 0.15]
[2026-06-03 08:44:23] [TRAIN] Prompt 11 category: creative writing
[2026-06-03 08:44:38] [TRAIN] Prompt 11/48: rewards=[0.0, 0.375, 0.263, 0.0]
[2026-06-03 08:44:38] [TRAIN] Prompt 12 category: explanation
[2026-06-03 08:44:53] [TRAIN] Prompt 12/48: rewards=[0.175, 0.15, 0.0, 0.0]
[2026-06-03 08:44:53] [TRAIN] Prompt 13 category: coding
[2026-06-03 08:45:01] [TRAIN] Prompt 13/48: rewards=[0.0, 0.0, 0.0, 0.2]
[2026-06-03 08:45:01] [TRAIN] Prompt 14 category: coding
[2026-06-03 08:45:09] [TRAIN] Prompt 14/48: rewards=[0.0, 0.0, 0.175, 0.175]
[2026-06-03 08:45:09] [TRAIN] Prompt 15 category: coding
[2026-06-03 08:45:17] [TRAIN] Prompt 15/48: rewards=[0.0, 0.0, 0.0, 0.0]
[2026-06-03 08:45:31] [TRAIN] Prompt 16/48: rewards=[0.287, 0.0, 0.275, 0.188]
[2026-06-03 08:45:31] [TRAIN] Prompt 17 category: brainstorming
[2026-06-03 08:45:45] [TRAIN] Prompt 17/48: rewards=[0.175, 0.25, 0.312, 0.0]
[2026-06-03 08:45:45] [TRAIN] Prompt 18 category: creative writing
[2026-06-03 08:45:59] [TRAIN] Prompt 18/48: rewards=[0.312, 0.175, 0.0, 0.463]
[2026-06-03 08:45:59] [TRAIN] Prompt 19 category: translation
[2026-06-03 08:46:08] [TRAIN] Prompt 19/48: rewards=[0.5, 0.5, 1.0, 0.5]
[2026-06-03 08:46:22] [TRAIN] Prompt 20/48: rewards=[0.0, 0.0, 0.463, 0.287]
[2026-06-03 08:46:22] [TRAIN] Prompt 21 category: debugging
[2026-06-03 08:46:30] [TRAIN] Prompt 21/48: rewards=[0.275, 0.0, 0.0, 0.0]
[2026-06-03 08:46:45] [TRAIN] Prompt 22/48: rewards=[0.575, 0.0, 0.188, 0.825]
[2026-06-03 08:46:45] [TRAIN] Prompt 23 category: coding
[2026-06-03 08:46:53] [TRAIN] Prompt 23/48: rewards=[0.0, 0.0, 0.0, 0.2]
[2026-06-03 08:46:53] [TRAIN] Prompt 24 category: creative writing
[2026-06-03 08:47:08] [TRAIN] Prompt 24/48: rewards=[0.5, 0.0, 0.5, 0.5]
[2026-06-03 08:47:08] [TRAIN] Prompt 25 category: creative writing
[2026-06-03 08:47:19] [TRAIN] Prompt 25/48: rewards=[0.45, 0.55, 0.5, 0.5]
[2026-06-03 08:47:34] [TRAIN] Prompt 26/48: rewards=[0.0, 0.325, 0.0, 0.0]
[2026-06-03 08:47:34] [TRAIN] Prompt 27 category: copywriting
[2026-06-03 08:47:47] [TRAIN] Prompt 27/48: rewards=[0.5, 0.0, 0.4, 0.55]
[2026-06-03 08:47:47] [TRAIN] Prompt 28 category: debugging
[2026-06-03 08:47:53] [TRAIN] Prompt 28/48: rewards=[0.2, 0.2, 0.1, 0.0]
[2026-06-03 08:47:53] [TRAIN] Prompt 29 category: coding
[2026-06-03 08:48:01] [TRAIN] Prompt 29/48: rewards=[0.0, 0.0, 0.0, 0.0]
[2026-06-03 08:48:01] [TRAIN] Prompt 30 category: debating
[2026-06-03 08:48:15] [TRAIN] Prompt 30/48: rewards=[0.138, 0.25, 0.0, 0.0]
[2026-06-03 08:48:15] [TRAIN] Prompt 31 category: instruction following
[2026-06-03 08:48:29] [TRAIN] Prompt 31/48: rewards=[0.3, 0.375, 0.0, 0.237]
[2026-06-03 08:48:29] [TRAIN] Prompt 32 category: brainstorming
[2026-06-03 08:48:42] [TRAIN] Prompt 32/48: rewards=[0.287, 0.25, 0.312, 0.25]
[2026-06-03 08:48:42] [TRAIN] Prompt 33 category: brainstorming
[2026-06-03 08:48:57] [TRAIN] Prompt 33/48: rewards=[0.0, 0.0, 0.25, 0.0]
[2026-06-03 08:48:57] [TRAIN] Prompt 34 category: creative writing
[2026-06-03 08:49:09] [TRAIN] Prompt 34/48: rewards=[0.2, 0.412, 0.287, 0.362]
[2026-06-03 08:49:09] [TRAIN] Prompt 35 category: translation
[2026-06-03 08:49:22] [TRAIN] Prompt 35/48: rewards=[0.35, 0.0, 0.0, 0.138]
[2026-06-03 08:49:22] [TRAIN] Prompt 36 category: coding
[2026-06-03 08:49:29] [TRAIN] Prompt 36/48: rewards=[0.0, 0.0, 0.0, 0.0]
[2026-06-03 08:49:29] [TRAIN] Prompt 37 category: debugging
[2026-06-03 08:49:37] [TRAIN] Prompt 37/48: rewards=[0.0, 0.275, 0.225, 0.0]
[2026-06-03 08:49:37] [TRAIN] Prompt 38 category: debugging
[2026-06-03 08:49:45] [TRAIN] Prompt 38/48: rewards=[0.0, 0.0, 0.0, 0.0]
[2026-06-03 08:49:45] [TRAIN] Prompt 39 category: coding
[2026-06-03 08:49:53] [TRAIN] Prompt 39/48: rewards=[0.2, 0.0, 0.0, 0.0]
[2026-06-03 08:49:53] [TRAIN] Prompt 40 category: instruction following
[2026-06-03 08:50:06] [TRAIN] Prompt 40/48: rewards=[0.5, 0.487, 0.5, 0.5]
[2026-06-03 08:50:06] [TRAIN] Prompt 41 category: explanation
[2026-06-03 08:50:20] [TRAIN] Prompt 41/48: rewards=[0.312, 0.0, 0.087, 0.237]
[2026-06-03 08:50:34] [TRAIN] Prompt 42/48: rewards=[0.312, 0.375, 0.0, 0.287]
[2026-06-03 08:50:34] [TRAIN] Prompt 43 category: explanation
[2026-06-03 08:50:48] [TRAIN] Prompt 43/48: rewards=[0.575, 0.35, 0.325, 0.0]
[2026-06-03 08:50:48] [TRAIN] Prompt 44 category: coding
[2026-06-03 08:50:56] [TRAIN] Prompt 44/48: rewards=[0.0, 0.0, 0.0, 0.0]
[2026-06-03 08:50:56] [TRAIN] Prompt 45 category: logical reasoning
[2026-06-03 08:51:05] [TRAIN] Prompt 45/48: rewards=[0.575, 0.0, 0.65, 0.0]
[2026-06-03 08:51:05] [TRAIN] Prompt 46 category: math
[2026-06-03 08:51:13] [TRAIN] Prompt 46/48: rewards=[0.0, 0.0, 0.0, 0.5]
[2026-06-03 08:51:28] [TRAIN] Prompt 47/48: rewards=[0.0, 0.0, 0.0, 0.0]
[2026-06-03 08:51:28] [TRAIN] Prompt 48 category: explanation
[2026-06-03 08:51:43] [TRAIN] Prompt 48/48: rewards=[0.163, 0.225, 0.388, 0.0]
[2026-06-03 08:51:43] [TRAIN] Rewards: mean=0.178, 10/192 >0.5 (mode=rubric)
[2026-06-03 08:51:43] [TRAIN] Sleeping replicas via CheckpointEngineManager...
[2026-06-03 08:51:44] [TRAIN] Replicas asleep
[2026-06-03 08:51:44] [TRAIN] Training batch built: {'prompts': torch.Size([192, 377]), 'input_ids': torch.Size([192, 890]), 'attention_mask': torch.Size([192, 890]), 'position_ids': torch.Size([192, 890]), 'responses': torch.Size([192, 513])}
[2026-06-03 08:51:44] [TRAIN] rm_scores computed (last-token placement)
[2026-06-03 08:51:44] [TRAIN] response_mask computed
[2026-06-03 08:52:23] [TRAIN] old_log_probs computed
[2026-06-03 08:52:23] [TRAIN] GRPO advantages computed
[2026-06-03 08:55:20] [TRAIN] Actor update completed — loss=0.0047
[2026-06-03 08:55:21] [TRAIN] Weight sync done in 1.7s (wake handled internally)
[2026-06-03 08:55:21] [TRAIN] train_step completed in 885.4s — reward=0.178 (10/192), loss=0.0047, grad_norm=0.122 | score=0.178, rewards=0.178, adv=-0.004 | rlen=489, plen=58, abort=0.000 | tps=118.7 tok/s/gpu, gen=1.21ms/tok, actor=1.68ms/tok
[2026-06-03 08:55:21] [TRAIN] train_step start: 48 prompts x 4 = 192 total
[2026-06-03 08:55:21] [TRAIN] Generating 192 responses (48 prompts x 4) with 16 concurrent workers
[2026-06-03 08:55:31] [TRAIN] Gen 1/192: prompt=12 resp=2712
[2026-06-03 08:55:31] [TRAIN] Gen 14/192: prompt=496 resp=2692
[2026-06-03 08:55:31] [TRAIN] Gen 9/192: prompt=138 resp=2388
[2026-06-03 08:55:31] [TRAIN] Gen 5/192: prompt=12 resp=2330
[2026-06-03 08:55:31] [TRAIN] Gen 12/192: prompt=138 resp=2520
[2026-06-03 08:55:31] [TRAIN] Gen 8/192: prompt=12 resp=2275
[2026-06-03 08:55:31] [TRAIN] Gen 10/192: prompt=138 resp=2365
[2026-06-03 08:55:31] [TRAIN] Gen 15/192: prompt=496 resp=2606
[2026-06-03 08:55:31] [TRAIN] Gen 3/192: prompt=12 resp=2780
[2026-06-03 08:55:31] [TRAIN] Gen 2/192: prompt=12 resp=2837
[2026-06-03 08:55:31] [TRAIN] Gen 7/192: prompt=12 resp=2255
[2026-06-03 08:55:31] [TRAIN] Gen 16/192: prompt=496 resp=2719
[2026-06-03 08:55:31] [TRAIN] Gen 6/192: prompt=12 resp=2147
[2026-06-03 08:55:31] [TRAIN] Gen 11/192: prompt=138 resp=2475
[2026-06-03 08:55:31] [TRAIN] Gen 4/192: prompt=12 resp=2646
[2026-06-03 08:55:31] [TRAIN] Gen 13/192: prompt=496 resp=2509
[2026-06-03 08:55:37] [TRAIN] Gen 26/192: prompt=13 resp=1649
[2026-06-03 08:55:38] [TRAIN] Gen 28/192: prompt=13 resp=1815
[2026-06-03 08:55:40] [TRAIN] Gen 17/192: prompt=312 resp=2419
[2026-06-03 08:55:41] [TRAIN] Gen 31/192: prompt=95 resp=1636
[2026-06-03 08:55:41] [TRAIN] Gen 30/192: prompt=95 resp=1690
[2026-06-03 08:55:41] [TRAIN] Gen 29/192: prompt=95 resp=1496
[2026-06-03 08:55:41] [TRAIN] Gen 24/192: prompt=14 resp=2175
[2026-06-03 08:55:41] [TRAIN] Gen 23/192: prompt=14 resp=2169
[2026-06-03 08:55:41] [TRAIN] Gen 21/192: prompt=14 resp=2219
[2026-06-03 08:55:41] [TRAIN] Gen 22/192: prompt=14 resp=2241
[2026-06-03 08:55:41] [TRAIN] Gen 32/192: prompt=95 resp=1911
[2026-06-03 08:55:41] [TRAIN] Gen 19/192: prompt=312 resp=2465
[2026-06-03 08:55:41] [TRAIN] Gen 27/192: prompt=13 resp=2574
[2026-06-03 08:55:41] [TRAIN] Gen 18/192: prompt=312 resp=2427
[2026-06-03 08:55:41] [TRAIN] Gen 25/192: prompt=13 resp=2417
[2026-06-03 08:55:41] [TRAIN] Gen 20/192: prompt=312 resp=2462
[2026-06-03 08:55:47] [TRAIN] Gen 33/192: prompt=60 resp=2149
[2026-06-03 08:55:48] [TRAIN] Gen 34/192: prompt=60 resp=2010
[2026-06-03 08:55:50] [TRAIN] Gen 35/192: prompt=60 resp=2047
[2026-06-03 08:55:50] [TRAIN] Gen 44/192: prompt=15 resp=2009
[2026-06-03 08:55:50] [TRAIN] Gen 42/192: prompt=15 resp=2097
[2026-06-03 08:55:50] [TRAIN] Gen 47/192: prompt=29 resp=1787
[2026-06-03 08:55:50] [TRAIN] Gen 40/192: prompt=9 resp=2433
[2026-06-03 08:55:50] [TRAIN] Gen 43/192: prompt=15 resp=1911
[2026-06-03 08:55:50] [TRAIN] Gen 38/192: prompt=9 resp=2392
[2026-06-03 08:55:50] [TRAIN] Gen 36/192: prompt=60 resp=2018
[2026-06-03 08:55:50] [TRAIN] Gen 48/192: prompt=29 resp=1986
[2026-06-03 08:55:50] [TRAIN] Gen 46/192: prompt=29 resp=1932
[2026-06-03 08:55:50] [TRAIN] Gen 45/192: prompt=29 resp=2014
[2026-06-03 08:55:50] [TRAIN] Gen 37/192: prompt=9 resp=2401
[2026-06-03 08:55:50] [TRAIN] Gen 41/192: prompt=15 resp=1984
[2026-06-03 08:55:50] [TRAIN] Gen 39/192: prompt=9 resp=2468
[2026-06-03 08:55:54] [TRAIN] Gen 55/192: prompt=7 resp=961
[2026-06-03 08:55:55] [TRAIN] Gen 54/192: prompt=7 resp=1270
[2026-06-03 08:55:56] [TRAIN] Gen 49/192: prompt=23 resp=2404
[2026-06-03 08:55:56] [TRAIN] Gen 56/192: prompt=7 resp=1601
[2026-06-03 08:55:57] [TRAIN] Gen 50/192: prompt=23 resp=2537
[2026-06-03 08:55:58] [TRAIN] Gen 53/192: prompt=7 resp=1907
[2026-06-03 08:55:59] [TRAIN] Gen 51/192: prompt=23 resp=2396
[2026-06-03 08:55:59] [TRAIN] Gen 62/192: prompt=31 resp=1770
[2026-06-03 08:55:59] [TRAIN] Gen 58/192: prompt=8 resp=2609
[2026-06-03 08:55:59] [TRAIN] Gen 60/192: prompt=8 resp=2552
[2026-06-03 08:55:59] [TRAIN] Gen 64/192: prompt=31 resp=2044
[2026-06-03 08:55:59] [TRAIN] Gen 63/192: prompt=31 resp=1737
[2026-06-03 08:55:59] [TRAIN] Gen 52/192: prompt=23 resp=2472
[2026-06-03 08:55:59] [TRAIN] Gen 57/192: prompt=8 resp=2609
[2026-06-03 08:55:59] [TRAIN] Gen 59/192: prompt=8 resp=2420
[2026-06-03 08:55:59] [TRAIN] Gen 61/192: prompt=31 resp=1680
[2026-06-03 08:56:03] [TRAIN] Gen 65/192: prompt=9 resp=2412
[2026-06-03 08:56:04] [TRAIN] Gen 66/192: prompt=9 resp=2320
[2026-06-03 08:56:05] [TRAIN] Gen 67/192: prompt=9 resp=2483
[2026-06-03 08:56:06] [TRAIN] Gen 68/192: prompt=9 resp=2374
[2026-06-03 08:56:06] [TRAIN] Gen 69/192: prompt=38 resp=2828
[2026-06-03 08:56:07] [TRAIN] Gen 70/192: prompt=38 resp=2756
[2026-06-03 08:56:08] [TRAIN] Gen 71/192: prompt=38 resp=2880
[2026-06-03 08:56:09] [TRAIN] Gen 80/192: prompt=19 resp=2458
[2026-06-03 08:56:09] [TRAIN] Gen 78/192: prompt=19 resp=2373
[2026-06-03 08:56:09] [TRAIN] Gen 74/192: prompt=13 resp=2875
[2026-06-03 08:56:09] [TRAIN] Gen 75/192: prompt=13 resp=2683
[2026-06-03 08:56:09] [TRAIN] Gen 72/192: prompt=38 resp=2923
[2026-06-03 08:56:09] [TRAIN] Gen 73/192: prompt=13 resp=2792
[2026-06-03 08:56:09] [TRAIN] Gen 76/192: prompt=13 resp=2828
[2026-06-03 08:56:09] [TRAIN] Gen 77/192: prompt=19 resp=2430
[2026-06-03 08:56:09] [TRAIN] Gen 79/192: prompt=19 resp=2386
[2026-06-03 08:56:10] [TRAIN] Gen 81/192: prompt=23 resp=1576
[2026-06-03 08:56:10] [TRAIN] Gen 82/192: prompt=23 resp=1490
[2026-06-03 08:56:12] [TRAIN] Gen 84/192: prompt=23 resp=1549
[2026-06-03 08:56:13] [TRAIN] Gen 83/192: prompt=23 resp=1792
[2026-06-03 08:56:16] [TRAIN] Gen 85/192: prompt=39 resp=2544
[2026-06-03 08:56:16] [TRAIN] Gen 86/192: prompt=39 resp=2402
[2026-06-03 08:56:18] [TRAIN] Gen 87/192: prompt=39 resp=2526
[2026-06-03 08:56:18] [TRAIN] Gen 94/192: prompt=58 resp=2420
[2026-06-03 08:56:18] [TRAIN] Gen 93/192: prompt=58 resp=2383
[2026-06-03 08:56:18] [TRAIN] Gen 88/192: prompt=39 resp=2573
[2026-06-03 08:56:18] [TRAIN] Gen 89/192: prompt=80 resp=2417
[2026-06-03 08:56:18] [TRAIN] Gen 95/192: prompt=58 resp=2403
[2026-06-03 08:56:18] [TRAIN] Gen 92/192: prompt=80 resp=2478
[2026-06-03 08:56:18] [TRAIN] Gen 90/192: prompt=80 resp=2474
[2026-06-03 08:56:18] [TRAIN] Gen 91/192: prompt=80 resp=2476
[2026-06-03 08:56:18] [TRAIN] Gen 96/192: prompt=58 resp=2407
[2026-06-03 08:56:19] [TRAIN] Gen 97/192: prompt=5 resp=2175
[2026-06-03 08:56:20] [TRAIN] Gen 98/192: prompt=5 resp=2173
[2026-06-03 08:56:21] [TRAIN] Gen 99/192: prompt=5 resp=2127
[2026-06-03 08:56:23] [TRAIN] Gen 100/192: prompt=5 resp=2149
[2026-06-03 08:56:25] [TRAIN] Gen 101/192: prompt=17 resp=2508
[2026-06-03 08:56:26] [TRAIN] Gen 102/192: prompt=17 resp=2499
[2026-06-03 08:56:27] [TRAIN] Gen 103/192: prompt=17 resp=2443
[2026-06-03 08:56:27] [TRAIN] Gen 109/192: prompt=7 resp=2500
[2026-06-03 08:56:27] [TRAIN] Gen 105/192: prompt=9 resp=2373
[2026-06-03 08:56:27] [TRAIN] Gen 111/192: prompt=7 resp=2604
[2026-06-03 08:56:27] [TRAIN] Gen 107/192: prompt=9 resp=2385
[2026-06-03 08:56:27] [TRAIN] Gen 108/192: prompt=9 resp=2232
[2026-06-03 08:56:27] [TRAIN] Gen 104/192: prompt=17 resp=2334
[2026-06-03 08:56:27] [TRAIN] Gen 110/192: prompt=7 resp=2410
[2026-06-03 08:56:27] [TRAIN] Gen 106/192: prompt=9 resp=2231
[2026-06-03 08:56:27] [TRAIN] Gen 112/192: prompt=7 resp=2425
[2026-06-03 08:56:28] [TRAIN] Gen 113/192: prompt=213 resp=2476
[2026-06-03 08:56:29] [TRAIN] Gen 114/192: prompt=213 resp=2378
[2026-06-03 08:56:31] [TRAIN] Gen 115/192: prompt=213 resp=2465
[2026-06-03 08:56:32] [TRAIN] Gen 116/192: prompt=213 resp=2370
[2026-06-03 08:56:34] [TRAIN] Gen 117/192: prompt=15 resp=2555
[2026-06-03 08:56:35] [TRAIN] Gen 118/192: prompt=15 resp=2665
[2026-06-03 08:56:36] [TRAIN] Gen 119/192: prompt=15 resp=2584
[2026-06-03 08:56:37] [TRAIN] Gen 122/192: prompt=34 resp=2443
[2026-06-03 08:56:37] [TRAIN] Gen 127/192: prompt=29 resp=2366
[2026-06-03 08:56:37] [TRAIN] Gen 121/192: prompt=34 resp=2640
[2026-06-03 08:56:37] [TRAIN] Gen 120/192: prompt=15 resp=2675
[2026-06-03 08:56:37] [TRAIN] Gen 126/192: prompt=29 resp=2410
[2026-06-03 08:56:37] [TRAIN] Gen 125/192: prompt=29 resp=2407
[2026-06-03 08:56:37] [TRAIN] Gen 124/192: prompt=34 resp=2451
[2026-06-03 08:56:37] [TRAIN] Gen 123/192: prompt=34 resp=2596
[2026-06-03 08:56:37] [TRAIN] Gen 128/192: prompt=29 resp=2363
[2026-06-03 08:56:38] [TRAIN] Gen 129/192: prompt=64 resp=2068
[2026-06-03 08:56:38] [TRAIN] Gen 130/192: prompt=64 resp=2022
[2026-06-03 08:56:40] [TRAIN] Gen 131/192: prompt=64 resp=2014
[2026-06-03 08:56:41] [TRAIN] Gen 132/192: prompt=64 resp=2055
[2026-06-03 08:56:43] [TRAIN] Gen 133/192: prompt=13 resp=2299
[2026-06-03 08:56:44] [TRAIN] Gen 134/192: prompt=13 resp=2473
[2026-06-03 08:56:46] [TRAIN] Gen 135/192: prompt=13 resp=2411
[2026-06-03 08:56:46] [TRAIN] Gen 138/192: prompt=19 resp=2584
[2026-06-03 08:56:46] [TRAIN] Gen 141/192: prompt=263 resp=2019
[2026-06-03 08:56:46] [TRAIN] Gen 142/192: prompt=263 resp=1760
[2026-06-03 08:56:46] [TRAIN] Gen 140/192: prompt=19 resp=2590
[2026-06-03 08:56:46] [TRAIN] Gen 139/192: prompt=19 resp=2615
[2026-06-03 08:56:46] [TRAIN] Gen 136/192: prompt=13 resp=2412
[2026-06-03 08:56:46] [TRAIN] Gen 143/192: prompt=263 resp=2156
[2026-06-03 08:56:46] [TRAIN] Gen 137/192: prompt=19 resp=2800
[2026-06-03 08:56:46] [TRAIN] Gen 144/192: prompt=263 resp=2109
[2026-06-03 08:56:47] [TRAIN] Gen 145/192: prompt=34 resp=2403
[2026-06-03 08:56:48] [TRAIN] Gen 146/192: prompt=34 resp=2379
[2026-06-03 08:56:49] [TRAIN] Gen 147/192: prompt=34 resp=2379
[2026-06-03 08:56:51] [TRAIN] Gen 148/192: prompt=34 resp=2380
[2026-06-03 08:56:53] [TRAIN] Gen 149/192: prompt=10 resp=2416
[2026-06-03 08:56:54] [TRAIN] Gen 150/192: prompt=10 resp=2437
[2026-06-03 08:56:55] [TRAIN] Gen 151/192: prompt=10 resp=2470
[2026-06-03 08:56:55] [TRAIN] Gen 160/192: prompt=18 resp=2381
[2026-06-03 08:56:55] [TRAIN] Gen 154/192: prompt=19 resp=2219
[2026-06-03 08:56:55] [TRAIN] Gen 152/192: prompt=10 resp=2428
[2026-06-03 08:56:55] [TRAIN] Gen 156/192: prompt=19 resp=2278
[2026-06-03 08:56:55] [TRAIN] Gen 155/192: prompt=19 resp=2319
[2026-06-03 08:56:55] [TRAIN] Gen 153/192: prompt=19 resp=2307
[2026-06-03 08:56:55] [TRAIN] Gen 157/192: prompt=18 resp=2429
[2026-06-03 08:56:55] [TRAIN] Gen 159/192: prompt=18 resp=2380
[2026-06-03 08:56:55] [TRAIN] Gen 158/192: prompt=18 resp=2449
[2026-06-03 08:56:56] [TRAIN] Gen 161/192: prompt=28 resp=2609
[2026-06-03 08:56:57] [TRAIN] Gen 162/192: prompt=28 resp=2612
[2026-06-03 08:56:59] [TRAIN] Gen 163/192: prompt=28 resp=2687
[2026-06-03 08:57:00] [TRAIN] Gen 164/192: prompt=28 resp=2764
[2026-06-03 08:57:03] [TRAIN] Gen 165/192: prompt=46 resp=2184
[2026-06-03 08:57:03] [TRAIN] Gen 166/192: prompt=46 resp=2198
[2026-06-03 08:57:05] [TRAIN] Gen 167/192: prompt=46 resp=2303
[2026-06-03 08:57:05] [TRAIN] Gen 170/192: prompt=10 resp=2526
[2026-06-03 08:57:05] [TRAIN] Gen 171/192: prompt=10 resp=2543
[2026-06-03 08:57:05] [TRAIN] Gen 174/192: prompt=8 resp=2438
[2026-06-03 08:57:05] [TRAIN] Gen 176/192: prompt=8 resp=2460
[2026-06-03 08:57:05] [TRAIN] Gen 175/192: prompt=8 resp=2404
[2026-06-03 08:57:05] [TRAIN] Gen 168/192: prompt=46 resp=2224
[2026-06-03 08:57:05] [TRAIN] Gen 173/192: prompt=8 resp=2346
[2026-06-03 08:57:05] [TRAIN] Gen 172/192: prompt=10 resp=2392
[2026-06-03 08:57:05] [TRAIN] Gen 169/192: prompt=10 resp=2535
[2026-06-03 08:57:06] [TRAIN] Gen 177/192: prompt=4 resp=2386
[2026-06-03 08:57:07] [TRAIN] Gen 178/192: prompt=4 resp=2406
[2026-06-03 08:57:08] [TRAIN] Gen 179/192: prompt=4 resp=2459
[2026-06-03 08:57:09] [TRAIN] Gen 180/192: prompt=4 resp=2474
[2026-06-03 08:57:12] [TRAIN] Gen 181/192: prompt=17 resp=2105
[2026-06-03 08:57:13] [TRAIN] Gen 182/192: prompt=17 resp=1934
[2026-06-03 08:57:14] [TRAIN] Gen 183/192: prompt=17 resp=1997
[2026-06-03 08:57:14] [TRAIN] Gen 190/192: prompt=35 resp=1778
[2026-06-03 08:57:14] [TRAIN] Gen 191/192: prompt=35 resp=1939
[2026-06-03 08:57:14] [TRAIN] Gen 184/192: prompt=17 resp=2099
[2026-06-03 08:57:14] [TRAIN] Gen 185/192: prompt=16 resp=2126
[2026-06-03 08:57:14] [TRAIN] Gen 186/192: prompt=16 resp=2272
[2026-06-03 08:57:14] [TRAIN] Gen 189/192: prompt=35 resp=2046
[2026-06-03 08:57:14] [TRAIN] Gen 188/192: prompt=16 resp=2040
[2026-06-03 08:57:14] [TRAIN] Gen 187/192: prompt=16 resp=2081
[2026-06-03 08:57:14] [TRAIN] Gen 192/192: prompt=35 resp=2118
[2026-06-03 08:57:14] [TRAIN] Generation done in 113.0s
[2026-06-03 08:57:28] [TRAIN] Prompt 1/48: rewards=[0.15, 0.35, 0.0, 0.138]
[2026-06-03 08:57:28] [TRAIN] Prompt 2 category: coding
[2026-06-03 08:57:36] [TRAIN] Prompt 2/48: rewards=[0.0, 0.225, 0.0, 0.0]
[2026-06-03 08:57:36] [TRAIN] Prompt 3 category: creative writing
[2026-06-03 08:57:48] [TRAIN] Prompt 3/48: rewards=[0.175, 0.0, 0.425, 0.312]
[2026-06-03 08:57:48] [TRAIN] Prompt 4 category: coding
[2026-06-03 08:57:55] [TRAIN] Prompt 4/48: rewards=[0.0, 0.0, 0.0, 0.0]
[2026-06-03 08:57:55] [TRAIN] Prompt 5 category: debugging
[2026-06-03 08:58:00] [TRAIN] Prompt 5/48: rewards=[0.0, 0.0, 0.0, 0.0]
[2026-06-03 08:58:00] [TRAIN] Prompt 6 category: explanation
[2026-06-03 08:58:13] [TRAIN] Prompt 6/48: rewards=[0.35, 0.338, 0.275, 0.312]
[2026-06-03 08:58:29] [TRAIN] Prompt 7/48: rewards=[0.6, 0.438, 0.0, 0.412]
[2026-06-03 08:58:29] [TRAIN] Prompt 8 category: math
[2026-06-03 08:58:37] [TRAIN] Prompt 8/48: rewards=[0.0, 0.0, 0.0, 0.0]
[2026-06-03 08:58:37] [TRAIN] Prompt 9 category: coding
[2026-06-03 08:58:45] [TRAIN] Prompt 9/48: rewards=[0.0, 0.0, 0.15, 0.1]
[2026-06-03 08:58:45] [TRAIN] Prompt 10 category: explanation
[2026-06-03 08:59:00] [TRAIN] Prompt 10/48: rewards=[0.275, 0.0, 0.375, 0.1]
[2026-06-03 08:59:00] [TRAIN] Prompt 11 category: coding
[2026-06-03 08:59:07] [TRAIN] Prompt 11/48: rewards=[0.0, 0.0, 0.0, 0.0]
[2026-06-03 08:59:21] [TRAIN] Prompt 12/48: rewards=[0.3, 0.325, 0.175, 0.0]
[2026-06-03 08:59:21] [TRAIN] Prompt 13 category: brainstorming
[2026-06-03 08:59:34] [TRAIN] Prompt 13/48: rewards=[0.175, 0.175, 0.0, 0.4]
[2026-06-03 08:59:34] [TRAIN] Prompt 14 category: copywriting
[2026-06-03 08:59:49] [TRAIN] Prompt 14/48: rewards=[0.5, 0.5, 0.55, 0.0]
[2026-06-03 08:59:49] [TRAIN] Prompt 15 category: explanation
[2026-06-03 09:00:03] [TRAIN] Prompt 15/48: rewards=[0.2, 0.325, 0.0, 0.325]
[2026-06-03 09:00:03] [TRAIN] Prompt 16 category: coding
[2026-06-03 09:00:13] [TRAIN] Prompt 16/48: rewards=[0.0, 0.0, 0.0, 0.0]
[2026-06-03 09:00:13] [TRAIN] Prompt 17 category: translation
[2026-06-03 09:00:25] [TRAIN] Prompt 17/48: rewards=[0.438, 0.45, 0.362, 0.975]
[2026-06-03 09:00:38] [TRAIN] Prompt 18/48: rewards=[0.275, 0.362, 0.388, 0.362]
[2026-06-03 09:00:51] [TRAIN] Prompt 19/48: rewards=[0.4, 0.263, 0.287, 0.263]
[2026-06-03 09:00:51] [TRAIN] Prompt 20 category: coding
[2026-06-03 09:00:59] [TRAIN] Prompt 20/48: rewards=[0.15, 0.225, 0.0, 0.1]
[2026-06-03 09:00:59] [TRAIN] Prompt 21 category: coding
[2026-06-03 09:01:07] [TRAIN] Prompt 21/48: rewards=[0.0, 0.0, 0.0, 0.0]
[2026-06-03 09:01:07] [TRAIN] Prompt 22 category: coding
[2026-06-03 09:01:12] [TRAIN] Prompt 22/48: rewards=[0.0, 0.225, 0.0, 0.2]
[2026-06-03 09:01:12] [TRAIN] Prompt 23 category: coding
[2026-06-03 09:01:20] [TRAIN] Prompt 23/48: rewards=[0.175, 0.0, 0.0, 0.0]
[2026-06-03 09:01:20] [TRAIN] Prompt 24 category: instruction following
[2026-06-03 09:01:34] [TRAIN] Prompt 24/48: rewards=[0.2, 0.212, 0.3, 0.35]
[2026-06-03 09:01:34] [TRAIN] Prompt 25 category: debugging
[2026-06-03 09:01:42] [TRAIN] Prompt 25/48: rewards=[0.0, 0.2, 0.0, 0.15]
[2026-06-03 09:01:42] [TRAIN] Prompt 26 category: creative writing
[2026-06-03 09:01:53] [TRAIN] Prompt 26/48: rewards=[0.188, 0.225, 0.287, 0.138]
[2026-06-03 09:02:09] [TRAIN] Prompt 27/48: rewards=[0.0, 0.0, 0.0, 0.0]
[2026-06-03 09:02:09] [TRAIN] Prompt 28 category: coding
[2026-06-03 09:02:17] [TRAIN] Prompt 28/48: rewards=[0.175, 0.1, 0.0, 0.0]
[2026-06-03 09:02:17] [TRAIN] Prompt 29 category: creative writing
[2026-06-03 09:02:30] [TRAIN] Prompt 29/48: rewards=[0.425, 0.338, 0.438, 0.275]
[2026-06-03 09:02:30] [TRAIN] Prompt 30 category: creative writing
[2026-06-03 09:02:42] [TRAIN] Prompt 30/48: rewards=[0.338, 0.212, 0.113, 0.037]
[2026-06-03 09:02:42] [TRAIN] Prompt 31 category: coding
[2026-06-03 09:02:49] [TRAIN] Prompt 31/48: rewards=[0.15, 0.0, 0.2, 0.1]
[2026-06-03 09:02:49] [TRAIN] Prompt 32 category: coding
[2026-06-03 09:02:57] [TRAIN] Prompt 32/48: rewards=[0.15, 0.1, 0.2, 0.0]
[2026-06-03 09:02:57] [TRAIN] Prompt 33 category: debugging
[2026-06-03 09:03:06] [TRAIN] Prompt 33/48: rewards=[0.2, 0.2, 0.0, 0.0]
[2026-06-03 09:03:06] [TRAIN] Prompt 34 category: coding
[2026-06-03 09:03:15] [TRAIN] Prompt 34/48: rewards=[0.0, 0.0, 0.0, 0.2]
[2026-06-03 09:03:15] [TRAIN] Prompt 35 category: brainstorming
[2026-06-03 09:03:30] [TRAIN] Prompt 35/48: rewards=[0.075, 0.25, 0.0, 0.0]
[2026-06-03 09:03:30] [TRAIN] Prompt 36 category: coding
[2026-06-03 09:03:35] [TRAIN] Prompt 36/48: rewards=[0.0, 0.0, 0.0, 0.0]
[2026-06-03 09:03:35] [TRAIN] Prompt 37 category: coding
[2026-06-03 09:03:43] [TRAIN] Prompt 37/48: rewards=[0.175, 0.15, 0.0, 0.0]
[2026-06-03 09:03:43] [TRAIN] Prompt 38 category: creative writing
[2026-06-03 09:03:58] [TRAIN] Prompt 38/48: rewards=[0.0, 0.1, 0.0, 0.2]
[2026-06-03 09:04:15] [TRAIN] Prompt 39/48: rewards=[0.0, 0.3, 0.275, 0.0]
[2026-06-03 09:04:15] [TRAIN] Prompt 40 category: explanation
[2026-06-03 09:04:30] [TRAIN] Prompt 40/48: rewards=[0.388, 0.375, 0.438, 0.0]
[2026-06-03 09:04:30] [TRAIN] Prompt 41 category: coding
[2026-06-03 09:04:36] [TRAIN] Prompt 41/48: rewards=[0.0, 0.225, 0.0, 0.0]
[2026-06-03 09:04:36] [TRAIN] Prompt 42 category: explanation
[2026-06-03 09:04:50] [TRAIN] Prompt 42/48: rewards=[0.0, 0.537, 0.175, 0.312]
[2026-06-03 09:04:50] [TRAIN] Prompt 43 category: explanation
[2026-06-03 09:05:04] [TRAIN] Prompt 43/48: rewards=[0.275, 0.263, 0.212, 0.237]
[2026-06-03 09:05:04] [TRAIN] Prompt 44 category: creative writing
[2026-06-03 09:05:14] [TRAIN] Prompt 44/48: rewards=[0.263, 0.0, 0.325, 0.338]
[2026-06-03 09:05:14] [TRAIN] Prompt 45 category: explanation
[2026-06-03 09:05:27] [TRAIN] Prompt 45/48: rewards=[0.0, 0.0, 0.388, 0.388]
[2026-06-03 09:05:27] [TRAIN] Prompt 46 category: brainstorming
[2026-06-03 09:05:41] [TRAIN] Prompt 46/48: rewards=[0.188, 0.0, 0.0, 0.338]
[2026-06-03 09:05:41] [TRAIN] Prompt 47 category: creative writing
[2026-06-03 09:05:55] [TRAIN] Prompt 47/48: rewards=[0.163, 0.163, 0.225, 0.0]
[2026-06-03 09:06:10] [TRAIN] Prompt 48/48: rewards=[0.325, 0.0, 0.0, 0.0]
[2026-06-03 09:06:10] [TRAIN] Rewards: mean=0.154, 4/192 >0.5 (mode=rubric)
[2026-06-03 09:06:10] [TRAIN] Sleeping replicas via CheckpointEngineManager...
[2026-06-03 09:06:11] [TRAIN] Replicas asleep
[2026-06-03 09:06:11] [TRAIN] Training batch built: {'prompts': torch.Size([192, 496]), 'input_ids': torch.Size([192, 1008]), 'attention_mask': torch.Size([192, 1008]), 'position_ids': torch.Size([192, 1008]), 'responses': torch.Size([192, 512])}
[2026-06-03 09:06:11] [TRAIN] rm_scores computed (last-token placement)
[2026-06-03 09:06:11] [TRAIN] response_mask computed
[2026-06-03 09:06:51] [TRAIN] old_log_probs computed
[2026-06-03 09:06:51] [TRAIN] GRPO advantages computed
[2026-06-03 09:09:49] [TRAIN] Actor update completed — loss=0.0017
[2026-06-03 09:09:51] [TRAIN] Weight sync done in 1.8s (wake handled internally)
[2026-06-03 09:09:51] [TRAIN] train_step completed in 869.5s — reward=0.154 (4/192), loss=0.0017, grad_norm=0.114 | score=0.154, rewards=0.154, adv=-0.002 | rlen=503, plen=52, abort=0.000 | tps=122.5 tok/s/gpu, gen=1.17ms/tok, actor=1.68ms/tok
[2026-06-03 09:09:51] [TRAIN] train_step start: 48 prompts x 4 = 192 total
[2026-06-03 09:09:51] [TRAIN] Generating 192 responses (48 prompts x 4) with 16 concurrent workers
[2026-06-03 09:10:01] [TRAIN] Gen 1/192: prompt=9 resp=2025
[2026-06-03 09:10:01] [TRAIN] Gen 2/192: prompt=9 resp=2178
[2026-06-03 09:10:01] [TRAIN] Gen 11/192: prompt=11 resp=2290
[2026-06-03 09:10:01] [TRAIN] Gen 9/192: prompt=11 resp=2369
[2026-06-03 09:10:01] [TRAIN] Gen 6/192: prompt=43 resp=2379
[2026-06-03 09:10:01] [TRAIN] Gen 3/192: prompt=9 resp=2084
[2026-06-03 09:10:01] [TRAIN] Gen 7/192: prompt=43 resp=2347
[2026-06-03 09:10:01] [TRAIN] Gen 8/192: prompt=43 resp=2381
[2026-06-03 09:10:01] [TRAIN] Gen 4/192: prompt=9 resp=2208
[2026-06-03 09:10:01] [TRAIN] Gen 10/192: prompt=11 resp=2336
[2026-06-03 09:10:01] [TRAIN] Gen 5/192: prompt=43 resp=2282
[2026-06-03 09:10:01] [TRAIN] Gen 15/192: prompt=8 resp=2136
[2026-06-03 09:10:01] [TRAIN] Gen 13/192: prompt=8 resp=2017
[2026-06-03 09:10:01] [TRAIN] Gen 16/192: prompt=8 resp=2045
[2026-06-03 09:10:01] [TRAIN] Gen 12/192: prompt=11 resp=2212
[2026-06-03 09:10:01] [TRAIN] Gen 14/192: prompt=8 resp=1912
[2026-06-03 09:10:04] [TRAIN] Gen 32/192: prompt=15 resp=715
[2026-06-03 09:10:09] [TRAIN] Gen 30/192: prompt=15 resp=1823
[2026-06-03 09:10:10] [TRAIN] Gen 17/192: prompt=6 resp=2461
[2026-06-03 09:10:10] [TRAIN] Gen 29/192: prompt=15 resp=2115
[2026-06-03 09:10:10] [TRAIN] Gen 21/192: prompt=77 resp=2275
[2026-06-03 09:10:10] [TRAIN] Gen 22/192: prompt=77 resp=2357
[2026-06-03 09:10:10] [TRAIN] Gen 19/192: prompt=6 resp=2472
[2026-06-03 09:10:10] [TRAIN] Gen 18/192: prompt=6 resp=2577
[2026-06-03 09:10:10] [TRAIN] Gen 25/192: prompt=12 resp=2515
[2026-06-03 09:10:10] [TRAIN] Gen 24/192: prompt=77 resp=2167
[2026-06-03 09:10:10] [TRAIN] Gen 27/192: prompt=12 resp=2706
[2026-06-03 09:10:10] [TRAIN] Gen 26/192: prompt=12 resp=2575
[2026-06-03 09:10:10] [TRAIN] Gen 28/192: prompt=12 resp=2459
[2026-06-03 09:10:10] [TRAIN] Gen 23/192: prompt=77 resp=2241
[2026-06-03 09:10:10] [TRAIN] Gen 20/192: prompt=6 resp=2495
[2026-06-03 09:10:10] [TRAIN] Gen 31/192: prompt=15 resp=2188
[2026-06-03 09:10:13] [TRAIN] Gen 35/192: prompt=8 resp=510
[2026-06-03 09:10:13] [TRAIN] Gen 36/192: prompt=8 resp=585
[2026-06-03 09:10:14] [TRAIN] Gen 33/192: prompt=8 resp=2328
[2026-06-03 09:10:15] [TRAIN] Gen 34/192: prompt=8 resp=1197
[2026-06-03 09:10:17] [TRAIN] Gen 42/192: prompt=10 resp=1293
[2026-06-03 09:10:18] [TRAIN] Gen 44/192: prompt=10 resp=1556
[2026-06-03 09:10:20] [TRAIN] Gen 43/192: prompt=10 resp=1868
[2026-06-03 09:10:20] [TRAIN] Gen 39/192: prompt=17 resp=2323
[2026-06-03 09:10:20] [TRAIN] Gen 38/192: prompt=17 resp=2247
[2026-06-03 09:10:20] [TRAIN] Gen 40/192: prompt=17 resp=2372
[2026-06-03 09:10:20] [TRAIN] Gen 37/192: prompt=17 resp=2242
[2026-06-03 09:10:20] [TRAIN] Gen 47/192: prompt=48 resp=1806
[2026-06-03 09:10:20] [TRAIN] Gen 41/192: prompt=10 resp=2061
[2026-06-03 09:10:20] [TRAIN] Gen 45/192: prompt=48 resp=2177
[2026-06-03 09:10:20] [TRAIN] Gen 46/192: prompt=48 resp=2185
[2026-06-03 09:10:20] [TRAIN] Gen 48/192: prompt=48 resp=1954
[2026-06-03 09:10:22] [TRAIN] Gen 49/192: prompt=335 resp=2202
[2026-06-03 09:10:23] [TRAIN] Gen 50/192: prompt=335 resp=2234
[2026-06-03 09:10:23] [TRAIN] Gen 51/192: prompt=335 resp=2086
[2026-06-03 09:10:24] [TRAIN] Gen 52/192: prompt=335 resp=1955
[2026-06-03 09:10:27] [TRAIN] Gen 53/192: prompt=16 resp=2477
[2026-06-03 09:10:28] [TRAIN] Gen 54/192: prompt=16 resp=2487
[2026-06-03 09:10:28] [TRAIN] Gen 64/192: prompt=95 resp=2315
[2026-06-03 09:10:28] [TRAIN] Gen 59/192: prompt=17 resp=2396
[2026-06-03 09:10:29] [TRAIN] Gen 61/192: prompt=95 resp=2401
[2026-06-03 09:10:29] [TRAIN] Gen 62/192: prompt=95 resp=2397
[2026-06-03 09:10:29] [TRAIN] Gen 55/192: prompt=16 resp=2418
[2026-06-03 09:10:29] [TRAIN] Gen 58/192: prompt=17 resp=2673
[2026-06-03 09:10:29] [TRAIN] Gen 57/192: prompt=17 resp=2532
[2026-06-03 09:10:29] [TRAIN] Gen 56/192: prompt=16 resp=2458
[2026-06-03 09:10:29] [TRAIN] Gen 60/192: prompt=17 resp=2531
[2026-06-03 09:10:29] [TRAIN] Gen 63/192: prompt=95 resp=2523
[2026-06-03 09:10:32] [TRAIN] Gen 65/192: prompt=16 resp=2393
[2026-06-03 09:10:32] [TRAIN] Gen 66/192: prompt=16 resp=2370
[2026-06-03 09:10:33] [TRAIN] Gen 67/192: prompt=16 resp=2238
[2026-06-03 09:10:33] [TRAIN] Gen 68/192: prompt=16 resp=2336
[2026-06-03 09:10:36] [TRAIN] Gen 69/192: prompt=47 resp=2514
[2026-06-03 09:10:37] [TRAIN] Gen 70/192: prompt=47 resp=2608
[2026-06-03 09:10:37] [TRAIN] Gen 72/192: prompt=47 resp=2368
[2026-06-03 09:10:38] [TRAIN] Gen 71/192: prompt=47 resp=2507
[2026-06-03 09:10:38] [TRAIN] Gen 73/192: prompt=68 resp=1463
[2026-06-03 09:10:38] [TRAIN] Gen 74/192: prompt=68 resp=1678
[2026-06-03 09:10:39] [TRAIN] Gen 75/192: prompt=68 resp=1372
[2026-06-03 09:10:39] [TRAIN] Gen 78/192: prompt=28 resp=2238
[2026-06-03 09:10:39] [TRAIN] Gen 76/192: prompt=68 resp=1597
[2026-06-03 09:10:39] [TRAIN] Gen 77/192: prompt=28 resp=2356
[2026-06-03 09:10:39] [TRAIN] Gen 79/192: prompt=28 resp=2401
[2026-06-03 09:10:39] [TRAIN] Gen 80/192: prompt=28 resp=2216
[2026-06-03 09:10:41] [TRAIN] Gen 81/192: prompt=33 resp=2146
[2026-06-03 09:10:41] [TRAIN] Gen 82/192: prompt=33 resp=2207
[2026-06-03 09:10:42] [TRAIN] Gen 83/192: prompt=33 resp=2193
[2026-06-03 09:10:43] [TRAIN] Gen 84/192: prompt=33 resp=2157
[2026-06-03 09:10:45] [TRAIN] Gen 85/192: prompt=329 resp=2490
[2026-06-03 09:10:46] [TRAIN] Gen 90/192: prompt=253 resp=1965
[2026-06-03 09:10:46] [TRAIN] Gen 86/192: prompt=329 resp=2482
[2026-06-03 09:10:47] [TRAIN] Gen 87/192: prompt=329 resp=2447
[2026-06-03 09:10:47] [TRAIN] Gen 88/192: prompt=329 resp=2459
[2026-06-03 09:10:47] [TRAIN] Gen 89/192: prompt=253 resp=2347
[2026-06-03 09:10:48] [TRAIN] Gen 91/192: prompt=253 resp=2259
[2026-06-03 09:10:48] [TRAIN] Gen 94/192: prompt=119 resp=2238
[2026-06-03 09:10:48] [TRAIN] Gen 92/192: prompt=253 resp=2135
[2026-06-03 09:10:48] [TRAIN] Gen 93/192: prompt=119 resp=2241
[2026-06-03 09:10:48] [TRAIN] Gen 95/192: prompt=119 resp=2219
[2026-06-03 09:10:48] [TRAIN] Gen 96/192: prompt=119 resp=2146
[2026-06-03 09:10:50] [TRAIN] Gen 97/192: prompt=5 resp=2273
[2026-06-03 09:10:50] [TRAIN] Gen 98/192: prompt=5 resp=2248
[2026-06-03 09:10:51] [TRAIN] Gen 99/192: prompt=5 resp=2313
[2026-06-03 09:10:52] [TRAIN] Gen 100/192: prompt=5 resp=2333
[2026-06-03 09:10:55] [TRAIN] Gen 101/192: prompt=40 resp=2527
[2026-06-03 09:10:55] [TRAIN] Gen 102/192: prompt=40 resp=2555
[2026-06-03 09:10:56] [TRAIN] Gen 103/192: prompt=40 resp=2449
[2026-06-03 09:10:56] [TRAIN] Gen 104/192: prompt=40 resp=2444
[2026-06-03 09:10:56] [TRAIN] Gen 105/192: prompt=30 resp=2642
[2026-06-03 09:10:57] [TRAIN] Gen 106/192: prompt=30 resp=2676
[2026-06-03 09:10:57] [TRAIN] Gen 107/192: prompt=30 resp=2676
[2026-06-03 09:10:57] [TRAIN] Gen 110/192: prompt=40 resp=2488
[2026-06-03 09:10:57] [TRAIN] Gen 108/192: prompt=30 resp=2664
[2026-06-03 09:10:57] [TRAIN] Gen 109/192: prompt=40 resp=2453
[2026-06-03 09:10:57] [TRAIN] Gen 111/192: prompt=40 resp=2449
[2026-06-03 09:10:57] [TRAIN] Gen 112/192: prompt=40 resp=2466
[2026-06-03 09:10:59] [TRAIN] Gen 113/192: prompt=18 resp=2544
[2026-06-03 09:11:00] [TRAIN] Gen 114/192: prompt=18 resp=2490
[2026-06-03 09:11:01] [TRAIN] Gen 115/192: prompt=18 resp=2508
[2026-06-03 09:11:01] [TRAIN] Gen 116/192: prompt=18 resp=2525
[2026-06-03 09:11:04] [TRAIN] Gen 117/192: prompt=6 resp=2767
[2026-06-03 09:11:05] [TRAIN] Gen 118/192: prompt=6 resp=2743
[2026-06-03 09:11:05] [TRAIN] Gen 119/192: prompt=6 resp=2972
[2026-06-03 09:11:06] [TRAIN] Gen 120/192: prompt=6 resp=2941
[2026-06-03 09:11:06] [TRAIN] Gen 121/192: prompt=119 resp=2631
[2026-06-03 09:11:06] [TRAIN] Gen 122/192: prompt=119 resp=2528
[2026-06-03 09:11:07] [TRAIN] Gen 123/192: prompt=119 resp=2549
[2026-06-03 09:11:07] [TRAIN] Gen 126/192: prompt=9 resp=2611
[2026-06-03 09:11:07] [TRAIN] Gen 125/192: prompt=9 resp=2651
[2026-06-03 09:11:07] [TRAIN] Gen 124/192: prompt=119 resp=2597
[2026-06-03 09:11:07] [TRAIN] Gen 128/192: prompt=9 resp=2573
[2026-06-03 09:11:07] [TRAIN] Gen 127/192: prompt=9 resp=2616
[2026-06-03 09:11:08] [TRAIN] Gen 133/192: prompt=6 resp=916
[2026-06-03 09:11:08] [TRAIN] Gen 134/192: prompt=6 resp=807
[2026-06-03 09:11:09] [TRAIN] Gen 129/192: prompt=312 resp=2185
[2026-06-03 09:11:09] [TRAIN] Gen 130/192: prompt=312 resp=2166
[2026-06-03 09:11:10] [TRAIN] Gen 136/192: prompt=6 resp=1072
[2026-06-03 09:11:10] [TRAIN] Gen 131/192: prompt=312 resp=1948
[2026-06-03 09:11:11] [TRAIN] Gen 132/192: prompt=312 resp=2099
[2026-06-03 09:11:11] [TRAIN] Gen 135/192: prompt=6 resp=1382
[2026-06-03 09:11:15] [TRAIN] Gen 137/192: prompt=10 resp=1248
[2026-06-03 09:11:15] [TRAIN] Gen 138/192: prompt=10 resp=1368
[2026-06-03 09:11:16] [TRAIN] Gen 139/192: prompt=10 resp=1508
[2026-06-03 09:11:16] [TRAIN] Gen 142/192: prompt=9 resp=2004
[2026-06-03 09:11:16] [TRAIN] Gen 141/192: prompt=9 resp=2092
[2026-06-03 09:11:16] [TRAIN] Gen 140/192: prompt=10 resp=1358
[2026-06-03 09:11:16] [TRAIN] Gen 144/192: prompt=9 resp=2047
[2026-06-03 09:11:16] [TRAIN] Gen 143/192: prompt=9 resp=2139
[2026-06-03 09:11:17] [TRAIN] Gen 145/192: prompt=15 resp=2500
[2026-06-03 09:11:17] [TRAIN] Gen 146/192: prompt=15 resp=2497
[2026-06-03 09:11:18] [TRAIN] Gen 147/192: prompt=15 resp=2470
[2026-06-03 09:11:19] [TRAIN] Gen 148/192: prompt=15 resp=2578
[2026-06-03 09:11:19] [TRAIN] Gen 149/192: prompt=26 resp=2221
[2026-06-03 09:11:19] [TRAIN] Gen 150/192: prompt=26 resp=2265
[2026-06-03 09:11:20] [TRAIN] Gen 151/192: prompt=26 resp=2283
[2026-06-03 09:11:20] [TRAIN] Gen 154/192: prompt=80 resp=971
[2026-06-03 09:11:20] [TRAIN] Gen 152/192: prompt=26 resp=2211
[2026-06-03 09:11:23] [TRAIN] Gen 153/192: prompt=80 resp=1767
[2026-06-03 09:11:23] [TRAIN] Gen 155/192: prompt=80 resp=1508
[2026-06-03 09:11:23] [TRAIN] Gen 156/192: prompt=80 resp=1651
[2026-06-03 09:11:25] [TRAIN] Gen 158/192: prompt=28 resp=2051
[2026-06-03 09:11:25] [TRAIN] Gen 157/192: prompt=28 resp=2050
[2026-06-03 09:11:25] [TRAIN] Gen 159/192: prompt=28 resp=2195
[2026-06-03 09:11:25] [TRAIN] Gen 160/192: prompt=28 resp=2159
[2026-06-03 09:11:26] [TRAIN] Gen 161/192: prompt=24 resp=2227
[2026-06-03 09:11:26] [TRAIN] Gen 162/192: prompt=24 resp=2399
[2026-06-03 09:11:26] [TRAIN] Gen 169/192: prompt=82 resp=1279
[2026-06-03 09:11:27] [TRAIN] Gen 163/192: prompt=24 resp=2307
[2026-06-03 09:11:28] [TRAIN] Gen 164/192: prompt=24 resp=2355
[2026-06-03 09:11:28] [TRAIN] Gen 165/192: prompt=11 resp=2398
[2026-06-03 09:11:28] [TRAIN] Gen 166/192: prompt=11 resp=2573
[2026-06-03 09:11:28] [TRAIN] Gen 170/192: prompt=82 resp=1204
[2026-06-03 09:11:29] [TRAIN] Gen 171/192: prompt=82 resp=1296
[2026-06-03 09:11:29] [TRAIN] Gen 172/192: prompt=82 resp=1177
[2026-06-03 09:11:29] [TRAIN] Gen 167/192: prompt=11 resp=2330
[2026-06-03 09:11:29] [TRAIN] Gen 168/192: prompt=11 resp=2392
[2026-06-03 09:11:34] [TRAIN] Gen 173/192: prompt=91 resp=2568
[2026-06-03 09:11:34] [TRAIN] Gen 174/192: prompt=91 resp=2625
[2026-06-03 09:11:35] [TRAIN] Gen 175/192: prompt=91 resp=2565
[2026-06-03 09:11:35] [TRAIN] Gen 176/192: prompt=91 resp=2605
[2026-06-03 09:11:36] [TRAIN] Gen 177/192: prompt=9 resp=2011
[2026-06-03 09:11:36] [TRAIN] Gen 178/192: prompt=9 resp=1960
[2026-06-03 09:11:36] [TRAIN] Gen 179/192: prompt=9 resp=1830
[2026-06-03 09:11:37] [TRAIN] Gen 180/192: prompt=9 resp=1965
[2026-06-03 09:11:37] [TRAIN] Gen 181/192: prompt=67 resp=1388
[2026-06-03 09:11:38] [TRAIN] Gen 182/192: prompt=67 resp=1383
[2026-06-03 09:11:38] [TRAIN] Gen 183/192: prompt=67 resp=1431
[2026-06-03 09:11:38] [TRAIN] Gen 184/192: prompt=67 resp=1363
[2026-06-03 09:11:39] [TRAIN] Gen 185/192: prompt=258 resp=2273
[2026-06-03 09:11:39] [TRAIN] Gen 186/192: prompt=258 resp=2320
[2026-06-03 09:11:39] [TRAIN] Gen 187/192: prompt=258 resp=2385
[2026-06-03 09:11:39] [TRAIN] Gen 188/192: prompt=258 resp=2287
[2026-06-03 09:11:44] [TRAIN] Gen 190/192: prompt=32 resp=2207
[2026-06-03 09:11:44] [TRAIN] Gen 189/192: prompt=32 resp=2308
[2026-06-03 09:11:44] [TRAIN] Gen 192/192: prompt=32 resp=2443
[2026-06-03 09:11:44] [TRAIN] Gen 191/192: prompt=32 resp=2513
[2026-06-03 09:11:44] [TRAIN] Generation done in 113.2s
[2026-06-03 09:11:44] [TRAIN] Prompt 1 category: explanation
[2026-06-03 09:12:10] [TRAIN] Prompt 1/48: rewards=[0.287, 0.3, 0.0, 0.0]
[2026-06-03 09:12:10] [TRAIN] Prompt 2 category: creative writing
[2026-06-03 09:12:23] [TRAIN] Prompt 2/48: rewards=[0.15, 0.438, 0.338, 0.1]
[2026-06-03 09:12:23] [TRAIN] Prompt 3 category: translation
[2026-06-03 09:12:36] [TRAIN] Prompt 3/48: rewards=[0.075, 0.0, 0.388, 0.0]
[2026-06-03 09:12:36] [TRAIN] Prompt 4 category: creative writing
[2026-06-03 09:12:50] [TRAIN] Prompt 4/48: rewards=[0.362, 0.113, 0.325, 0.0]
[2026-06-03 09:12:50] [TRAIN] Prompt 5 category: creative writing
[2026-06-03 09:13:01] [TRAIN] Prompt 5/48: rewards=[0.275, 0.163, 0.2, 0.062]
[2026-06-03 09:13:01] [TRAIN] Prompt 6 category: coding
[2026-06-03 09:13:07] [TRAIN] Prompt 6/48: rewards=[0.0, 0.25, 0.0, 0.15]
[2026-06-03 09:13:07] [TRAIN] Prompt 7 category: creative writing
[2026-06-03 09:13:20] [TRAIN] Prompt 7/48: rewards=[0.4, 0.35, 0.0, 0.125]
[2026-06-03 09:13:20] [TRAIN] Prompt 8 category: coding
[2026-06-03 09:13:28] [TRAIN] Prompt 8/48: rewards=[0.0, 0.0, 0.0, 0.0]
[2026-06-03 09:13:28] [TRAIN] Prompt 9 category: explanation
[2026-06-03 09:13:39] [TRAIN] Prompt 9/48: rewards=[0.212, 0.5, 0.5, 0.5]
[2026-06-03 09:13:39] [TRAIN] Prompt 10 category: coding
[2026-06-03 09:13:46] [TRAIN] Prompt 10/48: rewards=[0.0, 0.0, 0.15, 0.225]
[2026-06-03 09:13:46] [TRAIN] Prompt 11 category: translation
[2026-06-03 09:13:58] [TRAIN] Prompt 11/48: rewards=[0.338, 0.45, 0.5, 0.35]
[2026-06-03 09:13:58] [TRAIN] Prompt 12 category: brainstorming
[2026-06-03 09:14:10] [TRAIN] Prompt 12/48: rewards=[0.338, 0.163, 0.1, 0.0]
[2026-06-03 09:14:10] [TRAIN] Prompt 13 category: instruction following
[2026-06-03 09:14:26] [TRAIN] Prompt 13/48: rewards=[0.0, 0.275, 0.263, 0.0]
[2026-06-03 09:14:26] [TRAIN] Prompt 14 category: brainstorming
[2026-06-03 09:14:37] [TRAIN] Prompt 14/48: rewards=[0.312, 0.2, 0.138, 0.287]
[2026-06-03 09:14:37] [TRAIN] Prompt 15 category: coding
[2026-06-03 09:14:45] [TRAIN] Prompt 15/48: rewards=[0.2, 0.0, 0.0, 0.0]
[2026-06-03 09:14:45] [TRAIN] Prompt 16 category: instruction following
[2026-06-03 09:14:53] [TRAIN] Prompt 16/48: rewards=[0.5, 0.45, 0.375, 0.487]
[2026-06-03 09:14:53] [TRAIN] Prompt 17 category: creative writing
[2026-06-03 09:15:05] [TRAIN] Prompt 17/48: rewards=[0.3, 0.338, 0.4, 0.2]
[2026-06-03 09:15:05] [TRAIN] Prompt 18 category: creative writing
[2026-06-03 09:15:19] [TRAIN] Prompt 18/48: rewards=[0.075, 0.0, 0.325, 0.0]
[2026-06-03 09:15:33] [TRAIN] Prompt 19/48: rewards=[0.3, 0.35, 0.0, 0.0]
[2026-06-03 09:15:33] [TRAIN] Prompt 20 category: logical reasoning
[2026-06-03 09:15:42] [TRAIN] Prompt 20/48: rewards=[0.0, 0.0, 0.0, 0.0]
[2026-06-03 09:15:42] [TRAIN] Prompt 21 category: coding
[2026-06-03 09:15:50] [TRAIN] Prompt 21/48: rewards=[0.0, 0.0, 0.0, 0.225]
[2026-06-03 09:15:50] [TRAIN] Prompt 22 category: coding
[2026-06-03 09:15:59] [TRAIN] Prompt 22/48: rewards=[0.0, 0.0, 0.0, 0.0]
[2026-06-03 09:15:59] [TRAIN] Prompt 23 category: creative writing
[2026-06-03 09:16:13] [TRAIN] Prompt 23/48: rewards=[0.312, 0.0, 0.475, 0.0]
[2026-06-03 09:16:13] [TRAIN] Prompt 24 category: coding
[2026-06-03 09:16:21] [TRAIN] Prompt 24/48: rewards=[0.25, 0.0, 0.0, 0.0]
[2026-06-03 09:16:37] [TRAIN] Prompt 25/48: rewards=[0.475, 0.0, 0.5, 0.275]
[2026-06-03 09:16:50] [TRAIN] Prompt 26/48: rewards=[0.0, 0.35, 0.412, 0.35]
[2026-06-03 09:16:50] [TRAIN] Prompt 27 category: debating
[2026-06-03 09:17:03] [TRAIN] Prompt 27/48: rewards=[0.275, 0.0, 0.138, 0.212]
[2026-06-03 09:17:03] [TRAIN] Prompt 28 category: coding
[2026-06-03 09:17:11] [TRAIN] Prompt 28/48: rewards=[0.2, 0.0, 0.0, 0.15]
[2026-06-03 09:17:23] [TRAIN] Prompt 29/48: rewards=[0.388, 0.3, 0.4, 0.55]
[2026-06-03 09:17:36] [TRAIN] Prompt 30/48: rewards=[0.487, 0.3, 0.3, 0.375]
[2026-06-03 09:17:36] [TRAIN] Prompt 31 category: coding
[2026-06-03 09:17:40] [TRAIN] Prompt 31/48: rewards=[0.0, 0.0, 0.0, 0.0]
[2026-06-03 09:17:40] [TRAIN] Prompt 32 category: explanation
[2026-06-03 09:17:54] [TRAIN] Prompt 32/48: rewards=[0.188, 0.0, 0.25, 0.0]
[2026-06-03 09:17:54] [TRAIN] Prompt 33 category: instruction following
[2026-06-03 09:18:07] [TRAIN] Prompt 33/48: rewards=[0.0, 0.0, 0.263, 0.0]
[2026-06-03 09:18:07] [TRAIN] Prompt 34 category: translation
[2026-06-03 09:18:22] [TRAIN] Prompt 34/48: rewards=[0.487, 0.0, 0.613, 0.5]
[2026-06-03 09:18:22] [TRAIN] Prompt 35 category: explanation
[2026-06-03 09:18:36] [TRAIN] Prompt 35/48: rewards=[0.0, 0.55, 0.512, 0.6]
[2026-06-03 09:18:36] [TRAIN] Prompt 36 category: brainstorming
[2026-06-03 09:18:48] [TRAIN] Prompt 36/48: rewards=[0.0, 0.138, 0.0, 0.0]
[2026-06-03 09:18:48] [TRAIN] Prompt 37 category: creative writing
[2026-06-03 09:19:03] [TRAIN] Prompt 37/48: rewards=[0.362, 0.35, 0.3, 0.0]
[2026-06-03 09:19:03] [TRAIN] Prompt 38 category: explanation
[2026-06-03 09:19:16] [TRAIN] Prompt 38/48: rewards=[0.237, 0.325, 0.463, 0.35]
[2026-06-03 09:19:16] [TRAIN] Prompt 39 category: debugging
[2026-06-03 09:19:24] [TRAIN] Prompt 39/48: rewards=[0.0, 0.0, 0.0, 0.0]
[2026-06-03 09:19:24] [TRAIN] Prompt 40 category: brainstorming
[2026-06-03 09:19:39] [TRAIN] Prompt 40/48: rewards=[0.1, 0.0, 0.0, 0.263]
[2026-06-03 09:19:39] [TRAIN] Prompt 41 category: creative writing
[2026-06-03 09:19:53] [TRAIN] Prompt 41/48: rewards=[0.45, 0.175, 0.325, 0.312]
[2026-06-03 09:19:53] [TRAIN] Prompt 42 category: explanation
[2026-06-03 09:20:06] [TRAIN] Prompt 42/48: rewards=[0.237, 0.138, 0.0, 0.113]
[2026-06-03 09:20:06] [TRAIN] Prompt 43 category: coding
[2026-06-03 09:20:15] [TRAIN] Prompt 43/48: rewards=[0.0, 0.0, 0.0, 0.0]
[2026-06-03 09:20:15] [TRAIN] Prompt 44 category: instruction following
[2026-06-03 09:20:29] [TRAIN] Prompt 44/48: rewards=[0.412, 0.4, 0.263, 0.0]
[2026-06-03 09:20:29] [TRAIN] Prompt 45 category: explanation
[2026-06-03 09:20:43] [TRAIN] Prompt 45/48: rewards=[0.237, 0.35, 0.225, 0.087]
[2026-06-03 09:20:56] [TRAIN] Prompt 46/48: rewards=[0.0, 0.0, 0.0, 0.25]
[2026-06-03 09:20:56] [TRAIN] Prompt 47 category: coding
[2026-06-03 09:21:04] [TRAIN] Prompt 47/48: rewards=[0.0, 0.0, 0.15, 0.0]
[2026-06-03 09:21:04] [TRAIN] Prompt 48 category: creative writing
[2026-06-03 09:21:19] [TRAIN] Prompt 48/48: rewards=[0.0, 0.0, 0.275, 0.1]
[2026-06-03 09:21:19] [TRAIN] Rewards: mean=0.177, 5/192 >0.5 (mode=rubric)
[2026-06-03 09:21:19] [TRAIN] Sleeping replicas via CheckpointEngineManager...
[2026-06-03 09:21:19] [TRAIN] Replicas asleep
[2026-06-03 09:21:19] [TRAIN] Training batch built: {'prompts': torch.Size([192, 335]), 'input_ids': torch.Size([192, 847]), 'attention_mask': torch.Size([192, 847]), 'position_ids': torch.Size([192, 847]), 'responses': torch.Size([192, 512])}
[2026-06-03 09:21:19] [TRAIN] rm_scores computed (last-token placement)
[2026-06-03 09:21:19] [TRAIN] response_mask computed
[2026-06-03 09:21:59] [TRAIN] old_log_probs computed
[2026-06-03 09:21:59] [TRAIN] GRPO advantages computed
[2026-06-03 09:24:56] [TRAIN] Actor update completed — loss=0.0038
[2026-06-03 09:24:58] [TRAIN] Weight sync done in 1.6s (wake handled internally)
[2026-06-03 09:24:58] [TRAIN] train_step completed in 906.9s — reward=0.177 (5/192), loss=0.0038, grad_norm=0.126 | score=0.177, rewards=0.177, adv=-0.004 | rlen=489, plen=61, abort=0.000 | tps=116.5 tok/s/gpu, gen=1.21ms/tok, actor=1.67ms/tok
[2026-06-03 09:24:58] [TRAIN] train_step start: 48 prompts x 4 = 192 total
[2026-06-03 09:24:58] [TRAIN] Generating 192 responses (48 prompts x 4) with 16 concurrent workers
[2026-06-03 09:25:06] [TRAIN] Gen 5/192: prompt=4 resp=1939
[2026-06-03 09:25:07] [TRAIN] Gen 2/192: prompt=12 resp=2126
[2026-06-03 09:25:07] [TRAIN] Gen 3/192: prompt=12 resp=2162
[2026-06-03 09:25:07] [TRAIN] Gen 1/192: prompt=12 resp=1878
[2026-06-03 09:25:07] [TRAIN] Gen 6/192: prompt=4 resp=2250
[2026-06-03 09:25:07] [TRAIN] Gen 10/192: prompt=49 resp=2628
[2026-06-03 09:25:07] [TRAIN] Gen 13/192: prompt=59 resp=1954
[2026-06-03 09:25:07] [TRAIN] Gen 8/192: prompt=4 resp=2222
[2026-06-03 09:25:07] [TRAIN] Gen 4/192: prompt=12 resp=2156
[2026-06-03 09:25:07] [TRAIN] Gen 16/192: prompt=59 resp=2014
[2026-06-03 09:25:07] [TRAIN] Gen 9/192: prompt=49 resp=2654
[2026-06-03 09:25:07] [TRAIN] Gen 15/192: prompt=59 resp=1968
[2026-06-03 09:25:07] [TRAIN] Gen 7/192: prompt=4 resp=2188
[2026-06-03 09:25:07] [TRAIN] Gen 11/192: prompt=49 resp=2716
[2026-06-03 09:25:07] [TRAIN] Gen 14/192: prompt=59 resp=2014
[2026-06-03 09:25:07] [TRAIN] Gen 12/192: prompt=49 resp=2610
[2026-06-03 09:25:16] [TRAIN] Gen 17/192: prompt=81 resp=2560
[2026-06-03 09:25:17] [TRAIN] Gen 18/192: prompt=81 resp=2453
[2026-06-03 09:25:17] [TRAIN] Gen 20/192: prompt=81 resp=2408
[2026-06-03 09:25:17] [TRAIN] Gen 19/192: prompt=81 resp=2547
[2026-06-03 09:25:17] [TRAIN] Gen 24/192: prompt=22 resp=2263
[2026-06-03 09:25:17] [TRAIN] Gen 28/192: prompt=12 resp=1683
[2026-06-03 09:25:17] [TRAIN] Gen 22/192: prompt=22 resp=2285
[2026-06-03 09:25:17] [TRAIN] Gen 30/192: prompt=97 resp=2036
[2026-06-03 09:25:17] [TRAIN] Gen 32/192: prompt=97 resp=2115
[2026-06-03 09:25:17] [TRAIN] Gen 23/192: prompt=22 resp=2253
[2026-06-03 09:25:17] [TRAIN] Gen 26/192: prompt=12 resp=2015
[2026-06-03 09:25:17] [TRAIN] Gen 29/192: prompt=97 resp=2079
[2026-06-03 09:25:17] [TRAIN] Gen 31/192: prompt=97 resp=2055
[2026-06-03 09:25:17] [TRAIN] Gen 27/192: prompt=12 resp=2108
[2026-06-03 09:25:17] [TRAIN] Gen 25/192: prompt=12 resp=2159
[2026-06-03 09:25:17] [TRAIN] Gen 21/192: prompt=22 resp=2266
[2026-06-03 09:25:19] [TRAIN] Gen 48/192: prompt=10 resp=669
[2026-06-03 09:25:20] [TRAIN] Gen 46/192: prompt=10 resp=745
[2026-06-03 09:25:25] [TRAIN] Gen 45/192: prompt=10 resp=1867
[2026-06-03 09:25:26] [TRAIN] Gen 33/192: prompt=126 resp=2291
[2026-06-03 09:25:26] [TRAIN] Gen 34/192: prompt=126 resp=2288
[2026-06-03 09:25:26] [TRAIN] Gen 36/192: prompt=126 resp=2335
[2026-06-03 09:25:26] [TRAIN] Gen 35/192: prompt=126 resp=2289
[2026-06-03 09:25:26] [TRAIN] Gen 43/192: prompt=17 resp=2422
[2026-06-03 09:25:26] [TRAIN] Gen 44/192: prompt=17 resp=2478
[2026-06-03 09:25:26] [TRAIN] Gen 47/192: prompt=10 resp=2375
[2026-06-03 09:25:26] [TRAIN] Gen 41/192: prompt=17 resp=2447
[2026-06-03 09:25:26] [TRAIN] Gen 42/192: prompt=17 resp=2434
[2026-06-03 09:25:26] [TRAIN] Gen 38/192: prompt=52 resp=1916
[2026-06-03 09:25:26] [TRAIN] Gen 37/192: prompt=52 resp=1707
[2026-06-03 09:25:26] [TRAIN] Gen 40/192: prompt=52 resp=1993
[2026-06-03 09:25:26] [TRAIN] Gen 39/192: prompt=52 resp=1943
[2026-06-03 09:25:29] [TRAIN] Gen 49/192: prompt=7 resp=2449
[2026-06-03 09:25:29] [TRAIN] Gen 50/192: prompt=7 resp=2508
[2026-06-03 09:25:34] [TRAIN] Gen 51/192: prompt=7 resp=2506
[2026-06-03 09:25:36] [TRAIN] Gen 52/192: prompt=7 resp=2416
[2026-06-03 09:25:36] [TRAIN] Gen 53/192: prompt=28 resp=2355
[2026-06-03 09:25:36] [TRAIN] Gen 55/192: prompt=28 resp=2415
[2026-06-03 09:25:36] [TRAIN] Gen 54/192: prompt=28 resp=2416
[2026-06-03 09:25:36] [TRAIN] Gen 62/192: prompt=21 resp=2227
[2026-06-03 09:25:36] [TRAIN] Gen 59/192: prompt=83 resp=2221
[2026-06-03 09:25:36] [TRAIN] Gen 60/192: prompt=83 resp=2192
[2026-06-03 09:25:36] [TRAIN] Gen 58/192: prompt=83 resp=2323
[2026-06-03 09:25:36] [TRAIN] Gen 57/192: prompt=83 resp=2200
[2026-06-03 09:25:36] [TRAIN] Gen 63/192: prompt=21 resp=2330
[2026-06-03 09:25:36] [TRAIN] Gen 64/192: prompt=21 resp=2062
[2026-06-03 09:25:36] [TRAIN] Gen 56/192: prompt=28 resp=2426
[2026-06-03 09:25:36] [TRAIN] Gen 61/192: prompt=21 resp=2291
[2026-06-03 09:25:39] [TRAIN] Gen 65/192: prompt=14 resp=2700
[2026-06-03 09:25:39] [TRAIN] Gen 66/192: prompt=14 resp=2694
[2026-06-03 09:25:42] [TRAIN] Gen 81/192: prompt=6 resp=815
[2026-06-03 09:25:43] [TRAIN] Gen 82/192: prompt=6 resp=988
[2026-06-03 09:25:44] [TRAIN] Gen 67/192: prompt=14 resp=2671
[2026-06-03 09:25:45] [TRAIN] Gen 83/192: prompt=6 resp=523
[2026-06-03 09:25:45] [TRAIN] Gen 68/192: prompt=14 resp=2611
[2026-06-03 09:25:45] [TRAIN] Gen 69/192: prompt=39 resp=1470
[2026-06-03 09:25:45] [TRAIN] Gen 70/192: prompt=39 resp=1421
[2026-06-03 09:25:45] [TRAIN] Gen 71/192: prompt=39 resp=1508
[2026-06-03 09:25:46] [TRAIN] Gen 80/192: prompt=23 resp=2579
[2026-06-03 09:25:46] [TRAIN] Gen 74/192: prompt=5 resp=2547
[2026-06-03 09:25:46] [TRAIN] Gen 78/192: prompt=23 resp=2426
[2026-06-03 09:25:46] [TRAIN] Gen 73/192: prompt=5 resp=2502
[2026-06-03 09:25:46] [TRAIN] Gen 77/192: prompt=23 resp=2480
[2026-06-03 09:25:46] [TRAIN] Gen 75/192: prompt=5 resp=2580
[2026-06-03 09:25:46] [TRAIN] Gen 79/192: prompt=23 resp=2543
[2026-06-03 09:25:46] [TRAIN] Gen 76/192: prompt=5 resp=2062
[2026-06-03 09:25:46] [TRAIN] Gen 72/192: prompt=39 resp=1689
[2026-06-03 09:25:51] [TRAIN] Gen 84/192: prompt=6 resp=1521
[2026-06-03 09:25:53] [TRAIN] Gen 89/192: prompt=6 resp=1876
[2026-06-03 09:25:53] [TRAIN] Gen 85/192: prompt=233 resp=2446
[2026-06-03 09:25:54] [TRAIN] Gen 90/192: prompt=6 resp=2206
[2026-06-03 09:25:54] [TRAIN] Gen 86/192: prompt=233 resp=2280
[2026-06-03 09:25:55] [TRAIN] Gen 87/192: prompt=233 resp=2189
[2026-06-03 09:25:55] [TRAIN] Gen 88/192: prompt=233 resp=2444
[2026-06-03 09:25:55] [TRAIN] Gen 95/192: prompt=311 resp=2487
[2026-06-03 09:25:55] [TRAIN] Gen 99/192: prompt=46 resp=1877
[2026-06-03 09:25:55] [TRAIN] Gen 97/192: prompt=46 resp=1996
[2026-06-03 09:25:55] [TRAIN] Gen 93/192: prompt=311 resp=2480
[2026-06-03 09:25:55] [TRAIN] Gen 91/192: prompt=6 resp=2313
[2026-06-03 09:25:55] [TRAIN] Gen 94/192: prompt=311 resp=2497
[2026-06-03 09:25:55] [TRAIN] Gen 98/192: prompt=46 resp=1953
[2026-06-03 09:25:55] [TRAIN] Gen 96/192: prompt=311 resp=2424
[2026-06-03 09:25:55] [TRAIN] Gen 92/192: prompt=6 resp=2232
[2026-06-03 09:26:01] [TRAIN] Gen 100/192: prompt=46 resp=1923
[2026-06-03 09:26:03] [TRAIN] Gen 101/192: prompt=18 resp=2590
[2026-06-03 09:26:03] [TRAIN] Gen 102/192: prompt=18 resp=2582
[2026-06-03 09:26:04] [TRAIN] Gen 113/192: prompt=35 resp=2116
[2026-06-03 09:26:04] [TRAIN] Gen 103/192: prompt=18 resp=2594
[2026-06-03 09:26:04] [TRAIN] Gen 104/192: prompt=18 resp=2533
[2026-06-03 09:26:05] [TRAIN] Gen 114/192: prompt=35 resp=2203
[2026-06-03 09:26:05] [TRAIN] Gen 105/192: prompt=86 resp=2427
[2026-06-03 09:26:05] [TRAIN] Gen 106/192: prompt=86 resp=2344
[2026-06-03 09:26:05] [TRAIN] Gen 107/192: prompt=86 resp=2422
[2026-06-03 09:26:05] [TRAIN] Gen 115/192: prompt=35 resp=2444
[2026-06-03 09:26:05] [TRAIN] Gen 110/192: prompt=42 resp=2500
[2026-06-03 09:26:05] [TRAIN] Gen 108/192: prompt=86 resp=2458
[2026-06-03 09:26:05] [TRAIN] Gen 111/192: prompt=42 resp=2314
[2026-06-03 09:26:05] [TRAIN] Gen 109/192: prompt=42 resp=2500
[2026-06-03 09:26:05] [TRAIN] Gen 112/192: prompt=42 resp=2536
[2026-06-03 09:26:08] [TRAIN] Gen 123/192: prompt=9 resp=695
[2026-06-03 09:26:08] [TRAIN] Gen 116/192: prompt=35 resp=1907
[2026-06-03 09:26:09] [TRAIN] Gen 122/192: prompt=9 resp=866
[2026-06-03 09:26:11] [TRAIN] Gen 121/192: prompt=9 resp=1431
[2026-06-03 09:26:12] [TRAIN] Gen 117/192: prompt=219 resp=2370
[2026-06-03 09:26:13] [TRAIN] Gen 118/192: prompt=219 resp=2434
[2026-06-03 09:26:13] [TRAIN] Gen 119/192: prompt=219 resp=2410
[2026-06-03 09:26:14] [TRAIN] Gen 120/192: prompt=219 resp=2270
[2026-06-03 09:26:14] [TRAIN] Gen 124/192: prompt=9 resp=1705
[2026-06-03 09:26:15] [TRAIN] Gen 126/192: prompt=37 resp=2362
[2026-06-03 09:26:15] [TRAIN] Gen 128/192: prompt=37 resp=2528
[2026-06-03 09:26:15] [TRAIN] Gen 131/192: prompt=377 resp=2453
[2026-06-03 09:26:15] [TRAIN] Gen 127/192: prompt=37 resp=2443
[2026-06-03 09:26:15] [TRAIN] Gen 125/192: prompt=37 resp=2433
[2026-06-03 09:26:15] [TRAIN] Gen 129/192: prompt=377 resp=2378
[2026-06-03 09:26:15] [TRAIN] Gen 130/192: prompt=377 resp=2413
[2026-06-03 09:26:18] [TRAIN] Gen 132/192: prompt=377 resp=2309
[2026-06-03 09:26:18] [TRAIN] Gen 133/192: prompt=15 resp=2407
[2026-06-03 09:26:18] [TRAIN] Gen 134/192: prompt=15 resp=2368
[2026-06-03 09:26:20] [TRAIN] Gen 135/192: prompt=15 resp=2434
[2026-06-03 09:26:22] [TRAIN] Gen 136/192: prompt=15 resp=2459
[2026-06-03 09:26:22] [TRAIN] Gen 138/192: prompt=10 resp=2150
[2026-06-03 09:26:22] [TRAIN] Gen 137/192: prompt=10 resp=2479
[2026-06-03 09:26:23] [TRAIN] Gen 139/192: prompt=10 resp=2223
[2026-06-03 09:26:24] [TRAIN] Gen 140/192: prompt=10 resp=2343
[2026-06-03 09:26:24] [TRAIN] Gen 142/192: prompt=82 resp=2059
[2026-06-03 09:26:24] [TRAIN] Gen 141/192: prompt=82 resp=2131
[2026-06-03 09:26:24] [TRAIN] Gen 145/192: prompt=143 resp=2390
[2026-06-03 09:26:24] [TRAIN] Gen 146/192: prompt=143 resp=2337
[2026-06-03 09:26:24] [TRAIN] Gen 143/192: prompt=82 resp=2117
[2026-06-03 09:26:24] [TRAIN] Gen 144/192: prompt=82 resp=2107
[2026-06-03 09:26:24] [TRAIN] Gen 147/192: prompt=143 resp=2387
[2026-06-03 09:26:27] [TRAIN] Gen 148/192: prompt=143 resp=2459
[2026-06-03 09:26:27] [TRAIN] Gen 149/192: prompt=8 resp=2285
[2026-06-03 09:26:28] [TRAIN] Gen 150/192: prompt=8 resp=2247
[2026-06-03 09:26:29] [TRAIN] Gen 151/192: prompt=8 resp=2420
[2026-06-03 09:26:31] [TRAIN] Gen 152/192: prompt=8 resp=2435
[2026-06-03 09:26:31] [TRAIN] Gen 153/192: prompt=4 resp=2410
[2026-06-03 09:26:32] [TRAIN] Gen 154/192: prompt=4 resp=2554
[2026-06-03 09:26:33] [TRAIN] Gen 155/192: prompt=4 resp=2598
[2026-06-03 09:26:33] [TRAIN] Gen 156/192: prompt=4 resp=2617
[2026-06-03 09:26:33] [TRAIN] Gen 160/192: prompt=8 resp=2369
[2026-06-03 09:26:33] [TRAIN] Gen 162/192: prompt=14 resp=2472
[2026-06-03 09:26:33] [TRAIN] Gen 161/192: prompt=14 resp=2434
[2026-06-03 09:26:33] [TRAIN] Gen 159/192: prompt=8 resp=2381
[2026-06-03 09:26:33] [TRAIN] Gen 163/192: prompt=14 resp=2440
[2026-06-03 09:26:33] [TRAIN] Gen 158/192: prompt=8 resp=2394
[2026-06-03 09:26:33] [TRAIN] Gen 157/192: prompt=8 resp=2396
[2026-06-03 09:26:37] [TRAIN] Gen 164/192: prompt=14 resp=2413
[2026-06-03 09:26:37] [TRAIN] Gen 165/192: prompt=37 resp=2084
[2026-06-03 09:26:37] [TRAIN] Gen 166/192: prompt=37 resp=2182
[2026-06-03 09:26:39] [TRAIN] Gen 167/192: prompt=37 resp=2271
[2026-06-03 09:26:40] [TRAIN] Gen 170/192: prompt=8 resp=2020
[2026-06-03 09:26:40] [TRAIN] Gen 169/192: prompt=8 resp=2035
[2026-06-03 09:26:40] [TRAIN] Gen 171/192: prompt=8 resp=1810
[2026-06-03 09:26:40] [TRAIN] Gen 168/192: prompt=37 resp=2145
[2026-06-03 09:26:42] [TRAIN] Gen 172/192: prompt=8 resp=2173
[2026-06-03 09:26:43] [TRAIN] Gen 175/192: prompt=338 resp=2140
[2026-06-03 09:26:43] [TRAIN] Gen 178/192: prompt=257 resp=2120
[2026-06-03 09:26:43] [TRAIN] Gen 176/192: prompt=338 resp=2212
[2026-06-03 09:26:43] [TRAIN] Gen 174/192: prompt=338 resp=2045
[2026-06-03 09:26:43] [TRAIN] Gen 177/192: prompt=257 resp=2147
[2026-06-03 09:26:43] [TRAIN] Gen 179/192: prompt=257 resp=2153
[2026-06-03 09:26:43] [TRAIN] Gen 173/192: prompt=338 resp=2084
[2026-06-03 09:26:46] [TRAIN] Gen 180/192: prompt=257 resp=2193
[2026-06-03 09:26:46] [TRAIN] Gen 181/192: prompt=12 resp=2647
[2026-06-03 09:26:46] [TRAIN] Gen 182/192: prompt=12 resp=2792
[2026-06-03 09:26:48] [TRAIN] Gen 183/192: prompt=12 resp=2658
[2026-06-03 09:26:49] [TRAIN] Gen 184/192: prompt=12 resp=2636
[2026-06-03 09:26:49] [TRAIN] Gen 185/192: prompt=64 resp=1918
[2026-06-03 09:26:49] [TRAIN] Gen 186/192: prompt=64 resp=1839
[2026-06-03 09:26:50] [TRAIN] Gen 187/192: prompt=64 resp=1680
[2026-06-03 09:26:52] [TRAIN] Gen 188/192: prompt=64 resp=1470
[2026-06-03 09:26:52] [TRAIN] Gen 191/192: prompt=15 resp=2244
[2026-06-03 09:26:52] [TRAIN] Gen 190/192: prompt=15 resp=2130
[2026-06-03 09:26:52] [TRAIN] Gen 192/192: prompt=15 resp=2155
[2026-06-03 09:26:52] [TRAIN] Gen 189/192: prompt=15 resp=2223
[2026-06-03 09:26:52] [TRAIN] Generation done in 114.3s
[2026-06-03 09:27:07] [TRAIN] Prompt 1/48: rewards=[0.375, 0.0, 0.0, 0.0]
[2026-06-03 09:27:07] [TRAIN] Prompt 2 category: creative writing
[2026-06-03 09:27:21] [TRAIN] Prompt 2/48: rewards=[0.5, 0.225, 0.3, 0.212]
[2026-06-03 09:27:21] [TRAIN] Prompt 3 category: debating
[2026-06-03 09:27:36] [TRAIN] Prompt 3/48: rewards=[0.438, 0.0, 0.35, 0.362]
[2026-06-03 09:27:36] [TRAIN] Prompt 4 category: brainstorming
[2026-06-03 09:27:50] [TRAIN] Prompt 4/48: rewards=[0.25, 0.325, 0.0, 0.0]
[2026-06-03 09:27:50] [TRAIN] Prompt 5 category: copywriting
[2026-06-03 09:28:03] [TRAIN] Prompt 5/48: rewards=[0.0, 0.138, 0.4, 0.237]
[2026-06-03 09:28:03] [TRAIN] Prompt 6 category: creative writing
[2026-06-03 09:28:16] [TRAIN] Prompt 6/48: rewards=[0.0, 0.325, 0.225, 0.512]
[2026-06-03 09:28:30] [TRAIN] Prompt 7/48: rewards=[0.0, 0.3, 0.263, 0.237]
[2026-06-03 09:28:30] [TRAIN] Prompt 8 category: coding
[2026-06-03 09:28:37] [TRAIN] Prompt 8/48: rewards=[0.0, 0.0, 0.0, 0.0]
[2026-06-03 09:28:37] [TRAIN] Prompt 9 category: debugging
[2026-06-03 09:28:45] [TRAIN] Prompt 9/48: rewards=[0.0, 0.0, 0.0, 0.15]
[2026-06-03 09:28:45] [TRAIN] Prompt 10 category: logical reasoning
[2026-06-03 09:28:53] [TRAIN] Prompt 10/48: rewards=[0.0, 0.0, 0.0, 0.0]
[2026-06-03 09:29:07] [TRAIN] Prompt 11/48: rewards=[0.0, 0.45, 0.537, 0.0]
[2026-06-03 09:29:22] [TRAIN] Prompt 12/48: rewards=[0.0, 0.5, 0.4, 0.225]
[2026-06-03 09:29:22] [TRAIN] Prompt 13 category: creative writing
[2026-06-03 09:29:35] [TRAIN] Prompt 13/48: rewards=[0.263, 0.412, 0.4, 0.0]
[2026-06-03 09:29:35] [TRAIN] Prompt 14 category: brainstorming
[2026-06-03 09:29:48] [TRAIN] Prompt 14/48: rewards=[0.188, 0.375, 0.0, 0.0]
[2026-06-03 09:29:48] [TRAIN] Prompt 15 category: debugging
[2026-06-03 09:29:57] [TRAIN] Prompt 15/48: rewards=[0.0, 0.075, 0.225, 0.0]
[2026-06-03 09:29:57] [TRAIN] Prompt 16 category: creative writing
[2026-06-03 09:30:10] [TRAIN] Prompt 16/48: rewards=[0.25, 0.0, 0.425, 0.0]
[2026-06-03 09:30:10] [TRAIN] Prompt 17 category: explanation
[2026-06-03 09:30:23] [TRAIN] Prompt 17/48: rewards=[0.45, 0.0, 0.3, 0.237]
[2026-06-03 09:30:23] [TRAIN] Prompt 18 category: math
[2026-06-03 09:30:32] [TRAIN] Prompt 18/48: rewards=[0.0, 0.0, 0.0, 0.0]
[2026-06-03 09:30:48] [TRAIN] Prompt 19/48: rewards=[0.487, 0.388, 0.0, 0.0]
[2026-06-03 09:30:48] [TRAIN] Prompt 20 category: creative writing
[2026-06-03 09:31:00] [TRAIN] Prompt 20/48: rewards=[0.237, 0.525, 0.287, 0.188]
[2026-06-03 09:31:00] [TRAIN] Prompt 21 category: explanation
[2026-06-03 09:31:14] [TRAIN] Prompt 21/48: rewards=[0.6, 0.0, 0.525, 0.5]
[2026-06-03 09:31:14] [TRAIN] Prompt 22 category: debugging
[2026-06-03 09:31:19] [TRAIN] Prompt 22/48: rewards=[0.0, 0.0, 0.0, 0.0]
[2026-06-03 09:31:31] [TRAIN] Prompt 23/48: rewards=[0.475, 0.438, 0.35, 0.0]
[2026-06-03 09:31:31] [TRAIN] Prompt 24 category: coding
[2026-06-03 09:31:40] [TRAIN] Prompt 24/48: rewards=[0.2, 0.0, 0.2, 0.0]
[2026-06-03 09:31:40] [TRAIN] Prompt 25 category: logical reasoning
[2026-06-03 09:31:49] [TRAIN] Prompt 25/48: rewards=[0.0, 0.0, 0.0, 0.0]
[2026-06-03 09:31:49] [TRAIN] Prompt 26 category: brainstorming
[2026-06-03 09:32:03] [TRAIN] Prompt 26/48: rewards=[0.0, 0.35, 0.0, 0.3]
[2026-06-03 09:32:03] [TRAIN] Prompt 27 category: coding
[2026-06-03 09:32:11] [TRAIN] Prompt 27/48: rewards=[0.175, 0.2, 0.2, 0.0]
[2026-06-03 09:32:25] [TRAIN] Prompt 28/48: rewards=[0.0, 0.35, 0.0, 0.0]
[2026-06-03 09:32:25] [TRAIN] Prompt 29 category: creative writing
[2026-06-03 09:32:34] [TRAIN] Prompt 29/48: rewards=[0.487, 0.45, 0.312, 0.5]
[2026-06-03 09:32:34] [TRAIN] Prompt 30 category: coding
[2026-06-03 09:32:43] [TRAIN] Prompt 30/48: rewards=[0.0, 0.0, 0.2, 0.0]
[2026-06-03 09:32:58] [TRAIN] Prompt 31/48: rewards=[0.5, 0.0, 0.0, 0.0]
[2026-06-03 09:32:58] [TRAIN] Prompt 32 category: instruction following
[2026-06-03 09:33:13] [TRAIN] Prompt 32/48: rewards=[0.0, 0.438, 0.212, 0.0]
[2026-06-03 09:33:13] [TRAIN] Prompt 33 category: coding
[2026-06-03 09:33:22] [TRAIN] Prompt 33/48: rewards=[0.0, 0.0, 0.0, 0.0]
[2026-06-03 09:33:34] [TRAIN] Prompt 34/48: rewards=[0.325, 0.35, 0.362, 0.263]
[2026-06-03 09:33:34] [TRAIN] Prompt 35 category: explanation
[2026-06-03 09:33:47] [TRAIN] Prompt 35/48: rewards=[0.0, 0.5, 0.287, 0.212]
[2026-06-03 09:33:47] [TRAIN] Prompt 36 category: brainstorming
[2026-06-03 09:34:03] [TRAIN] Prompt 36/48: rewards=[0.487, 0.0, 0.0, 0.0]
[2026-06-03 09:34:03] [TRAIN] Prompt 37 category: debugging
[2026-06-03 09:34:11] [TRAIN] Prompt 37/48: rewards=[0.2, 0.2, 0.0, 0.2]
[2026-06-03 09:34:11] [TRAIN] Prompt 38 category: brainstorming
[2026-06-03 09:34:25] [TRAIN] Prompt 38/48: rewards=[0.35, 0.375, 0.0, 0.287]
[2026-06-03 09:34:39] [TRAIN] Prompt 39/48: rewards=[0.0, 0.0, 0.0, 0.287]
[2026-06-03 09:34:54] [TRAIN] Prompt 40/48: rewards=[0.0, 0.3, 0.0, 0.412]
[2026-06-03 09:34:54] [TRAIN] Prompt 41 category: creative writing
[2026-06-03 09:35:08] [TRAIN] Prompt 41/48: rewards=[0.0, 0.25, 0.0, 0.388]
[2026-06-03 09:35:08] [TRAIN] Prompt 42 category: explanation
[2026-06-03 09:35:23] [TRAIN] Prompt 42/48: rewards=[0.0, 0.0, 0.0, 0.0]
[2026-06-03 09:35:36] [TRAIN] Prompt 43/48: rewards=[0.412, 0.45, 0.487, 0.0]
[2026-06-03 09:35:36] [TRAIN] Prompt 44 category: coding
[2026-06-03 09:35:44] [TRAIN] Prompt 44/48: rewards=[0.0, 0.0, 0.225, 0.175]
[2026-06-03 09:35:58] [TRAIN] Prompt 45/48: rewards=[0.225, 0.45, 0.45, 0.0]
[2026-06-03 09:35:58] [TRAIN] Prompt 46 category: creative writing
[2026-06-03 09:36:11] [TRAIN] Prompt 46/48: rewards=[0.0, 0.175, 0.1, 0.0]
[2026-06-03 09:36:11] [TRAIN] Prompt 47 category: brainstorming
[2026-06-03 09:36:25] [TRAIN] Prompt 47/48: rewards=[0.0, 0.225, 0.25, 0.037]
[2026-06-03 09:36:25] [TRAIN] Prompt 48 category: explanation
[2026-06-03 09:36:39] [TRAIN] Prompt 48/48: rewards=[0.537, 0.3, 0.35, 0.375]
[2026-06-03 09:36:39] [TRAIN] Rewards: mean=0.173, 6/192 >0.5 (mode=rubric)
[2026-06-03 09:36:39] [TRAIN] Sleeping replicas via CheckpointEngineManager...
[2026-06-03 09:36:39] [TRAIN] Replicas asleep
[2026-06-03 09:36:39] [TRAIN] Training batch built: {'prompts': torch.Size([192, 377]), 'input_ids': torch.Size([192, 890]), 'attention_mask': torch.Size([192, 890]), 'position_ids': torch.Size([192, 890]), 'responses': torch.Size([192, 513])}
[2026-06-03 09:36:39] [TRAIN] rm_scores computed (last-token placement)
[2026-06-03 09:36:39] [TRAIN] response_mask computed
[2026-06-03 09:37:20] [TRAIN] old_log_probs computed
[2026-06-03 09:37:20] [TRAIN] GRPO advantages computed
[2026-06-03 09:40:16] [TRAIN] Actor update completed — loss=0.0060
[2026-06-03 09:40:17] [TRAIN] Weight sync done in 1.7s (wake handled internally)
[2026-06-03 09:40:17] [TRAIN] train_step completed in 919.6s — reward=0.173 (6/192), loss=0.0060, grad_norm=0.119 | score=0.173, rewards=0.173, adv=-0.006 | rlen=494, plen=67, abort=0.000 | tps=117.1 tok/s/gpu, gen=1.20ms/tok, actor=1.63ms/tok
[2026-06-03 09:40:17] [TRAIN] train_step start: 48 prompts x 4 = 192 total
[2026-06-03 09:40:17] [TRAIN] Generating 192 responses (48 prompts x 4) with 16 concurrent workers
[2026-06-03 09:40:27] [TRAIN] Gen 1/192: prompt=162 resp=2465
[2026-06-03 09:40:27] [TRAIN] Gen 2/192: prompt=162 resp=2432
[2026-06-03 09:40:27] [TRAIN] Gen 3/192: prompt=162 resp=2258
[2026-06-03 09:40:27] [TRAIN] Gen 12/192: prompt=37 resp=2396
[2026-06-03 09:40:27] [TRAIN] Gen 6/192: prompt=54 resp=2344
[2026-06-03 09:40:27] [TRAIN] Gen 16/192: prompt=13 resp=2431
[2026-06-03 09:40:27] [TRAIN] Gen 13/192: prompt=13 resp=2504
[2026-06-03 09:40:27] [TRAIN] Gen 14/192: prompt=13 resp=2347
[2026-06-03 09:40:27] [TRAIN] Gen 7/192: prompt=54 resp=2496
[2026-06-03 09:40:27] [TRAIN] Gen 15/192: prompt=13 resp=2432
[2026-06-03 09:40:27] [TRAIN] Gen 9/192: prompt=37 resp=2265
[2026-06-03 09:40:27] [TRAIN] Gen 10/192: prompt=37 resp=2316
[2026-06-03 09:40:27] [TRAIN] Gen 4/192: prompt=162 resp=2469
[2026-06-03 09:40:27] [TRAIN] Gen 5/192: prompt=54 resp=2395
[2026-06-03 09:40:27] [TRAIN] Gen 11/192: prompt=37 resp=2214
[2026-06-03 09:40:27] [TRAIN] Gen 8/192: prompt=54 resp=2552
[2026-06-03 09:40:32] [TRAIN] Gen 24/192: prompt=8 resp=1052
[2026-06-03 09:40:32] [TRAIN] Gen 23/192: prompt=8 resp=1225
[2026-06-03 09:40:32] [TRAIN] Gen 21/192: prompt=8 resp=1231
[2026-06-03 09:40:32] [TRAIN] Gen 31/192: prompt=28 resp=1400
[2026-06-03 09:40:34] [TRAIN] Gen 30/192: prompt=28 resp=1624
[2026-06-03 09:40:34] [TRAIN] Gen 29/192: prompt=28 resp=1678
[2026-06-03 09:40:34] [TRAIN] Gen 22/192: prompt=8 resp=1680
[2026-06-03 09:40:35] [TRAIN] Gen 32/192: prompt=28 resp=1910
[2026-06-03 09:40:37] [TRAIN] Gen 17/192: prompt=15 resp=1564
[2026-06-03 09:40:37] [TRAIN] Gen 18/192: prompt=15 resp=2202
[2026-06-03 09:40:37] [TRAIN] Gen 19/192: prompt=15 resp=1995
[2026-06-03 09:40:37] [TRAIN] Gen 25/192: prompt=84 resp=2344
[2026-06-03 09:40:37] [TRAIN] Gen 28/192: prompt=84 resp=2286
[2026-06-03 09:40:37] [TRAIN] Gen 26/192: prompt=84 resp=2280
[2026-06-03 09:40:37] [TRAIN] Gen 27/192: prompt=84 resp=2356
[2026-06-03 09:40:37] [TRAIN] Gen 20/192: prompt=15 resp=2092
[2026-06-03 09:40:41] [TRAIN] Gen 33/192: prompt=5 resp=2732
[2026-06-03 09:40:42] [TRAIN] Gen 34/192: prompt=5 resp=2611
[2026-06-03 09:40:42] [TRAIN] Gen 35/192: prompt=5 resp=2723
[2026-06-03 09:40:42] [TRAIN] Gen 36/192: prompt=5 resp=2655
[2026-06-03 09:40:43] [TRAIN] Gen 37/192: prompt=6 resp=2230
[2026-06-03 09:40:44] [TRAIN] Gen 38/192: prompt=6 resp=2257
[2026-06-03 09:40:44] [TRAIN] Gen 39/192: prompt=6 resp=2288
[2026-06-03 09:40:44] [TRAIN] Gen 40/192: prompt=6 resp=2160
[2026-06-03 09:40:46] [TRAIN] Gen 41/192: prompt=47 resp=2312
[2026-06-03 09:40:46] [TRAIN] Gen 42/192: prompt=47 resp=2107
[2026-06-03 09:40:46] [TRAIN] Gen 43/192: prompt=47 resp=2252
[2026-06-03 09:40:47] [TRAIN] Gen 48/192: prompt=11 resp=2425
[2026-06-03 09:40:47] [TRAIN] Gen 44/192: prompt=47 resp=2274
[2026-06-03 09:40:47] [TRAIN] Gen 45/192: prompt=11 resp=2516
[2026-06-03 09:40:47] [TRAIN] Gen 47/192: prompt=11 resp=2342
[2026-06-03 09:40:47] [TRAIN] Gen 46/192: prompt=11 resp=2421
[2026-06-03 09:40:50] [TRAIN] Gen 64/192: prompt=8 resp=793
[2026-06-03 09:40:50] [TRAIN] Gen 63/192: prompt=8 resp=849
[2026-06-03 09:40:50] [TRAIN] Gen 61/192: prompt=8 resp=939
[2026-06-03 09:40:50] [TRAIN] Gen 62/192: prompt=8 resp=982
[2026-06-03 09:40:51] [TRAIN] Gen 49/192: prompt=29 resp=2034
[2026-06-03 09:40:52] [TRAIN] Gen 50/192: prompt=29 resp=1896
[2026-06-03 09:40:52] [TRAIN] Gen 51/192: prompt=29 resp=2087
[2026-06-03 09:40:52] [TRAIN] Gen 52/192: prompt=29 resp=1996
[2026-06-03 09:40:53] [TRAIN] Gen 53/192: prompt=188 resp=2005
[2026-06-03 09:40:53] [TRAIN] Gen 54/192: prompt=188 resp=2033
[2026-06-03 09:40:54] [TRAIN] Gen 55/192: prompt=188 resp=1756
[2026-06-03 09:40:54] [TRAIN] Gen 56/192: prompt=188 resp=1982
[2026-06-03 09:40:56] [TRAIN] Gen 57/192: prompt=16 resp=2262
[2026-06-03 09:40:56] [TRAIN] Gen 58/192: prompt=16 resp=2137
[2026-06-03 09:40:56] [TRAIN] Gen 59/192: prompt=16 resp=2075
[2026-06-03 09:40:56] [TRAIN] Gen 60/192: prompt=16 resp=2205
[2026-06-03 09:41:00] [TRAIN] Gen 65/192: prompt=20 resp=2279
[2026-06-03 09:41:00] [TRAIN] Gen 66/192: prompt=20 resp=2195
[2026-06-03 09:41:00] [TRAIN] Gen 67/192: prompt=20 resp=2265
[2026-06-03 09:41:00] [TRAIN] Gen 68/192: prompt=20 resp=2276
[2026-06-03 09:41:01] [TRAIN] Gen 69/192: prompt=59 resp=2483
[2026-06-03 09:41:02] [TRAIN] Gen 70/192: prompt=59 resp=2555
[2026-06-03 09:41:02] [TRAIN] Gen 71/192: prompt=59 resp=2504
[2026-06-03 09:41:02] [TRAIN] Gen 72/192: prompt=59 resp=2529
[2026-06-03 09:41:03] [TRAIN] Gen 73/192: prompt=8 resp=2241
[2026-06-03 09:41:03] [TRAIN] Gen 74/192: prompt=8 resp=2331
[2026-06-03 09:41:04] [TRAIN] Gen 75/192: prompt=8 resp=2080
[2026-06-03 09:41:04] [TRAIN] Gen 76/192: prompt=8 resp=2407
[2026-06-03 09:41:06] [TRAIN] Gen 77/192: prompt=543 resp=2261
[2026-06-03 09:41:06] [TRAIN] Gen 79/192: prompt=543 resp=2315
[2026-06-03 09:41:06] [TRAIN] Gen 78/192: prompt=543 resp=2307
[2026-06-03 09:41:06] [TRAIN] Gen 80/192: prompt=543 resp=2233
[2026-06-03 09:41:09] [TRAIN] Gen 81/192: prompt=15 resp=2705
[2026-06-03 09:41:09] [TRAIN] Gen 82/192: prompt=15 resp=2525
[2026-06-03 09:41:09] [TRAIN] Gen 83/192: prompt=15 resp=2517
[2026-06-03 09:41:10] [TRAIN] Gen 84/192: prompt=15 resp=2500
[2026-06-03 09:41:10] [TRAIN] Gen 85/192: prompt=35 resp=2015
[2026-06-03 09:41:11] [TRAIN] Gen 86/192: prompt=35 resp=2085
[2026-06-03 09:41:11] [TRAIN] Gen 87/192: prompt=35 resp=2175
[2026-06-03 09:41:11] [TRAIN] Gen 88/192: prompt=35 resp=2283
[2026-06-03 09:41:12] [TRAIN] Gen 89/192: prompt=12 resp=2586
[2026-06-03 09:41:13] [TRAIN] Gen 90/192: prompt=12 resp=2649
[2026-06-03 09:41:13] [TRAIN] Gen 91/192: prompt=12 resp=2597
[2026-06-03 09:41:13] [TRAIN] Gen 92/192: prompt=12 resp=2787
[2026-06-03 09:41:16] [TRAIN] Gen 93/192: prompt=40 resp=2308
[2026-06-03 09:41:16] [TRAIN] Gen 95/192: prompt=40 resp=2246
[2026-06-03 09:41:16] [TRAIN] Gen 94/192: prompt=40 resp=2334
[2026-06-03 09:41:16] [TRAIN] Gen 96/192: prompt=40 resp=2409
[2026-06-03 09:41:16] [TRAIN] Gen 105/192: prompt=7 resp=901
[2026-06-03 09:41:17] [TRAIN] Gen 106/192: prompt=7 resp=1058
[2026-06-03 09:41:18] [TRAIN] Gen 108/192: prompt=7 resp=1080
[2026-06-03 09:41:19] [TRAIN] Gen 97/192: prompt=316 resp=2072
[2026-06-03 09:41:19] [TRAIN] Gen 98/192: prompt=316 resp=2242
[2026-06-03 09:41:19] [TRAIN] Gen 99/192: prompt=316 resp=2114
[2026-06-03 09:41:19] [TRAIN] Gen 100/192: prompt=316 resp=2226
[2026-06-03 09:41:20] [TRAIN] Gen 101/192: prompt=14 resp=2174
[2026-06-03 09:41:20] [TRAIN] Gen 107/192: prompt=7 resp=1769
[2026-06-03 09:41:21] [TRAIN] Gen 102/192: prompt=14 resp=2095
[2026-06-03 09:41:21] [TRAIN] Gen 103/192: prompt=14 resp=2042
[2026-06-03 09:41:21] [TRAIN] Gen 104/192: prompt=14 resp=2006
[2026-06-03 09:41:25] [TRAIN] Gen 109/192: prompt=137 resp=2433
[2026-06-03 09:41:25] [TRAIN] Gen 110/192: prompt=137 resp=2553
[2026-06-03 09:41:25] [TRAIN] Gen 111/192: prompt=137 resp=2498
[2026-06-03 09:41:25] [TRAIN] Gen 112/192: prompt=137 resp=2374
[2026-06-03 09:41:25] [TRAIN] Gen 113/192: prompt=13 resp=2690
[2026-06-03 09:41:26] [TRAIN] Gen 116/192: prompt=13 resp=2054
[2026-06-03 09:41:27] [TRAIN] Gen 114/192: prompt=13 resp=2606
[2026-06-03 09:41:27] [TRAIN] Gen 115/192: prompt=13 resp=2733
[2026-06-03 09:41:28] [TRAIN] Gen 117/192: prompt=7 resp=2793
[2026-06-03 09:41:28] [TRAIN] Gen 118/192: prompt=7 resp=2706
[2026-06-03 09:41:29] [TRAIN] Gen 119/192: prompt=7 resp=2779
[2026-06-03 09:41:29] [TRAIN] Gen 120/192: prompt=7 resp=2861
[2026-06-03 09:41:30] [TRAIN] Gen 121/192: prompt=61 resp=2210
[2026-06-03 09:41:30] [TRAIN] Gen 122/192: prompt=61 resp=2068
[2026-06-03 09:41:30] [TRAIN] Gen 123/192: prompt=61 resp=2092
[2026-06-03 09:41:30] [TRAIN] Gen 124/192: prompt=61 resp=2141
[2026-06-03 09:41:31] [TRAIN] Gen 126/192: prompt=66 resp=1484
[2026-06-03 09:41:34] [TRAIN] Gen 125/192: prompt=66 resp=2207
[2026-06-03 09:41:34] [TRAIN] Gen 127/192: prompt=66 resp=2306
[2026-06-03 09:41:34] [TRAIN] Gen 128/192: prompt=66 resp=2558
[2026-06-03 09:41:35] [TRAIN] Gen 129/192: prompt=21 resp=2141
[2026-06-03 09:41:35] [TRAIN] Gen 133/192: prompt=36 resp=1864
[2026-06-03 09:41:35] [TRAIN] Gen 130/192: prompt=21 resp=2123
[2026-06-03 09:41:36] [TRAIN] Gen 131/192: prompt=21 resp=1887
[2026-06-03 09:41:37] [TRAIN] Gen 132/192: prompt=21 resp=2102
[2026-06-03 09:41:38] [TRAIN] Gen 135/192: prompt=36 resp=2250
[2026-06-03 09:41:38] [TRAIN] Gen 134/192: prompt=36 resp=2461
[2026-06-03 09:41:39] [TRAIN] Gen 136/192: prompt=36 resp=2462
[2026-06-03 09:41:39] [TRAIN] Gen 137/192: prompt=15 resp=2503
[2026-06-03 09:41:40] [TRAIN] Gen 138/192: prompt=15 resp=2334
[2026-06-03 09:41:40] [TRAIN] Gen 139/192: prompt=15 resp=2378
[2026-06-03 09:41:40] [TRAIN] Gen 140/192: prompt=15 resp=2435
[2026-06-03 09:41:40] [TRAIN] Gen 141/192: prompt=157 resp=2232
[2026-06-03 09:41:43] [TRAIN] Gen 142/192: prompt=157 resp=2217
[2026-06-03 09:41:43] [TRAIN] Gen 143/192: prompt=157 resp=2240
[2026-06-03 09:41:44] [TRAIN] Gen 144/192: prompt=157 resp=2276
[2026-06-03 09:41:44] [TRAIN] Gen 145/192: prompt=22 resp=1873
[2026-06-03 09:41:45] [TRAIN] Gen 146/192: prompt=22 resp=2151
[2026-06-03 09:41:45] [TRAIN] Gen 147/192: prompt=22 resp=2054
[2026-06-03 09:41:46] [TRAIN] Gen 148/192: prompt=22 resp=2147
[2026-06-03 09:41:46] [TRAIN] Gen 149/192: prompt=27 resp=2367
[2026-06-03 09:41:47] [TRAIN] Gen 150/192: prompt=27 resp=2345
[2026-06-03 09:41:47] [TRAIN] Gen 157/192: prompt=7 resp=1709
[2026-06-03 09:41:48] [TRAIN] Gen 151/192: prompt=27 resp=2392
[2026-06-03 09:41:49] [TRAIN] Gen 152/192: prompt=27 resp=2144
[2026-06-03 09:41:49] [TRAIN] Gen 159/192: prompt=7 resp=1290
[2026-06-03 09:41:49] [TRAIN] Gen 153/192: prompt=6 resp=2342
[2026-06-03 09:41:49] [TRAIN] Gen 154/192: prompt=6 resp=2296
[2026-06-03 09:41:49] [TRAIN] Gen 155/192: prompt=6 resp=2368
[2026-06-03 09:41:49] [TRAIN] Gen 156/192: prompt=6 resp=2286
[2026-06-03 09:41:50] [TRAIN] Gen 160/192: prompt=7 resp=1403
[2026-06-03 09:41:50] [TRAIN] Gen 158/192: prompt=7 resp=1727
[2026-06-03 09:41:54] [TRAIN] Gen 161/192: prompt=9 resp=2281
[2026-06-03 09:41:54] [TRAIN] Gen 162/192: prompt=9 resp=2273
[2026-06-03 09:41:54] [TRAIN] Gen 163/192: prompt=9 resp=2082
[2026-06-03 09:41:55] [TRAIN] Gen 164/192: prompt=9 resp=2047
[2026-06-03 09:41:55] [TRAIN] Gen 165/192: prompt=13 resp=2325
[2026-06-03 09:41:57] [TRAIN] Gen 166/192: prompt=13 resp=2309
[2026-06-03 09:41:57] [TRAIN] Gen 167/192: prompt=13 resp=2290
[2026-06-03 09:41:57] [TRAIN] Gen 168/192: prompt=13 resp=2399
[2026-06-03 09:41:58] [TRAIN] Gen 169/192: prompt=309 resp=2553
[2026-06-03 09:41:58] [TRAIN] Gen 170/192: prompt=309 resp=2622
[2026-06-03 09:41:59] [TRAIN] Gen 171/192: prompt=309 resp=2474
[2026-06-03 09:41:59] [TRAIN] Gen 172/192: prompt=309 resp=2309
[2026-06-03 09:41:59] [TRAIN] Gen 173/192: prompt=18 resp=1021
[2026-06-03 09:41:59] [TRAIN] Gen 174/192: prompt=18 resp=1018
[2026-06-03 09:42:00] [TRAIN] Gen 175/192: prompt=18 resp=991
[2026-06-03 09:42:00] [TRAIN] Gen 176/192: prompt=18 resp=1025
[2026-06-03 09:42:04] [TRAIN] Gen 177/192: prompt=6 resp=2311
[2026-06-03 09:42:05] [TRAIN] Gen 178/192: prompt=6 resp=2289
[2026-06-03 09:42:05] [TRAIN] Gen 179/192: prompt=6 resp=2251
[2026-06-03 09:42:05] [TRAIN] Gen 180/192: prompt=6 resp=2418
[2026-06-03 09:42:06] [TRAIN] Gen 181/192: prompt=3 resp=2743
[2026-06-03 09:42:07] [TRAIN] Gen 182/192: prompt=3 resp=2580
[2026-06-03 09:42:07] [TRAIN] Gen 183/192: prompt=3 resp=2884
[2026-06-03 09:42:07] [TRAIN] Gen 184/192: prompt=3 resp=2686
[2026-06-03 09:42:08] [TRAIN] Gen 185/192: prompt=10 resp=1929
[2026-06-03 09:42:08] [TRAIN] Gen 186/192: prompt=10 resp=1918
[2026-06-03 09:42:08] [TRAIN] Gen 187/192: prompt=10 resp=1872
[2026-06-03 09:42:09] [TRAIN] Gen 188/192: prompt=10 resp=1876
[2026-06-03 09:42:09] [TRAIN] Gen 189/192: prompt=14 resp=2548
[2026-06-03 09:42:09] [TRAIN] Gen 190/192: prompt=14 resp=2573
[2026-06-03 09:42:09] [TRAIN] Gen 191/192: prompt=14 resp=2492
[2026-06-03 09:42:10] [TRAIN] Gen 192/192: prompt=14 resp=2499
[2026-06-03 09:42:10] [TRAIN] Generation done in 112.2s
[2026-06-03 09:42:25] [TRAIN] Prompt 1/48: rewards=[0.0, 0.5, 0.0, 0.0]
[2026-06-03 09:42:25] [TRAIN] Prompt 2 category: creative writing
[2026-06-03 09:42:40] [TRAIN] Prompt 2/48: rewards=[0.0, 0.188, 0.0, 0.0]
[2026-06-03 09:42:40] [TRAIN] Prompt 3 category: copywriting
[2026-06-03 09:42:53] [TRAIN] Prompt 3/48: rewards=[0.3, 0.312, 0.787, 0.338]
[2026-06-03 09:42:53] [TRAIN] Prompt 4 category: brainstorming
[2026-06-03 09:43:07] [TRAIN] Prompt 4/48: rewards=[0.0, 0.0, 0.375, 0.212]
[2026-06-03 09:43:07] [TRAIN] Prompt 5 category: coding
[2026-06-03 09:43:15] [TRAIN] Prompt 5/48: rewards=[0.2, 0.0, 0.0, 0.0]
[2026-06-03 09:43:15] [TRAIN] Prompt 6 category: coding
[2026-06-03 09:43:23] [TRAIN] Prompt 6/48: rewards=[0.0, 0.0, 0.0, 0.0]
[2026-06-03 09:43:23] [TRAIN] Prompt 7 category: instruction following
[2026-06-03 09:43:37] [TRAIN] Prompt 7/48: rewards=[0.287, 0.0, 0.0, 0.35]
[2026-06-03 09:43:37] [TRAIN] Prompt 8 category: creative writing
[2026-06-03 09:43:51] [TRAIN] Prompt 8/48: rewards=[0.438, 0.35, 0.0, 0.537]
[2026-06-03 09:43:51] [TRAIN] Prompt 9 category: explanation
[2026-06-03 09:44:05] [TRAIN] Prompt 9/48: rewards=[0.263, 0.0, 0.237, 0.3]
[2026-06-03 09:44:05] [TRAIN] Prompt 10 category: creative writing
[2026-06-03 09:44:19] [TRAIN] Prompt 10/48: rewards=[0.175, 0.237, 0.0, 0.0]
[2026-06-03 09:44:33] [TRAIN] Prompt 11/48: rewards=[0.237, 0.0, 0.212, 0.35]
[2026-06-03 09:44:33] [TRAIN] Prompt 12 category: explanation
[2026-06-03 09:44:49] [TRAIN] Prompt 12/48: rewards=[0.0, 0.0, 0.312, 0.388]
[2026-06-03 09:44:49] [TRAIN] Prompt 13 category: translation
[2026-06-03 09:45:03] [TRAIN] Prompt 13/48: rewards=[0.613, 0.338, 0.0, 0.4]
[2026-06-03 09:45:03] [TRAIN] Prompt 14 category: coding
[2026-06-03 09:45:12] [TRAIN] Prompt 14/48: rewards=[0.25, 0.0, 0.0, 0.0]
[2026-06-03 09:45:12] [TRAIN] Prompt 15 category: brainstorming
[2026-06-03 09:45:27] [TRAIN] Prompt 15/48: rewards=[0.4, 0.388, 0.0, 0.0]
[2026-06-03 09:45:27] [TRAIN] Prompt 16 category: coding
[2026-06-03 09:45:34] [TRAIN] Prompt 16/48: rewards=[0.0, 0.0, 0.15, 0.1]
[2026-06-03 09:45:34] [TRAIN] Prompt 17 category: coding
[2026-06-03 09:45:42] [TRAIN] Prompt 17/48: rewards=[0.225, 0.0, 0.0, 0.2]
[2026-06-03 09:45:42] [TRAIN] Prompt 18 category: creative writing
[2026-06-03 09:45:58] [TRAIN] Prompt 18/48: rewards=[0.275, 0.425, 0.0, 0.0]
[2026-06-03 09:45:58] [TRAIN] Prompt 19 category: coding
[2026-06-03 09:46:06] [TRAIN] Prompt 19/48: rewards=[0.0, 0.0, 0.0, 0.0]
[2026-06-03 09:46:06] [TRAIN] Prompt 20 category: debugging
[2026-06-03 09:46:14] [TRAIN] Prompt 20/48: rewards=[0.0, 0.0, 0.0, 0.0]
[2026-06-03 09:46:14] [TRAIN] Prompt 21 category: brainstorming
[2026-06-03 09:46:26] [TRAIN] Prompt 21/48: rewards=[0.312, 0.325, 0.325, 0.4]
[2026-06-03 09:46:40] [TRAIN] Prompt 22/48: rewards=[0.0, 0.287, 0.2, 0.35]
[2026-06-03 09:46:40] [TRAIN] Prompt 23 category: explanation
[2026-06-03 09:46:54] [TRAIN] Prompt 23/48: rewards=[0.0, 0.35, 0.275, 0.338]
[2026-06-03 09:46:54] [TRAIN] Prompt 24 category: translation
[2026-06-03 09:47:09] [TRAIN] Prompt 24/48: rewards=[0.3, 0.25, 0.0, 0.0]
[2026-06-03 09:47:09] [TRAIN] Prompt 25 category: coding
[2026-06-03 09:47:17] [TRAIN] Prompt 25/48: rewards=[0.1, 0.0, 0.0, 0.0]
[2026-06-03 09:47:17] [TRAIN] Prompt 26 category: explanation
[2026-06-03 09:47:32] [TRAIN] Prompt 26/48: rewards=[0.0, 0.512, 0.0, 0.512]
[2026-06-03 09:47:32] [TRAIN] Prompt 27 category: translation
[2026-06-03 09:47:44] [TRAIN] Prompt 27/48: rewards=[0.5, 0.487, 0.55, 1.0]
[2026-06-03 09:47:44] [TRAIN] Prompt 28 category: logical reasoning
[2026-06-03 09:47:53] [TRAIN] Prompt 28/48: rewards=[0.0, 0.475, 0.0, 0.0]
[2026-06-03 09:47:53] [TRAIN] Prompt 29 category: creative writing
[2026-06-03 09:48:07] [TRAIN] Prompt 29/48: rewards=[0.237, 0.075, 0.0, 0.55]
[2026-06-03 09:48:07] [TRAIN] Prompt 30 category: explanation
[2026-06-03 09:48:20] [TRAIN] Prompt 30/48: rewards=[0.0, 0.412, 0.325, 0.0]
[2026-06-03 09:48:20] [TRAIN] Prompt 31 category: coding
[2026-06-03 09:48:28] [TRAIN] Prompt 31/48: rewards=[0.0, 0.0, 0.0, 0.0]
[2026-06-03 09:48:42] [TRAIN] Prompt 32/48: rewards=[0.45, 0.55, 0.0, 0.35]
[2026-06-03 09:48:42] [TRAIN] Prompt 33 category: brainstorming
[2026-06-03 09:48:56] [TRAIN] Prompt 33/48: rewards=[0.0, 0.0, 0.263, 0.3]
[2026-06-03 09:48:56] [TRAIN] Prompt 34 category: brainstorming
[2026-06-03 09:49:10] [TRAIN] Prompt 34/48: rewards=[0.537, 0.0, 0.45, 0.512]
[2026-06-03 09:49:24] [TRAIN] Prompt 35/48: rewards=[0.325, 0.0, 0.575, 0.0]
[2026-06-03 09:49:36] [TRAIN] Prompt 36/48: rewards=[0.375, 0.438, 0.287, 0.562]
[2026-06-03 09:49:36] [TRAIN] Prompt 37 category: instruction following
[2026-06-03 09:49:50] [TRAIN] Prompt 37/48: rewards=[0.25, 0.312, 0.1, 0.287]
[2026-06-03 09:49:50] [TRAIN] Prompt 38 category: debugging
[2026-06-03 09:49:57] [TRAIN] Prompt 38/48: rewards=[0.15, 0.0, 0.0, 0.1]
[2026-06-03 09:49:57] [TRAIN] Prompt 39 category: coding
[2026-06-03 09:50:05] [TRAIN] Prompt 39/48: rewards=[0.0, 0.0, 0.15, 0.0]
[2026-06-03 09:50:05] [TRAIN] Prompt 40 category: coding
[2026-06-03 09:50:14] [TRAIN] Prompt 40/48: rewards=[0.0, 0.2, 0.0, 0.0]
[2026-06-03 09:50:14] [TRAIN] Prompt 41 category: coding
[2026-06-03 09:50:22] [TRAIN] Prompt 41/48: rewards=[0.3, 0.0, 0.0, 0.0]
[2026-06-03 09:50:22] [TRAIN] Prompt 42 category: logical reasoning
[2026-06-03 09:50:31] [TRAIN] Prompt 42/48: rewards=[0.475, 0.0, 0.475, 0.0]
[2026-06-03 09:50:31] [TRAIN] Prompt 43 category: instruction following
[2026-06-03 09:50:45] [TRAIN] Prompt 43/48: rewards=[0.388, 0.537, 0.0, 0.0]
[2026-06-03 09:50:45] [TRAIN] Prompt 44 category: translation
[2026-06-03 09:50:55] [TRAIN] Prompt 44/48: rewards=[0.463, 0.237, 0.275, 0.425]
[2026-06-03 09:50:55] [TRAIN] Prompt 45 category: creative writing
[2026-06-03 09:51:10] [TRAIN] Prompt 45/48: rewards=[0.0, 0.45, 0.362, 0.35]
[2026-06-03 09:51:10] [TRAIN] Prompt 46 category: instruction following
[2026-06-03 09:51:20] [TRAIN] Prompt 46/48: rewards=[0.338, 0.325, 0.325, 0.325]
[2026-06-03 09:51:35] [TRAIN] Prompt 47/48: rewards=[0.0, 0.375, 0.3, 0.0]
[2026-06-03 09:51:35] [TRAIN] Prompt 48 category: creative writing
[2026-06-03 09:51:50] [TRAIN] Prompt 48/48: rewards=[0.0, 0.212, 0.475, 0.425]
[2026-06-03 09:51:50] [TRAIN] Rewards: mean=0.190, 14/192 >0.5 (mode=rubric)
[2026-06-03 09:51:50] [TRAIN] Sleeping replicas via CheckpointEngineManager...
[2026-06-03 09:51:50] [TRAIN] Replicas asleep
[2026-06-03 09:51:50] [TRAIN] Training batch built: {'prompts': torch.Size([192, 543]), 'input_ids': torch.Size([192, 1055]), 'attention_mask': torch.Size([192, 1055]), 'position_ids': torch.Size([192, 1055]), 'responses': torch.Size([192, 512])}
[2026-06-03 09:51:50] [TRAIN] rm_scores computed (last-token placement)
[2026-06-03 09:51:50] [TRAIN] response_mask computed
[2026-06-03 09:52:32] [TRAIN] old_log_probs computed
[2026-06-03 09:52:32] [TRAIN] GRPO advantages computed
[2026-06-03 09:55:31] [TRAIN] Actor update completed — loss=0.0031
[2026-06-03 09:55:33] [TRAIN] Weight sync done in 1.7s (wake handled internally)
[2026-06-03 09:55:33] [TRAIN] train_step completed in 915.4s — reward=0.190 (14/192), loss=0.0031, grad_norm=0.129 | score=0.190, rewards=0.190, adv=-0.003 | rlen=485, plen=57, abort=0.000 | tps=113.7 tok/s/gpu, gen=1.20ms/tok, actor=1.72ms/tok
[2026-06-03 09:55:33] [TRAIN] train_step start: 48 prompts x 4 = 192 total
[2026-06-03 09:55:33] [TRAIN] Generating 192 responses (48 prompts x 4) with 16 concurrent workers
[2026-06-03 09:55:38] [TRAIN] Gen 2/192: prompt=36 resp=1205
[2026-06-03 09:55:39] [TRAIN] Gen 4/192: prompt=36 resp=1477
[2026-06-03 09:55:39] [TRAIN] Gen 3/192: prompt=36 resp=1699
[2026-06-03 09:55:39] [TRAIN] Gen 1/192: prompt=36 resp=1679
[2026-06-03 09:55:42] [TRAIN] Gen 16/192: prompt=7 resp=1967
[2026-06-03 09:55:42] [TRAIN] Gen 13/192: prompt=7 resp=2275
[2026-06-03 09:55:42] [TRAIN] Gen 6/192: prompt=12 resp=2634
[2026-06-03 09:55:42] [TRAIN] Gen 11/192: prompt=21 resp=2422
[2026-06-03 09:55:42] [TRAIN] Gen 12/192: prompt=21 resp=2126
[2026-06-03 09:55:42] [TRAIN] Gen 7/192: prompt=12 resp=2631
[2026-06-03 09:55:42] [TRAIN] Gen 14/192: prompt=7 resp=2327
[2026-06-03 09:55:42] [TRAIN] Gen 15/192: prompt=7 resp=2246
[2026-06-03 09:55:42] [TRAIN] Gen 8/192: prompt=12 resp=2604
[2026-06-03 09:55:42] [TRAIN] Gen 9/192: prompt=21 resp=2334
[2026-06-03 09:55:42] [TRAIN] Gen 10/192: prompt=21 resp=2228
[2026-06-03 09:55:42] [TRAIN] Gen 5/192: prompt=12 resp=2664
[2026-06-03 09:55:47] [TRAIN] Gen 25/192: prompt=10 resp=1031
[2026-06-03 09:55:47] [TRAIN] Gen 17/192: prompt=52 resp=2098
[2026-06-03 09:55:47] [TRAIN] Gen 27/192: prompt=10 resp=1161
[2026-06-03 09:55:48] [TRAIN] Gen 18/192: prompt=52 resp=2206
[2026-06-03 09:55:49] [TRAIN] Gen 19/192: prompt=52 resp=2265
[2026-06-03 09:55:49] [TRAIN] Gen 20/192: prompt=52 resp=2195
[2026-06-03 09:55:52] [TRAIN] Gen 24/192: prompt=23 resp=2509
[2026-06-03 09:55:52] [TRAIN] Gen 30/192: prompt=357 resp=2331
[2026-06-03 09:55:52] [TRAIN] Gen 31/192: prompt=357 resp=2268
[2026-06-03 09:55:52] [TRAIN] Gen 22/192: prompt=23 resp=2387
[2026-06-03 09:55:52] [TRAIN] Gen 29/192: prompt=357 resp=2291
[2026-06-03 09:55:52] [TRAIN] Gen 26/192: prompt=10 resp=2226
[2026-06-03 09:55:52] [TRAIN] Gen 32/192: prompt=357 resp=2220
[2026-06-03 09:55:52] [TRAIN] Gen 23/192: prompt=23 resp=2429
[2026-06-03 09:55:52] [TRAIN] Gen 21/192: prompt=23 resp=2466
[2026-06-03 09:55:52] [TRAIN] Gen 28/192: prompt=10 resp=2087
[2026-06-03 09:55:57] [TRAIN] Gen 33/192: prompt=15 resp=2260
[2026-06-03 09:55:57] [TRAIN] Gen 34/192: prompt=15 resp=2173
[2026-06-03 09:55:57] [TRAIN] Gen 35/192: prompt=15 resp=2209
[2026-06-03 09:55:58] [TRAIN] Gen 36/192: prompt=15 resp=2187
[2026-06-03 09:55:59] [TRAIN] Gen 37/192: prompt=8 resp=2425
[2026-06-03 09:55:59] [TRAIN] Gen 38/192: prompt=8 resp=2316
[2026-06-03 09:56:02] [TRAIN] Gen 54/192: prompt=7 resp=656
[2026-06-03 09:56:02] [TRAIN] Gen 39/192: prompt=8 resp=2272
[2026-06-03 09:56:02] [TRAIN] Gen 48/192: prompt=194 resp=2235
[2026-06-03 09:56:02] [TRAIN] Gen 44/192: prompt=62 resp=2399
[2026-06-03 09:56:02] [TRAIN] Gen 40/192: prompt=8 resp=2329
[2026-06-03 09:56:02] [TRAIN] Gen 43/192: prompt=62 resp=2387
[2026-06-03 09:56:02] [TRAIN] Gen 45/192: prompt=194 resp=2305
[2026-06-03 09:56:02] [TRAIN] Gen 42/192: prompt=62 resp=2445
[2026-06-03 09:56:02] [TRAIN] Gen 46/192: prompt=194 resp=2231
[2026-06-03 09:56:02] [TRAIN] Gen 41/192: prompt=62 resp=2472
[2026-06-03 09:56:02] [TRAIN] Gen 47/192: prompt=194 resp=2268
[2026-06-03 09:56:03] [TRAIN] Gen 53/192: prompt=7 resp=1173
[2026-06-03 09:56:05] [TRAIN] Gen 56/192: prompt=7 resp=639
[2026-06-03 09:56:06] [TRAIN] Gen 55/192: prompt=7 resp=1022
[2026-06-03 09:56:06] [TRAIN] Gen 49/192: prompt=43 resp=2729
[2026-06-03 09:56:07] [TRAIN] Gen 50/192: prompt=43 resp=2570
[2026-06-03 09:56:07] [TRAIN] Gen 51/192: prompt=43 resp=2640
[2026-06-03 09:56:08] [TRAIN] Gen 52/192: prompt=43 resp=2605
[2026-06-03 09:56:12] [TRAIN] Gen 61/192: prompt=11 resp=2602
[2026-06-03 09:56:12] [TRAIN] Gen 62/192: prompt=11 resp=2571
[2026-06-03 09:56:12] [TRAIN] Gen 65/192: prompt=34 resp=2408
[2026-06-03 09:56:12] [TRAIN] Gen 60/192: prompt=15 resp=2247
[2026-06-03 09:56:12] [TRAIN] Gen 57/192: prompt=15 resp=2161
[2026-06-03 09:56:12] [TRAIN] Gen 63/192: prompt=11 resp=2607
[2026-06-03 09:56:12] [TRAIN] Gen 64/192: prompt=11 resp=2584
[2026-06-03 09:56:12] [TRAIN] Gen 59/192: prompt=15 resp=2077
[2026-06-03 09:56:12] [TRAIN] Gen 58/192: prompt=15 resp=2176
[2026-06-03 09:56:13] [TRAIN] Gen 66/192: prompt=34 resp=2477
[2026-06-03 09:56:14] [TRAIN] Gen 67/192: prompt=34 resp=2419
[2026-06-03 09:56:15] [TRAIN] Gen 68/192: prompt=34 resp=2398
[2026-06-03 09:56:16] [TRAIN] Gen 69/192: prompt=5 resp=2724
[2026-06-03 09:56:16] [TRAIN] Gen 70/192: prompt=5 resp=2747
[2026-06-03 09:56:16] [TRAIN] Gen 71/192: prompt=5 resp=2798
[2026-06-03 09:56:17] [TRAIN] Gen 72/192: prompt=5 resp=2792
[2026-06-03 09:56:21] [TRAIN] Gen 77/192: prompt=11 resp=2174
[2026-06-03 09:56:21] [TRAIN] Gen 73/192: prompt=8 resp=2520
[2026-06-03 09:56:21] [TRAIN] Gen 74/192: prompt=8 resp=2301
[2026-06-03 09:56:21] [TRAIN] Gen 78/192: prompt=11 resp=2021
[2026-06-03 09:56:21] [TRAIN] Gen 75/192: prompt=8 resp=2355
[2026-06-03 09:56:21] [TRAIN] Gen 79/192: prompt=11 resp=2137
[2026-06-03 09:56:21] [TRAIN] Gen 76/192: prompt=8 resp=2271
[2026-06-03 09:56:21] [TRAIN] Gen 81/192: prompt=19 resp=2210
[2026-06-03 09:56:21] [TRAIN] Gen 80/192: prompt=11 resp=2101
[2026-06-03 09:56:22] [TRAIN] Gen 82/192: prompt=19 resp=2216
[2026-06-03 09:56:22] [TRAIN] Gen 86/192: prompt=12 resp=1833
[2026-06-03 09:56:23] [TRAIN] Gen 83/192: prompt=19 resp=2126
[2026-06-03 09:56:24] [TRAIN] Gen 84/192: prompt=19 resp=2124
[2026-06-03 09:56:25] [TRAIN] Gen 85/192: prompt=12 resp=2583
[2026-06-03 09:56:25] [TRAIN] Gen 98/192: prompt=8 resp=714
[2026-06-03 09:56:25] [TRAIN] Gen 87/192: prompt=12 resp=2571
[2026-06-03 09:56:26] [TRAIN] Gen 88/192: prompt=12 resp=2614
[2026-06-03 09:56:27] [TRAIN] Gen 97/192: prompt=8 resp=1552
[2026-06-03 09:56:27] [TRAIN] Gen 99/192: prompt=8 resp=1227
[2026-06-03 09:56:27] [TRAIN] Gen 90/192: prompt=8 resp=1681
[2026-06-03 09:56:27] [TRAIN] Gen 89/192: prompt=8 resp=1366
[2026-06-03 09:56:28] [TRAIN] Gen 92/192: prompt=8 resp=1680
[2026-06-03 09:56:28] [TRAIN] Gen 100/192: prompt=8 resp=1381
[2026-06-03 09:56:30] [TRAIN] Gen 91/192: prompt=8 resp=2341
[2026-06-03 09:56:30] [TRAIN] Gen 93/192: prompt=294 resp=2382
[2026-06-03 09:56:30] [TRAIN] Gen 94/192: prompt=294 resp=2429
[2026-06-03 09:56:30] [TRAIN] Gen 96/192: prompt=294 resp=2338
[2026-06-03 09:56:30] [TRAIN] Gen 95/192: prompt=294 resp=2397
[2026-06-03 09:56:34] [TRAIN] Gen 101/192: prompt=31 resp=1497
[2026-06-03 09:56:34] [TRAIN] Gen 102/192: prompt=31 resp=1637
[2026-06-03 09:56:34] [TRAIN] Gen 103/192: prompt=31 resp=1605
[2026-06-03 09:56:35] [TRAIN] Gen 104/192: prompt=31 resp=1701
[2026-06-03 09:56:35] [TRAIN] Gen 105/192: prompt=12 resp=2051
[2026-06-03 09:56:36] [TRAIN] Gen 106/192: prompt=12 resp=2112
[2026-06-03 09:56:37] [TRAIN] Gen 107/192: prompt=12 resp=2131
[2026-06-03 09:56:37] [TRAIN] Gen 108/192: prompt=12 resp=2079
[2026-06-03 09:56:37] [TRAIN] Gen 109/192: prompt=82 resp=2770
[2026-06-03 09:56:38] [TRAIN] Gen 110/192: prompt=82 resp=2847
[2026-06-03 09:56:38] [TRAIN] Gen 111/192: prompt=82 resp=2868
[2026-06-03 09:56:38] [TRAIN] Gen 113/192: prompt=60 resp=2355
[2026-06-03 09:56:39] [TRAIN] Gen 112/192: prompt=82 resp=2768
[2026-06-03 09:56:39] [TRAIN] Gen 115/192: prompt=60 resp=2243
[2026-06-03 09:56:39] [TRAIN] Gen 116/192: prompt=60 resp=2356
[2026-06-03 09:56:39] [TRAIN] Gen 114/192: prompt=60 resp=2607
[2026-06-03 09:56:43] [TRAIN] Gen 117/192: prompt=69 resp=2325
[2026-06-03 09:56:44] [TRAIN] Gen 118/192: prompt=69 resp=2292
[2026-06-03 09:56:44] [TRAIN] Gen 119/192: prompt=69 resp=2269
[2026-06-03 09:56:44] [TRAIN] Gen 120/192: prompt=69 resp=2344
[2026-06-03 09:56:45] [TRAIN] Gen 121/192: prompt=17 resp=2684
[2026-06-03 09:56:46] [TRAIN] Gen 122/192: prompt=17 resp=2627
[2026-06-03 09:56:46] [TRAIN] Gen 123/192: prompt=17 resp=2631
[2026-06-03 09:56:47] [TRAIN] Gen 124/192: prompt=17 resp=2657
[2026-06-03 09:56:47] [TRAIN] Gen 125/192: prompt=13 resp=2239
[2026-06-03 09:56:47] [TRAIN] Gen 126/192: prompt=13 resp=2193
[2026-06-03 09:56:48] [TRAIN] Gen 134/192: prompt=7 resp=850
[2026-06-03 09:56:48] [TRAIN] Gen 127/192: prompt=13 resp=2162
[2026-06-03 09:56:48] [TRAIN] Gen 128/192: prompt=13 resp=2271
[2026-06-03 09:56:49] [TRAIN] Gen 131/192: prompt=26 resp=2210
[2026-06-03 09:56:49] [TRAIN] Gen 130/192: prompt=26 resp=2159
[2026-06-03 09:56:49] [TRAIN] Gen 129/192: prompt=26 resp=2168
[2026-06-03 09:56:49] [TRAIN] Gen 132/192: prompt=26 resp=2227
[2026-06-03 09:56:49] [TRAIN] Gen 133/192: prompt=7 resp=1330
[2026-06-03 09:56:50] [TRAIN] Gen 136/192: prompt=7 resp=1352
[2026-06-03 09:56:53] [TRAIN] Gen 135/192: prompt=7 resp=2136
[2026-06-03 09:56:55] [TRAIN] Gen 137/192: prompt=9 resp=2543
[2026-06-03 09:56:55] [TRAIN] Gen 138/192: prompt=9 resp=2685
[2026-06-03 09:56:56] [TRAIN] Gen 139/192: prompt=9 resp=2730
[2026-06-03 09:56:56] [TRAIN] Gen 140/192: prompt=9 resp=2445
[2026-06-03 09:56:56] [TRAIN] Gen 141/192: prompt=36 resp=2602
[2026-06-03 09:56:57] [TRAIN] Gen 142/192: prompt=36 resp=2652
[2026-06-03 09:56:57] [TRAIN] Gen 143/192: prompt=36 resp=2512
[2026-06-03 09:56:57] [TRAIN] Gen 144/192: prompt=36 resp=2558
[2026-06-03 09:56:58] [TRAIN] Gen 145/192: prompt=80 resp=2501
[2026-06-03 09:56:59] [TRAIN] Gen 146/192: prompt=80 resp=2571
[2026-06-03 09:56:59] [TRAIN] Gen 148/192: prompt=80 resp=2389
[2026-06-03 09:56:59] [TRAIN] Gen 149/192: prompt=19 resp=2439
[2026-06-03 09:56:59] [TRAIN] Gen 147/192: prompt=80 resp=2581
[2026-06-03 09:56:59] [TRAIN] Gen 150/192: prompt=19 resp=2294
[2026-06-03 09:57:00] [TRAIN] Gen 151/192: prompt=19 resp=2283
[2026-06-03 09:57:03] [TRAIN] Gen 152/192: prompt=19 resp=2338
[2026-06-03 09:57:04] [TRAIN] Gen 153/192: prompt=29 resp=2232
[2026-06-03 09:57:05] [TRAIN] Gen 154/192: prompt=29 resp=2125
[2026-06-03 09:57:05] [TRAIN] Gen 155/192: prompt=29 resp=2094
[2026-06-03 09:57:06] [TRAIN] Gen 156/192: prompt=29 resp=2102
[2026-06-03 09:57:06] [TRAIN] Gen 157/192: prompt=26 resp=1804
[2026-06-03 09:57:07] [TRAIN] Gen 158/192: prompt=26 resp=1807
[2026-06-03 09:57:07] [TRAIN] Gen 159/192: prompt=26 resp=1643
[2026-06-03 09:57:07] [TRAIN] Gen 160/192: prompt=26 resp=1818
[2026-06-03 09:57:07] [TRAIN] Gen 161/192: prompt=11 resp=2790
[2026-06-03 09:57:08] [TRAIN] Gen 164/192: prompt=11 resp=2744
[2026-06-03 09:57:08] [TRAIN] Gen 163/192: prompt=11 resp=2743
[2026-06-03 09:57:08] [TRAIN] Gen 162/192: prompt=11 resp=2773
[2026-06-03 09:57:08] [TRAIN] Gen 165/192: prompt=14 resp=2468
[2026-06-03 09:57:09] [TRAIN] Gen 166/192: prompt=14 resp=2399
[2026-06-03 09:57:10] [TRAIN] Gen 167/192: prompt=14 resp=2501
[2026-06-03 09:57:11] [TRAIN] Gen 170/192: prompt=14 resp=1733
[2026-06-03 09:57:13] [TRAIN] Gen 168/192: prompt=14 resp=2538
[2026-06-03 09:57:13] [TRAIN] Gen 171/192: prompt=14 resp=2062
[2026-06-03 09:57:14] [TRAIN] Gen 169/192: prompt=14 resp=2588
[2026-06-03 09:57:16] [TRAIN] Gen 172/192: prompt=14 resp=2574
[2026-06-03 09:57:16] [TRAIN] Gen 173/192: prompt=15 resp=2362
[2026-06-03 09:57:17] [TRAIN] Gen 174/192: prompt=15 resp=2444
[2026-06-03 09:57:17] [TRAIN] Gen 175/192: prompt=15 resp=2443
[2026-06-03 09:57:17] [TRAIN] Gen 176/192: prompt=15 resp=2440
[2026-06-03 09:57:17] [TRAIN] Gen 177/192: prompt=7 resp=2287
[2026-06-03 09:57:18] [TRAIN] Gen 178/192: prompt=7 resp=2428
[2026-06-03 09:57:18] [TRAIN] Gen 180/192: prompt=7 resp=2318
[2026-06-03 09:57:18] [TRAIN] Gen 179/192: prompt=7 resp=2417
[2026-06-03 09:57:18] [TRAIN] Gen 181/192: prompt=52 resp=2276
[2026-06-03 09:57:19] [TRAIN] Gen 182/192: prompt=52 resp=2433
[2026-06-03 09:57:20] [TRAIN] Gen 183/192: prompt=52 resp=2411
[2026-06-03 09:57:21] [TRAIN] Gen 184/192: prompt=52 resp=2482
[2026-06-03 09:57:23] [TRAIN] Gen 185/192: prompt=11 resp=2557
[2026-06-03 09:57:23] [TRAIN] Gen 186/192: prompt=11 resp=2512
[2026-06-03 09:57:24] [TRAIN] Gen 187/192: prompt=11 resp=2679
[2026-06-03 09:57:25] [TRAIN] Gen 188/192: prompt=11 resp=2668
[2026-06-03 09:57:25] [TRAIN] Gen 189/192: prompt=12 resp=2322
[2026-06-03 09:57:26] [TRAIN] Gen 190/192: prompt=12 resp=2430
[2026-06-03 09:57:26] [TRAIN] Gen 191/192: prompt=12 resp=2291
[2026-06-03 09:57:27] [TRAIN] Gen 192/192: prompt=12 resp=2348
[2026-06-03 09:57:27] [TRAIN] Generation done in 113.7s
[2026-06-03 09:57:27] [TRAIN] Prompt 1 category: coding
[2026-06-03 09:57:33] [TRAIN] Prompt 1/48: rewards=[0.0, 0.1, 0.0, 0.2]
[2026-06-03 09:57:33] [TRAIN] Prompt 2 category: brainstorming
[2026-06-03 09:57:44] [TRAIN] Prompt 2/48: rewards=[0.225, 0.338, 0.2, 0.338]
[2026-06-03 09:57:44] [TRAIN] Prompt 3 category: creative writing
[2026-06-03 09:57:55] [TRAIN] Prompt 3/48: rewards=[0.0, 0.0, 0.4, 0.438]
[2026-06-03 09:58:09] [TRAIN] Prompt 4/48: rewards=[0.3, 0.0, 0.25, 0.438]
[2026-06-03 09:58:09] [TRAIN] Prompt 5 category: creative writing
[2026-06-03 09:58:23] [TRAIN] Prompt 5/48: rewards=[0.487, 0.45, 0.0, 0.475]
[2026-06-03 09:58:23] [TRAIN] Prompt 6 category: brainstorming
[2026-06-03 09:58:37] [TRAIN] Prompt 6/48: rewards=[0.163, 0.0, 0.0, 0.3]
[2026-06-03 09:58:37] [TRAIN] Prompt 7 category: creative writing
[2026-06-03 09:58:49] [TRAIN] Prompt 7/48: rewards=[0.425, 0.163, 1.0, 0.0]
[2026-06-03 09:58:49] [TRAIN] Prompt 8 category: debugging
[2026-06-03 09:58:56] [TRAIN] Prompt 8/48: rewards=[0.0, 0.1, 0.0, 0.0]
[2026-06-03 09:58:56] [TRAIN] Prompt 9 category: coding
[2026-06-03 09:59:03] [TRAIN] Prompt 9/48: rewards=[0.0, 0.0, 0.15, 0.0]
[2026-06-03 09:59:03] [TRAIN] Prompt 10 category: creative writing
[2026-06-03 09:59:16] [TRAIN] Prompt 10/48: rewards=[0.25, 0.25, 0.287, 0.0]
[2026-06-03 09:59:16] [TRAIN] Prompt 11 category: coding
[2026-06-03 09:59:23] [TRAIN] Prompt 11/48: rewards=[0.0, 0.0, 0.0, 0.0]
[2026-06-03 09:59:23] [TRAIN] Prompt 12 category: debugging
[2026-06-03 09:59:30] [TRAIN] Prompt 12/48: rewards=[0.0, 0.0, 0.0, 0.0]
[2026-06-03 09:59:30] [TRAIN] Prompt 13 category: debating
[2026-06-03 09:59:43] [TRAIN] Prompt 13/48: rewards=[0.438, 0.0, 0.362, 0.3]
[2026-06-03 09:59:43] [TRAIN] Prompt 14 category: coding
[2026-06-03 09:59:51] [TRAIN] Prompt 14/48: rewards=[0.0, 0.0, 0.0, 0.0]
[2026-06-03 09:59:51] [TRAIN] Prompt 15 category: creative writing
[2026-06-03 10:00:05] [TRAIN] Prompt 15/48: rewards=[0.0, 0.0, 0.338, 0.138]
[2026-06-03 10:00:05] [TRAIN] Prompt 16 category: explanation
[2026-06-03 10:00:17] [TRAIN] Prompt 16/48: rewards=[0.362, 0.2, 0.35, 0.3]
[2026-06-03 10:00:17] [TRAIN] Prompt 17 category: coding
[2026-06-03 10:00:24] [TRAIN] Prompt 17/48: rewards=[0.0, 0.0, 0.225, 0.2]
[2026-06-03 10:00:37] [TRAIN] Prompt 18/48: rewards=[0.338, 0.525, 0.25, 0.338]
[2026-06-03 10:00:37] [TRAIN] Prompt 19 category: creative writing
[2026-06-03 10:00:51] [TRAIN] Prompt 19/48: rewards=[0.325, 0.0, 0.588, 0.463]
[2026-06-03 10:00:51] [TRAIN] Prompt 20 category: creative writing
[2026-06-03 10:01:05] [TRAIN] Prompt 20/48: rewards=[0.0, 0.0, 0.1, 0.325]
[2026-06-03 10:01:19] [TRAIN] Prompt 21/48: rewards=[0.0, 0.425, 0.312, 0.0]
[2026-06-03 10:01:19] [TRAIN] Prompt 22 category: creative writing
[2026-06-03 10:01:33] [TRAIN] Prompt 22/48: rewards=[0.0, 0.45, 0.3, 0.45]
[2026-06-03 10:01:33] [TRAIN] Prompt 23 category: explanation
[2026-06-03 10:01:48] [TRAIN] Prompt 23/48: rewards=[0.5, 0.55, 0.0, 0.0]
[2026-06-03 10:01:48] [TRAIN] Prompt 24 category: debugging
[2026-06-03 10:01:56] [TRAIN] Prompt 24/48: rewards=[0.15, 0.0, 0.2, 0.0]
[2026-06-03 10:01:56] [TRAIN] Prompt 25 category: coding
[2026-06-03 10:02:03] [TRAIN] Prompt 25/48: rewards=[0.0, 0.0, 0.0, 0.175]
[2026-06-03 10:02:03] [TRAIN] Prompt 26 category: logical reasoning
[2026-06-03 10:02:10] [TRAIN] Prompt 26/48: rewards=[0.825, 0.0, 1.0, 0.0]
[2026-06-03 10:02:10] [TRAIN] Prompt 27 category: coding
[2026-06-03 10:02:18] [TRAIN] Prompt 27/48: rewards=[0.0, 0.0, 0.0, 0.2]
[2026-06-03 10:02:18] [TRAIN] Prompt 28 category: brainstorming
[2026-06-03 10:02:31] [TRAIN] Prompt 28/48: rewards=[0.263, 0.3, 0.2, 0.425]
[2026-06-03 10:02:31] [TRAIN] Prompt 29 category: creative writing
[2026-06-03 10:02:46] [TRAIN] Prompt 29/48: rewards=[0.5, 0.0, 0.0, 0.0]
[2026-06-03 10:02:46] [TRAIN] Prompt 30 category: coding
[2026-06-03 10:02:54] [TRAIN] Prompt 30/48: rewards=[0.0, 0.0, 0.0, 0.15]
[2026-06-03 10:02:54] [TRAIN] Prompt 31 category: copywriting
[2026-06-03 10:03:04] [TRAIN] Prompt 31/48: rewards=[0.412, 0.4, 0.388, 0.287]
[2026-06-03 10:03:04] [TRAIN] Prompt 32 category: explanation
[2026-06-03 10:03:19] [TRAIN] Prompt 32/48: rewards=[0.287, 0.0, 0.0, 0.0]
[2026-06-03 10:03:19] [TRAIN] Prompt 33 category: brainstorming
[2026-06-03 10:03:33] [TRAIN] Prompt 33/48: rewards=[0.2, 0.0, 0.212, 0.138]
[2026-06-03 10:03:33] [TRAIN] Prompt 34 category: translation
[2026-06-03 10:03:43] [TRAIN] Prompt 34/48: rewards=[0.5, 0.55, 0.463, 0.487]
[2026-06-03 10:03:56] [TRAIN] Prompt 35/48: rewards=[0.263, 0.237, 0.0, 0.25]
[2026-06-03 10:04:09] [TRAIN] Prompt 36/48: rewards=[0.375, 0.175, 0.325, 0.3]
[2026-06-03 10:04:24] [TRAIN] Prompt 37/48: rewards=[0.362, 0.0, 0.0, 0.113]
[2026-06-03 10:04:24] [TRAIN] Prompt 38 category: creative writing
[2026-06-03 10:04:38] [TRAIN] Prompt 38/48: rewards=[0.325, 0.338, 0.0, 0.425]
[2026-06-03 10:04:52] [TRAIN] Prompt 39/48: rewards=[0.225, 0.45, 0.287, 0.463]
[2026-06-03 10:04:52] [TRAIN] Prompt 40 category: explanation
[2026-06-03 10:05:05] [TRAIN] Prompt 40/48: rewards=[0.0, 0.1, 0.0, 0.0]
[2026-06-03 10:05:05] [TRAIN] Prompt 41 category: explanation
[2026-06-03 10:05:18] [TRAIN] Prompt 41/48: rewards=[0.35, 0.237, 0.0, 0.263]
[2026-06-03 10:05:18] [TRAIN] Prompt 42 category: brainstorming
[2026-06-03 10:05:31] [TRAIN] Prompt 42/48: rewards=[0.0, 0.275, 0.463, 0.0]
[2026-06-03 10:05:31] [TRAIN] Prompt 43 category: explanation
[2026-06-03 10:05:47] [TRAIN] Prompt 43/48: rewards=[0.263, 0.55, 0.0, 0.0]
[2026-06-03 10:05:47] [TRAIN] Prompt 44 category: creative writing
[2026-06-03 10:06:00] [TRAIN] Prompt 44/48: rewards=[0.362, 0.412, 0.312, 0.0]
[2026-06-03 10:06:00] [TRAIN] Prompt 45 category: coding
[2026-06-03 10:06:08] [TRAIN] Prompt 45/48: rewards=[0.175, 0.0, 0.1, 0.0]
[2026-06-03 10:06:08] [TRAIN] Prompt 46 category: coding
[2026-06-03 10:06:14] [TRAIN] Prompt 46/48: rewards=[0.0, 0.0, 0.0, 0.0]
[2026-06-03 10:06:14] [TRAIN] Prompt 47 category: creative writing
[2026-06-03 10:06:28] [TRAIN] Prompt 47/48: rewards=[0.0, 0.25, 0.0, 0.338]
[2026-06-03 10:06:28] [TRAIN] Prompt 48 category: translation
[2026-06-03 10:06:39] [TRAIN] Prompt 48/48: rewards=[0.225, 0.475, 0.2, 0.362]
[2026-06-03 10:06:39] [TRAIN] Rewards: mean=0.190, 8/192 >0.5 (mode=rubric)
[2026-06-03 10:06:39] [TRAIN] Sleeping replicas via CheckpointEngineManager...
[2026-06-03 10:06:39] [TRAIN] Replicas asleep
[2026-06-03 10:06:39] [TRAIN] Training batch built: {'prompts': torch.Size([192, 357]), 'input_ids': torch.Size([192, 869]), 'attention_mask': torch.Size([192, 869]), 'position_ids': torch.Size([192, 869]), 'responses': torch.Size([192, 512])}
[2026-06-03 10:06:39] [TRAIN] rm_scores computed (last-token placement)
[2026-06-03 10:06:39] [TRAIN] response_mask computed
[2026-06-03 10:07:19] [TRAIN] old_log_probs computed
[2026-06-03 10:07:20] [TRAIN] GRPO advantages computed
[2026-06-03 10:10:14] [TRAIN] Actor update completed — loss=0.0132
[2026-06-03 10:10:16] [TRAIN] Weight sync done in 1.8s (wake handled internally)
[2026-06-03 10:10:16] [TRAIN] train_step completed in 882.9s — reward=0.190 (8/192), loss=0.0132, grad_norm=0.124 | score=0.190, rewards=0.190, adv=-0.013 | rlen=485, plen=40, abort=0.000 | tps=114.2 tok/s/gpu, gen=1.22ms/tok, actor=1.73ms/tok
[2026-06-03 10:10:16] [TRAIN] train_step start: 48 prompts x 4 = 192 total
[2026-06-03 10:10:16] [TRAIN] Generating 192 responses (48 prompts x 4) with 16 concurrent workers
[2026-06-03 10:10:23] [TRAIN] Gen 8/192: prompt=13 resp=1581
[2026-06-03 10:10:25] [TRAIN] Gen 5/192: prompt=13 resp=1913
[2026-06-03 10:10:26] [TRAIN] Gen 1/192: prompt=198 resp=2563
[2026-06-03 10:10:26] [TRAIN] Gen 2/192: prompt=198 resp=2535
[2026-06-03 10:10:26] [TRAIN] Gen 15/192: prompt=34 resp=2498
[2026-06-03 10:10:26] [TRAIN] Gen 12/192: prompt=23 resp=2017
[2026-06-03 10:10:26] [TRAIN] Gen 7/192: prompt=13 resp=2260
[2026-06-03 10:10:26] [TRAIN] Gen 3/192: prompt=198 resp=2517
[2026-06-03 10:10:26] [TRAIN] Gen 13/192: prompt=34 resp=2399
[2026-06-03 10:10:26] [TRAIN] Gen 16/192: prompt=34 resp=2402
[2026-06-03 10:10:26] [TRAIN] Gen 4/192: prompt=198 resp=2451
[2026-06-03 10:10:26] [TRAIN] Gen 9/192: prompt=23 resp=2129
[2026-06-03 10:10:26] [TRAIN] Gen 6/192: prompt=13 resp=2156
[2026-06-03 10:10:26] [TRAIN] Gen 10/192: prompt=23 resp=2227
[2026-06-03 10:10:26] [TRAIN] Gen 14/192: prompt=34 resp=2337
[2026-06-03 10:10:26] [TRAIN] Gen 11/192: prompt=23 resp=2142
[2026-06-03 10:10:26] [TRAIN] Gen 17/192: prompt=10 resp=672
[2026-06-03 10:10:27] [TRAIN] Gen 18/192: prompt=10 resp=563
[2026-06-03 10:10:29] [TRAIN] Gen 19/192: prompt=10 resp=788
[2026-06-03 10:10:31] [TRAIN] Gen 20/192: prompt=10 resp=1184
[2026-06-03 10:10:35] [TRAIN] Gen 25/192: prompt=9 resp=2511
[2026-06-03 10:10:35] [TRAIN] Gen 27/192: prompt=9 resp=2618
[2026-06-03 10:10:35] [TRAIN] Gen 31/192: prompt=5 resp=2621
[2026-06-03 10:10:35] [TRAIN] Gen 26/192: prompt=9 resp=2561
[2026-06-03 10:10:35] [TRAIN] Gen 21/192: prompt=11 resp=2830
[2026-06-03 10:10:35] [TRAIN] Gen 30/192: prompt=5 resp=2554
[2026-06-03 10:10:35] [TRAIN] Gen 22/192: prompt=11 resp=2846
[2026-06-03 10:10:35] [TRAIN] Gen 32/192: prompt=5 resp=2547
[2026-06-03 10:10:35] [TRAIN] Gen 29/192: prompt=5 resp=2594
[2026-06-03 10:10:35] [TRAIN] Gen 24/192: prompt=11 resp=2524
[2026-06-03 10:10:35] [TRAIN] Gen 28/192: prompt=9 resp=2518
[2026-06-03 10:10:35] [TRAIN] Gen 23/192: prompt=11 resp=2652
[2026-06-03 10:10:35] [TRAIN] Gen 33/192: prompt=8 resp=2310
[2026-06-03 10:10:36] [TRAIN] Gen 34/192: prompt=8 resp=2378
[2026-06-03 10:10:38] [TRAIN] Gen 35/192: prompt=8 resp=2299
[2026-06-03 10:10:40] [TRAIN] Gen 36/192: prompt=8 resp=2341
[2026-06-03 10:10:44] [TRAIN] Gen 44/192: prompt=8 resp=2325
[2026-06-03 10:10:44] [TRAIN] Gen 43/192: prompt=8 resp=2326
[2026-06-03 10:10:44] [TRAIN] Gen 42/192: prompt=8 resp=2326
[2026-06-03 10:10:44] [TRAIN] Gen 39/192: prompt=25 resp=2639
[2026-06-03 10:10:44] [TRAIN] Gen 37/192: prompt=25 resp=2654
[2026-06-03 10:10:44] [TRAIN] Gen 38/192: prompt=25 resp=2708
[2026-06-03 10:10:44] [TRAIN] Gen 41/192: prompt=8 resp=2389
[2026-06-03 10:10:44] [TRAIN] Gen 48/192: prompt=11 resp=2524
[2026-06-03 10:10:44] [TRAIN] Gen 46/192: prompt=11 resp=2586
[2026-06-03 10:10:44] [TRAIN] Gen 47/192: prompt=11 resp=2531
[2026-06-03 10:10:44] [TRAIN] Gen 40/192: prompt=25 resp=2496
[2026-06-03 10:10:44] [TRAIN] Gen 45/192: prompt=11 resp=2337
[2026-06-03 10:10:45] [TRAIN] Gen 49/192: prompt=36 resp=2245
[2026-06-03 10:10:45] [TRAIN] Gen 50/192: prompt=36 resp=2201
[2026-06-03 10:10:48] [TRAIN] Gen 51/192: prompt=36 resp=2188
[2026-06-03 10:10:49] [TRAIN] Gen 52/192: prompt=36 resp=2254
[2026-06-03 10:10:54] [TRAIN] Gen 53/192: prompt=14 resp=2499
[2026-06-03 10:10:54] [TRAIN] Gen 54/192: prompt=14 resp=2464
[2026-06-03 10:10:54] [TRAIN] Gen 56/192: prompt=14 resp=2472
[2026-06-03 10:10:54] [TRAIN] Gen 60/192: prompt=15 resp=1520
[2026-06-03 10:10:54] [TRAIN] Gen 61/192: prompt=20 resp=1650
[2026-06-03 10:10:54] [TRAIN] Gen 58/192: prompt=15 resp=1427
[2026-06-03 10:10:54] [TRAIN] Gen 62/192: prompt=20 resp=1681
[2026-06-03 10:10:54] [TRAIN] Gen 55/192: prompt=14 resp=2458
[2026-06-03 10:10:54] [TRAIN] Gen 57/192: prompt=15 resp=1499
[2026-06-03 10:10:54] [TRAIN] Gen 59/192: prompt=15 resp=1385
[2026-06-03 10:10:54] [TRAIN] Gen 63/192: prompt=20 resp=1814
[2026-06-03 10:10:54] [TRAIN] Gen 64/192: prompt=20 resp=2011
[2026-06-03 10:10:54] [TRAIN] Gen 65/192: prompt=9 resp=2388
[2026-06-03 10:10:55] [TRAIN] Gen 66/192: prompt=9 resp=2373
[2026-06-03 10:10:58] [TRAIN] Gen 67/192: prompt=9 resp=2273
[2026-06-03 10:10:59] [TRAIN] Gen 68/192: prompt=9 resp=2260
[2026-06-03 10:11:01] [TRAIN] Gen 77/192: prompt=20 resp=1936
[2026-06-03 10:11:01] [TRAIN] Gen 79/192: prompt=20 resp=1963
[2026-06-03 10:11:01] [TRAIN] Gen 80/192: prompt=20 resp=1902
[2026-06-03 10:11:04] [TRAIN] Gen 69/192: prompt=13 resp=2271
[2026-06-03 10:11:04] [TRAIN] Gen 74/192: prompt=9 resp=2808
[2026-06-03 10:11:04] [TRAIN] Gen 78/192: prompt=20 resp=2858
[2026-06-03 10:11:04] [TRAIN] Gen 75/192: prompt=9 resp=2771
[2026-06-03 10:11:04] [TRAIN] Gen 73/192: prompt=9 resp=2691
[2026-06-03 10:11:04] [TRAIN] Gen 76/192: prompt=9 resp=2652
[2026-06-03 10:11:04] [TRAIN] Gen 71/192: prompt=13 resp=2020
[2026-06-03 10:11:04] [TRAIN] Gen 72/192: prompt=13 resp=2178
[2026-06-03 10:11:04] [TRAIN] Gen 70/192: prompt=13 resp=1772
[2026-06-03 10:11:04] [TRAIN] Gen 81/192: prompt=63 resp=2510
[2026-06-03 10:11:05] [TRAIN] Gen 82/192: prompt=63 resp=2537
[2026-06-03 10:11:07] [TRAIN] Gen 83/192: prompt=63 resp=2321
[2026-06-03 10:11:09] [TRAIN] Gen 84/192: prompt=63 resp=2259
[2026-06-03 10:11:10] [TRAIN] Gen 85/192: prompt=53 resp=2491
[2026-06-03 10:11:10] [TRAIN] Gen 86/192: prompt=53 resp=2497
[2026-06-03 10:11:11] [TRAIN] Gen 87/192: prompt=53 resp=2337
[2026-06-03 10:11:13] [TRAIN] Gen 94/192: prompt=30 resp=2023
[2026-06-03 10:11:13] [TRAIN] Gen 95/192: prompt=30 resp=2241
[2026-06-03 10:11:13] [TRAIN] Gen 91/192: prompt=22 resp=1617
[2026-06-03 10:11:13] [TRAIN] Gen 89/192: prompt=22 resp=1524
[2026-06-03 10:11:13] [TRAIN] Gen 92/192: prompt=22 resp=1550
[2026-06-03 10:11:13] [TRAIN] Gen 96/192: prompt=30 resp=2156
[2026-06-03 10:11:13] [TRAIN] Gen 93/192: prompt=30 resp=2173
[2026-06-03 10:11:13] [TRAIN] Gen 90/192: prompt=22 resp=1585
[2026-06-03 10:11:13] [TRAIN] Gen 88/192: prompt=53 resp=2404
[2026-06-03 10:11:14] [TRAIN] Gen 97/192: prompt=60 resp=2715
[2026-06-03 10:11:14] [TRAIN] Gen 98/192: prompt=60 resp=2714
[2026-06-03 10:11:17] [TRAIN] Gen 99/192: prompt=60 resp=2568
[2026-06-03 10:11:18] [TRAIN] Gen 100/192: prompt=60 resp=2544
[2026-06-03 10:11:20] [TRAIN] Gen 101/192: prompt=6 resp=2434
[2026-06-03 10:11:20] [TRAIN] Gen 102/192: prompt=6 resp=2395
[2026-06-03 10:11:20] [TRAIN] Gen 103/192: prompt=6 resp=2406
[2026-06-03 10:11:23] [TRAIN] Gen 112/192: prompt=8 resp=2448
[2026-06-03 10:11:23] [TRAIN] Gen 106/192: prompt=70 resp=2768
[2026-06-03 10:11:23] [TRAIN] Gen 111/192: prompt=8 resp=2368
[2026-06-03 10:11:23] [TRAIN] Gen 104/192: prompt=6 resp=2487
[2026-06-03 10:11:23] [TRAIN] Gen 109/192: prompt=8 resp=2264
[2026-06-03 10:11:23] [TRAIN] Gen 105/192: prompt=70 resp=2831
[2026-06-03 10:11:23] [TRAIN] Gen 107/192: prompt=70 resp=2830
[2026-06-03 10:11:23] [TRAIN] Gen 110/192: prompt=8 resp=2273
[2026-06-03 10:11:23] [TRAIN] Gen 108/192: prompt=70 resp=2823
[2026-06-03 10:11:23] [TRAIN] Gen 113/192: prompt=12 resp=2204
[2026-06-03 10:11:24] [TRAIN] Gen 114/192: prompt=12 resp=2360
[2026-06-03 10:11:26] [TRAIN] Gen 128/192: prompt=211 resp=811
[2026-06-03 10:11:26] [TRAIN] Gen 125/192: prompt=211 resp=874
[2026-06-03 10:11:27] [TRAIN] Gen 115/192: prompt=12 resp=2350
[2026-06-03 10:11:27] [TRAIN] Gen 127/192: prompt=211 resp=983
[2026-06-03 10:11:27] [TRAIN] Gen 126/192: prompt=211 resp=1045
[2026-06-03 10:11:28] [TRAIN] Gen 116/192: prompt=12 resp=2162
[2026-06-03 10:11:30] [TRAIN] Gen 117/192: prompt=25 resp=2644
[2026-06-03 10:11:30] [TRAIN] Gen 118/192: prompt=25 resp=2572
[2026-06-03 10:11:30] [TRAIN] Gen 119/192: prompt=25 resp=1721
[2026-06-03 10:11:31] [TRAIN] Gen 123/192: prompt=10 resp=1977
[2026-06-03 10:11:33] [TRAIN] Gen 122/192: prompt=10 resp=2599
[2026-06-03 10:11:33] [TRAIN] Gen 124/192: prompt=10 resp=2512
[2026-06-03 10:11:33] [TRAIN] Gen 120/192: prompt=25 resp=2527
[2026-06-03 10:11:33] [TRAIN] Gen 121/192: prompt=10 resp=2567
[2026-06-03 10:11:33] [TRAIN] Gen 129/192: prompt=87 resp=2585
[2026-06-03 10:11:34] [TRAIN] Gen 130/192: prompt=87 resp=2457
[2026-06-03 10:11:36] [TRAIN] Gen 131/192: prompt=87 resp=2585
[2026-06-03 10:11:36] [TRAIN] Gen 132/192: prompt=87 resp=2536
[2026-06-03 10:11:36] [TRAIN] Gen 133/192: prompt=11 resp=2664
[2026-06-03 10:11:37] [TRAIN] Gen 134/192: prompt=11 resp=2619
[2026-06-03 10:11:37] [TRAIN] Gen 135/192: prompt=11 resp=2720
[2026-06-03 10:11:38] [TRAIN] Gen 136/192: prompt=11 resp=2579
[2026-06-03 10:11:39] [TRAIN] Gen 137/192: prompt=621 resp=2047
[2026-06-03 10:11:39] [TRAIN] Gen 138/192: prompt=621 resp=2140
[2026-06-03 10:11:40] [TRAIN] Gen 139/192: prompt=621 resp=2099
[2026-06-03 10:11:40] [TRAIN] Gen 140/192: prompt=621 resp=2145
[2026-06-03 10:11:42] [TRAIN] Gen 142/192: prompt=8 resp=2278
[2026-06-03 10:11:42] [TRAIN] Gen 144/192: prompt=8 resp=2349
[2026-06-03 10:11:42] [TRAIN] Gen 143/192: prompt=8 resp=2401
[2026-06-03 10:11:42] [TRAIN] Gen 141/192: prompt=8 resp=2288
[2026-06-03 10:11:43] [TRAIN] Gen 145/192: prompt=15 resp=2139
[2026-06-03 10:11:43] [TRAIN] Gen 146/192: prompt=15 resp=2217
[2026-06-03 10:11:45] [TRAIN] Gen 147/192: prompt=15 resp=2282
[2026-06-03 10:11:46] [TRAIN] Gen 148/192: prompt=15 resp=2054
[2026-06-03 10:11:46] [TRAIN] Gen 149/192: prompt=21 resp=2542
[2026-06-03 10:11:46] [TRAIN] Gen 150/192: prompt=21 resp=2610
[2026-06-03 10:11:46] [TRAIN] Gen 151/192: prompt=21 resp=2348
[2026-06-03 10:11:47] [TRAIN] Gen 152/192: prompt=21 resp=2466
[2026-06-03 10:11:49] [TRAIN] Gen 153/192: prompt=165 resp=1679
[2026-06-03 10:11:49] [TRAIN] Gen 154/192: prompt=165 resp=1595
[2026-06-03 10:11:49] [TRAIN] Gen 155/192: prompt=165 resp=1738
[2026-06-03 10:11:50] [TRAIN] Gen 156/192: prompt=165 resp=1529
[2026-06-03 10:11:52] [TRAIN] Gen 158/192: prompt=15 resp=2830
[2026-06-03 10:11:52] [TRAIN] Gen 157/192: prompt=15 resp=2751
[2026-06-03 10:11:52] [TRAIN] Gen 159/192: prompt=15 resp=2850
[2026-06-03 10:11:52] [TRAIN] Gen 160/192: prompt=15 resp=2885
[2026-06-03 10:11:52] [TRAIN] Gen 161/192: prompt=663 resp=2202
[2026-06-03 10:11:53] [TRAIN] Gen 162/192: prompt=663 resp=2340
[2026-06-03 10:11:55] [TRAIN] Gen 163/192: prompt=663 resp=2113
[2026-06-03 10:11:55] [TRAIN] Gen 164/192: prompt=663 resp=2339
[2026-06-03 10:11:55] [TRAIN] Gen 165/192: prompt=47 resp=1810
[2026-06-03 10:11:55] [TRAIN] Gen 166/192: prompt=47 resp=1777
[2026-06-03 10:11:55] [TRAIN] Gen 167/192: prompt=47 resp=1618
[2026-06-03 10:11:57] [TRAIN] Gen 168/192: prompt=47 resp=1911
[2026-06-03 10:11:58] [TRAIN] Gen 169/192: prompt=15 resp=2294
[2026-06-03 10:11:58] [TRAIN] Gen 170/192: prompt=15 resp=2221
[2026-06-03 10:11:58] [TRAIN] Gen 171/192: prompt=15 resp=2352
[2026-06-03 10:11:59] [TRAIN] Gen 172/192: prompt=15 resp=2240
[2026-06-03 10:12:01] [TRAIN] Gen 173/192: prompt=11 resp=2258
[2026-06-03 10:12:01] [TRAIN] Gen 175/192: prompt=11 resp=2363
[2026-06-03 10:12:01] [TRAIN] Gen 176/192: prompt=11 resp=2319
[2026-06-03 10:12:01] [TRAIN] Gen 174/192: prompt=11 resp=2283
[2026-06-03 10:12:01] [TRAIN] Gen 177/192: prompt=185 resp=2632
[2026-06-03 10:12:02] [TRAIN] Gen 178/192: prompt=185 resp=2624
[2026-06-03 10:12:04] [TRAIN] Gen 179/192: prompt=185 resp=2597
[2026-06-03 10:12:05] [TRAIN] Gen 180/192: prompt=185 resp=2591
[2026-06-03 10:12:05] [TRAIN] Gen 181/192: prompt=156 resp=2189
[2026-06-03 10:12:05] [TRAIN] Gen 182/192: prompt=156 resp=2209
[2026-06-03 10:12:05] [TRAIN] Gen 183/192: prompt=156 resp=2160
[2026-06-03 10:12:06] [TRAIN] Gen 184/192: prompt=156 resp=2190
[2026-06-03 10:12:08] [TRAIN] Gen 185/192: prompt=87 resp=2508
[2026-06-03 10:12:08] [TRAIN] Gen 186/192: prompt=87 resp=2560
[2026-06-03 10:12:08] [TRAIN] Gen 187/192: prompt=87 resp=2499
[2026-06-03 10:12:09] [TRAIN] Gen 188/192: prompt=87 resp=2574
[2026-06-03 10:12:11] [TRAIN] Gen 189/192: prompt=69 resp=2509
[2026-06-03 10:12:11] [TRAIN] Gen 191/192: prompt=69 resp=2567
[2026-06-03 10:12:11] [TRAIN] Gen 190/192: prompt=69 resp=2421
[2026-06-03 10:12:11] [TRAIN] Gen 192/192: prompt=69 resp=2527
[2026-06-03 10:12:11] [TRAIN] Generation done in 114.8s
[2026-06-03 10:12:11] [TRAIN] Prompt 1 category: math
[2026-06-03 10:12:19] [TRAIN] Prompt 1/48: rewards=[0.0, 0.0, 0.0, 0.0]
[2026-06-03 10:12:19] [TRAIN] Prompt 2 category: brainstorming
[2026-06-03 10:12:34] [TRAIN] Prompt 2/48: rewards=[0.5, 0.0, 0.05, 0.5]
[2026-06-03 10:12:49] [TRAIN] Prompt 3/48: rewards=[0.388, 0.5, 0.35, 0.0]
[2026-06-03 10:12:49] [TRAIN] Prompt 4 category: explanation
[2026-06-03 10:13:03] [TRAIN] Prompt 4/48: rewards=[0.4, 0.0, 0.1, 0.113]
[2026-06-03 10:13:03] [TRAIN] Prompt 5 category: explanation
[2026-06-03 10:13:15] [TRAIN] Prompt 5/48: rewards=[0.55, 1.0, 0.5, 0.5]
[2026-06-03 10:13:15] [TRAIN] Prompt 6 category: explanation
[2026-06-03 10:13:28] [TRAIN] Prompt 6/48: rewards=[0.312, 0.35, 0.25, 0.225]
[2026-06-03 10:13:43] [TRAIN] Prompt 7/48: rewards=[0.3, 0.0, 0.0, 0.362]
[2026-06-03 10:13:43] [TRAIN] Prompt 8 category: brainstorming
[2026-06-03 10:13:58] [TRAIN] Prompt 8/48: rewards=[0.338, 0.4, 0.312, 0.0]
[2026-06-03 10:13:58] [TRAIN] Prompt 9 category: explanation
[2026-06-03 10:14:13] [TRAIN] Prompt 9/48: rewards=[0.0, 0.075, 0.0, 0.0]
[2026-06-03 10:14:13] [TRAIN] Prompt 10 category: brainstorming
[2026-06-03 10:14:27] [TRAIN] Prompt 10/48: rewards=[0.0, 0.275, 0.45, 0.25]
[2026-06-03 10:14:40] [TRAIN] Prompt 11/48: rewards=[0.338, 0.05, 0.0, 0.138]
[2026-06-03 10:14:50] [TRAIN] Prompt 12/48: rewards=[0.263, 0.375, 0.188, 0.163]
[2026-06-03 10:15:03] [TRAIN] Prompt 13/48: rewards=[0.362, 0.362, 0.0, 0.463]
[2026-06-03 10:15:03] [TRAIN] Prompt 14 category: debugging
[2026-06-03 10:15:09] [TRAIN] Prompt 14/48: rewards=[0.15, 0.0, 0.0, 0.15]
[2026-06-03 10:15:09] [TRAIN] Prompt 15 category: explanation
[2026-06-03 10:15:24] [TRAIN] Prompt 15/48: rewards=[0.0, 0.0, 0.0, 0.0]
[2026-06-03 10:15:24] [TRAIN] Prompt 16 category: explanation
[2026-06-03 10:15:40] [TRAIN] Prompt 16/48: rewards=[0.0, 0.312, 0.0, 0.0]
[2026-06-03 10:15:52] [TRAIN] Prompt 17/48: rewards=[0.325, 0.163, 0.1, 0.0]
[2026-06-03 10:15:52] [TRAIN] Prompt 18 category: coding
[2026-06-03 10:16:00] [TRAIN] Prompt 18/48: rewards=[0.15, 0.0, 0.0, 0.1]
[2026-06-03 10:16:00] [TRAIN] Prompt 19 category: explanation
[2026-06-03 10:16:14] [TRAIN] Prompt 19/48: rewards=[0.138, 0.412, 0.362, 0.0]
[2026-06-03 10:16:14] [TRAIN] Prompt 20 category: explanation
[2026-06-03 10:16:26] [TRAIN] Prompt 20/48: rewards=[0.5, 0.412, 0.5, 0.5]
[2026-06-03 10:16:26] [TRAIN] Prompt 21 category: coding
[2026-06-03 10:16:35] [TRAIN] Prompt 21/48: rewards=[0.15, 0.0, 0.0, 0.0]
[2026-06-03 10:16:35] [TRAIN] Prompt 22 category: creative writing
[2026-06-03 10:16:46] [TRAIN] Prompt 22/48: rewards=[0.525, 0.3, 0.463, 0.3]
[2026-06-03 10:17:00] [TRAIN] Prompt 23/48: rewards=[0.0, 0.0, 0.613, 0.0]
[2026-06-03 10:17:00] [TRAIN] Prompt 24 category: coding
[2026-06-03 10:17:07] [TRAIN] Prompt 24/48: rewards=[0.0, 0.15, 0.0, 0.0]
[2026-06-03 10:17:07] [TRAIN] Prompt 25 category: creative writing
[2026-06-03 10:17:17] [TRAIN] Prompt 25/48: rewards=[0.438, 0.4, 0.237, 0.375]
[2026-06-03 10:17:17] [TRAIN] Prompt 26 category: explanation
[2026-06-03 10:17:31] [TRAIN] Prompt 26/48: rewards=[0.475, 0.0, 0.287, 0.425]
[2026-06-03 10:17:31] [TRAIN] Prompt 27 category: brainstorming
[2026-06-03 10:17:45] [TRAIN] Prompt 27/48: rewards=[0.338, 0.0, 0.5, 0.338]
[2026-06-03 10:17:45] [TRAIN] Prompt 28 category: copywriting
[2026-06-03 10:17:56] [TRAIN] Prompt 28/48: rewards=[0.1, 0.5, 0.5, 0.263]
[2026-06-03 10:17:56] [TRAIN] Prompt 29 category: creative writing
[2026-06-03 10:18:12] [TRAIN] Prompt 29/48: rewards=[0.0, 0.2, 0.212, 0.163]
[2026-06-03 10:18:27] [TRAIN] Prompt 30/48: rewards=[0.0, 0.287, 0.0, 0.263]
[2026-06-03 10:18:41] [TRAIN] Prompt 31/48: rewards=[0.0, 0.212, 0.463, 0.15]
[2026-06-03 10:18:41] [TRAIN] Prompt 32 category: coding
[2026-06-03 10:18:47] [TRAIN] Prompt 32/48: rewards=[0.0, 0.0, 0.0, 0.0]
[2026-06-03 10:19:02] [TRAIN] Prompt 33/48: rewards=[0.312, 0.338, 0.0, 0.438]
[2026-06-03 10:19:02] [TRAIN] Prompt 34 category: explanation
[2026-06-03 10:19:14] [TRAIN] Prompt 34/48: rewards=[0.388, 0.35, 0.3, 0.212]
[2026-06-03 10:19:14] [TRAIN] Prompt 35 category: debugging
[2026-06-03 10:19:22] [TRAIN] Prompt 35/48: rewards=[0.0, 0.0, 0.15, 0.0]
[2026-06-03 10:19:22] [TRAIN] Prompt 36 category: creative writing
[2026-06-03 10:19:36] [TRAIN] Prompt 36/48: rewards=[0.275, 0.263, 0.0, 0.338]
[2026-06-03 10:19:36] [TRAIN] Prompt 37 category: coding
[2026-06-03 10:19:44] [TRAIN] Prompt 37/48: rewards=[0.2, 0.0, 0.2, 0.15]
[2026-06-03 10:19:58] [TRAIN] Prompt 38/48: rewards=[0.338, 0.275, 0.163, 0.0]
[2026-06-03 10:19:58] [TRAIN] Prompt 39 category: coding
[2026-06-03 10:20:06] [TRAIN] Prompt 39/48: rewards=[0.15, 0.2, 0.0, 0.0]
[2026-06-03 10:20:06] [TRAIN] Prompt 40 category: copywriting
[2026-06-03 10:20:19] [TRAIN] Prompt 40/48: rewards=[0.0, 0.312, 0.0, 0.35]
[2026-06-03 10:20:19] [TRAIN] Prompt 41 category: coding
[2026-06-03 10:20:27] [TRAIN] Prompt 41/48: rewards=[0.0, 0.0, 0.0, 0.0]
[2026-06-03 10:20:43] [TRAIN] Prompt 42/48: rewards=[0.0, 0.362, 0.338, 0.0]
[2026-06-03 10:20:43] [TRAIN] Prompt 43 category: coding
[2026-06-03 10:20:51] [TRAIN] Prompt 43/48: rewards=[0.0, 0.225, 0.0, 0.0]
[2026-06-03 10:21:04] [TRAIN] Prompt 44/48: rewards=[0.0, 0.412, 0.0, 0.312]
[2026-06-03 10:21:04] [TRAIN] Prompt 45 category: debugging
[2026-06-03 10:21:12] [TRAIN] Prompt 45/48: rewards=[0.0, 0.0, 0.0, 0.0]
[2026-06-03 10:21:12] [TRAIN] Prompt 46 category: coding
[2026-06-03 10:21:20] [TRAIN] Prompt 46/48: rewards=[0.125, 0.0, 0.0, 0.0]
[2026-06-03 10:21:20] [TRAIN] Prompt 47 category: debugging
[2026-06-03 10:21:28] [TRAIN] Prompt 47/48: rewards=[0.15, 0.0, 0.0, 0.2]
[2026-06-03 10:21:28] [TRAIN] Prompt 48 category: logical reasoning
[2026-06-03 10:21:37] [TRAIN] Prompt 48/48: rewards=[0.1, 0.0, 0.0, 0.0]
[2026-06-03 10:21:37] [TRAIN] Rewards: mean=0.176, 4/192 >0.5 (mode=rubric)
[2026-06-03 10:21:37] [TRAIN] Sleeping replicas via CheckpointEngineManager...
[2026-06-03 10:21:37] [TRAIN] Replicas asleep
[2026-06-03 10:21:37] [TRAIN] Training batch built: {'prompts': torch.Size([192, 663]), 'input_ids': torch.Size([192, 1175]), 'attention_mask': torch.Size([192, 1175]), 'position_ids': torch.Size([192, 1175]), 'responses': torch.Size([192, 512])}
[2026-06-03 10:21:37] [TRAIN] rm_scores computed (last-token placement)
[2026-06-03 10:21:37] [TRAIN] response_mask computed
[2026-06-03 10:22:17] [TRAIN] old_log_probs computed
[2026-06-03 10:22:17] [TRAIN] GRPO advantages computed
[2026-06-03 10:25:16] [TRAIN] Actor update completed — loss=0.0078
[2026-06-03 10:25:18] [TRAIN] Weight sync done in 1.8s (wake handled internally)
[2026-06-03 10:25:18] [TRAIN] train_step completed in 902.5s — reward=0.176 (4/192), loss=0.0078, grad_norm=0.125 | score=0.176, rewards=0.176, adv=-0.007 | rlen=494, plen=67, abort=0.000 | tps=119.5 tok/s/gpu, gen=1.21ms/tok, actor=1.66ms/tok
[2026-06-03 10:25:18] [TRAIN] train_step start: 48 prompts x 4 = 192 total
[2026-06-03 10:25:18] [TRAIN] Generating 192 responses (48 prompts x 4) with 16 concurrent workers
[2026-06-03 10:25:28] [TRAIN] Gen 1/192: prompt=8 resp=2343
[2026-06-03 10:25:28] [TRAIN] Gen 13/192: prompt=124 resp=2648
[2026-06-03 10:25:28] [TRAIN] Gen 16/192: prompt=124 resp=2599
[2026-06-03 10:25:28] [TRAIN] Gen 5/192: prompt=49 resp=2672
[2026-06-03 10:25:28] [TRAIN] Gen 14/192: prompt=124 resp=2641
[2026-06-03 10:25:28] [TRAIN] Gen 15/192: prompt=124 resp=2683
[2026-06-03 10:25:28] [TRAIN] Gen 8/192: prompt=49 resp=2592
[2026-06-03 10:25:28] [TRAIN] Gen 12/192: prompt=32 resp=2278
[2026-06-03 10:25:28] [TRAIN] Gen 11/192: prompt=32 resp=2317
[2026-06-03 10:25:28] [TRAIN] Gen 9/192: prompt=32 resp=2309
[2026-06-03 10:25:28] [TRAIN] Gen 3/192: prompt=8 resp=2207
[2026-06-03 10:25:28] [TRAIN] Gen 6/192: prompt=49 resp=2606
[2026-06-03 10:25:28] [TRAIN] Gen 4/192: prompt=8 resp=2333
[2026-06-03 10:25:28] [TRAIN] Gen 7/192: prompt=49 resp=2648
[2026-06-03 10:25:28] [TRAIN] Gen 2/192: prompt=8 resp=2251
[2026-06-03 10:25:28] [TRAIN] Gen 10/192: prompt=32 resp=2316
[2026-06-03 10:25:37] [TRAIN] Gen 20/192: prompt=66 resp=1918
[2026-06-03 10:25:37] [TRAIN] Gen 18/192: prompt=66 resp=1983
[2026-06-03 10:25:38] [TRAIN] Gen 17/192: prompt=66 resp=2163
[2026-06-03 10:25:38] [TRAIN] Gen 24/192: prompt=101 resp=2236
[2026-06-03 10:25:38] [TRAIN] Gen 26/192: prompt=17 resp=2537
[2026-06-03 10:25:38] [TRAIN] Gen 22/192: prompt=101 resp=2143
[2026-06-03 10:25:38] [TRAIN] Gen 28/192: prompt=17 resp=2496
[2026-06-03 10:25:38] [TRAIN] Gen 25/192: prompt=17 resp=2612
[2026-06-03 10:25:38] [TRAIN] Gen 21/192: prompt=101 resp=2163
[2026-06-03 10:25:38] [TRAIN] Gen 19/192: prompt=66 resp=2177
[2026-06-03 10:25:38] [TRAIN] Gen 32/192: prompt=36 resp=2382
[2026-06-03 10:25:38] [TRAIN] Gen 23/192: prompt=101 resp=2134
[2026-06-03 10:25:38] [TRAIN] Gen 30/192: prompt=36 resp=2464
[2026-06-03 10:25:38] [TRAIN] Gen 27/192: prompt=17 resp=2470
[2026-06-03 10:25:38] [TRAIN] Gen 31/192: prompt=36 resp=2425
[2026-06-03 10:25:38] [TRAIN] Gen 29/192: prompt=36 resp=2387
[2026-06-03 10:25:46] [TRAIN] Gen 33/192: prompt=77 resp=2133
[2026-06-03 10:25:47] [TRAIN] Gen 34/192: prompt=77 resp=2278
[2026-06-03 10:25:47] [TRAIN] Gen 35/192: prompt=77 resp=2297
[2026-06-03 10:25:47] [TRAIN] Gen 36/192: prompt=77 resp=2293
[2026-06-03 10:25:47] [TRAIN] Gen 41/192: prompt=18 resp=2317
[2026-06-03 10:25:47] [TRAIN] Gen 42/192: prompt=18 resp=2428
[2026-06-03 10:25:47] [TRAIN] Gen 40/192: prompt=15 resp=2305
[2026-06-03 10:25:47] [TRAIN] Gen 37/192: prompt=15 resp=2474
[2026-06-03 10:25:47] [TRAIN] Gen 39/192: prompt=15 resp=2483
[2026-06-03 10:25:47] [TRAIN] Gen 45/192: prompt=194 resp=2035
[2026-06-03 10:25:47] [TRAIN] Gen 44/192: prompt=18 resp=2241
[2026-06-03 10:25:47] [TRAIN] Gen 46/192: prompt=194 resp=2005
[2026-06-03 10:25:47] [TRAIN] Gen 43/192: prompt=18 resp=2397
[2026-06-03 10:25:47] [TRAIN] Gen 47/192: prompt=194 resp=2194
[2026-06-03 10:25:47] [TRAIN] Gen 48/192: prompt=194 resp=2143
[2026-06-03 10:25:47] [TRAIN] Gen 38/192: prompt=15 resp=2610
[2026-06-03 10:25:56] [TRAIN] Gen 49/192: prompt=10 resp=2702
[2026-06-03 10:25:57] [TRAIN] Gen 50/192: prompt=10 resp=2650
[2026-06-03 10:25:57] [TRAIN] Gen 51/192: prompt=10 resp=2548
[2026-06-03 10:25:57] [TRAIN] Gen 52/192: prompt=10 resp=2541
[2026-06-03 10:25:57] [TRAIN] Gen 53/192: prompt=10 resp=2462
[2026-06-03 10:25:57] [TRAIN] Gen 55/192: prompt=10 resp=2590
[2026-06-03 10:25:57] [TRAIN] Gen 54/192: prompt=10 resp=2503
[2026-06-03 10:25:57] [TRAIN] Gen 57/192: prompt=6 resp=2407
[2026-06-03 10:25:57] [TRAIN] Gen 56/192: prompt=10 resp=2553
[2026-06-03 10:25:57] [TRAIN] Gen 59/192: prompt=6 resp=2465
[2026-06-03 10:25:57] [TRAIN] Gen 62/192: prompt=46 resp=2613
[2026-06-03 10:25:57] [TRAIN] Gen 63/192: prompt=46 resp=2556
[2026-06-03 10:25:57] [TRAIN] Gen 61/192: prompt=46 resp=2532
[2026-06-03 10:25:57] [TRAIN] Gen 64/192: prompt=46 resp=2580
[2026-06-03 10:25:57] [TRAIN] Gen 60/192: prompt=6 resp=2508
[2026-06-03 10:25:57] [TRAIN] Gen 58/192: prompt=6 resp=2526
[2026-06-03 10:26:06] [TRAIN] Gen 65/192: prompt=11 resp=2305
[2026-06-03 10:26:06] [TRAIN] Gen 66/192: prompt=11 resp=2231
[2026-06-03 10:26:07] [TRAIN] Gen 67/192: prompt=11 resp=2323
[2026-06-03 10:26:07] [TRAIN] Gen 68/192: prompt=11 resp=2312
[2026-06-03 10:26:07] [TRAIN] Gen 73/192: prompt=270 resp=2333
[2026-06-03 10:26:07] [TRAIN] Gen 72/192: prompt=26 resp=2398
[2026-06-03 10:26:07] [TRAIN] Gen 70/192: prompt=26 resp=2365
[2026-06-03 10:26:07] [TRAIN] Gen 71/192: prompt=26 resp=2389
[2026-06-03 10:26:07] [TRAIN] Gen 69/192: prompt=26 resp=2388
[2026-06-03 10:26:07] [TRAIN] Gen 79/192: prompt=56 resp=2366
[2026-06-03 10:26:07] [TRAIN] Gen 77/192: prompt=56 resp=2387
[2026-06-03 10:26:07] [TRAIN] Gen 75/192: prompt=270 resp=2160
[2026-06-03 10:26:07] [TRAIN] Gen 76/192: prompt=270 resp=2072
[2026-06-03 10:26:07] [TRAIN] Gen 74/192: prompt=270 resp=2198
[2026-06-03 10:26:07] [TRAIN] Gen 78/192: prompt=56 resp=2414
[2026-06-03 10:26:07] [TRAIN] Gen 80/192: prompt=56 resp=2343
[2026-06-03 10:26:15] [TRAIN] Gen 81/192: prompt=15 resp=2487
[2026-06-03 10:26:16] [TRAIN] Gen 82/192: prompt=15 resp=2520
[2026-06-03 10:26:16] [TRAIN] Gen 83/192: prompt=15 resp=2583
[2026-06-03 10:26:16] [TRAIN] Gen 84/192: prompt=15 resp=2525
[2026-06-03 10:26:16] [TRAIN] Gen 86/192: prompt=30 resp=2445
[2026-06-03 10:26:16] [TRAIN] Gen 89/192: prompt=110 resp=2417
[2026-06-03 10:26:16] [TRAIN] Gen 88/192: prompt=30 resp=2153
[2026-06-03 10:26:16] [TRAIN] Gen 85/192: prompt=30 resp=2240
[2026-06-03 10:26:16] [TRAIN] Gen 87/192: prompt=30 resp=2205
[2026-06-03 10:26:16] [TRAIN] Gen 95/192: prompt=327 resp=2283
[2026-06-03 10:26:16] [TRAIN] Gen 92/192: prompt=110 resp=2593
[2026-06-03 10:26:16] [TRAIN] Gen 96/192: prompt=327 resp=1970
[2026-06-03 10:26:16] [TRAIN] Gen 93/192: prompt=327 resp=1958
[2026-06-03 10:26:16] [TRAIN] Gen 90/192: prompt=110 resp=2703
[2026-06-03 10:26:16] [TRAIN] Gen 94/192: prompt=327 resp=2040
[2026-06-03 10:26:16] [TRAIN] Gen 91/192: prompt=110 resp=2732
[2026-06-03 10:26:23] [TRAIN] Gen 100/192: prompt=11 resp=1790
[2026-06-03 10:26:24] [TRAIN] Gen 98/192: prompt=11 resp=2189
[2026-06-03 10:26:24] [TRAIN] Gen 97/192: prompt=11 resp=2411
[2026-06-03 10:26:25] [TRAIN] Gen 99/192: prompt=11 resp=2463
[2026-06-03 10:26:26] [TRAIN] Gen 101/192: prompt=49 resp=2371
[2026-06-03 10:26:26] [TRAIN] Gen 104/192: prompt=49 resp=2478
[2026-06-03 10:26:26] [TRAIN] Gen 102/192: prompt=49 resp=2428
[2026-06-03 10:26:26] [TRAIN] Gen 103/192: prompt=49 resp=2488
[2026-06-03 10:26:26] [TRAIN] Gen 105/192: prompt=9 resp=2083
[2026-06-03 10:26:26] [TRAIN] Gen 112/192: prompt=26 resp=2598
[2026-06-03 10:26:26] [TRAIN] Gen 107/192: prompt=9 resp=2085
[2026-06-03 10:26:26] [TRAIN] Gen 106/192: prompt=9 resp=2148
[2026-06-03 10:26:26] [TRAIN] Gen 110/192: prompt=26 resp=2508
[2026-06-03 10:26:26] [TRAIN] Gen 109/192: prompt=26 resp=2463
[2026-06-03 10:26:26] [TRAIN] Gen 108/192: prompt=9 resp=2073
[2026-06-03 10:26:26] [TRAIN] Gen 111/192: prompt=26 resp=2644
[2026-06-03 10:26:26] [TRAIN] Gen 113/192: prompt=14 resp=745
[2026-06-03 10:26:27] [TRAIN] Gen 114/192: prompt=14 resp=823
[2026-06-03 10:26:31] [TRAIN] Gen 116/192: prompt=14 resp=1497
[2026-06-03 10:26:32] [TRAIN] Gen 115/192: prompt=14 resp=2088
[2026-06-03 10:26:35] [TRAIN] Gen 119/192: prompt=7 resp=2568
[2026-06-03 10:26:35] [TRAIN] Gen 117/192: prompt=7 resp=2606
[2026-06-03 10:26:35] [TRAIN] Gen 118/192: prompt=7 resp=2574
[2026-06-03 10:26:35] [TRAIN] Gen 120/192: prompt=7 resp=2631
[2026-06-03 10:26:35] [TRAIN] Gen 121/192: prompt=9 resp=2218
[2026-06-03 10:26:35] [TRAIN] Gen 128/192: prompt=4 resp=2678
[2026-06-03 10:26:35] [TRAIN] Gen 122/192: prompt=9 resp=2075
[2026-06-03 10:26:35] [TRAIN] Gen 126/192: prompt=4 resp=2567
[2026-06-03 10:26:35] [TRAIN] Gen 127/192: prompt=4 resp=2627
[2026-06-03 10:26:35] [TRAIN] Gen 125/192: prompt=4 resp=2617
[2026-06-03 10:26:35] [TRAIN] Gen 124/192: prompt=9 resp=2145
[2026-06-03 10:26:35] [TRAIN] Gen 123/192: prompt=9 resp=2210
[2026-06-03 10:26:36] [TRAIN] Gen 129/192: prompt=10 resp=2197
[2026-06-03 10:26:37] [TRAIN] Gen 130/192: prompt=10 resp=2150
[2026-06-03 10:26:41] [TRAIN] Gen 131/192: prompt=10 resp=2233
[2026-06-03 10:26:42] [TRAIN] Gen 132/192: prompt=10 resp=2232
[2026-06-03 10:26:43] [TRAIN] Gen 145/192: prompt=18 resp=1496
[2026-06-03 10:26:45] [TRAIN] Gen 133/192: prompt=11 resp=2344
[2026-06-03 10:26:45] [TRAIN] Gen 134/192: prompt=11 resp=2294
[2026-06-03 10:26:45] [TRAIN] Gen 135/192: prompt=11 resp=2239
[2026-06-03 10:26:45] [TRAIN] Gen 137/192: prompt=21 resp=2218
[2026-06-03 10:26:45] [TRAIN] Gen 136/192: prompt=11 resp=2285
[2026-06-03 10:26:45] [TRAIN] Gen 144/192: prompt=29 resp=2213
[2026-06-03 10:26:45] [TRAIN] Gen 143/192: prompt=29 resp=2170
[2026-06-03 10:26:45] [TRAIN] Gen 142/192: prompt=29 resp=2194
[2026-06-03 10:26:45] [TRAIN] Gen 139/192: prompt=21 resp=2268
[2026-06-03 10:26:45] [TRAIN] Gen 140/192: prompt=21 resp=2225
[2026-06-03 10:26:45] [TRAIN] Gen 138/192: prompt=21 resp=2183
[2026-06-03 10:26:45] [TRAIN] Gen 141/192: prompt=29 resp=2210
[2026-06-03 10:26:46] [TRAIN] Gen 146/192: prompt=18 resp=1883
[2026-06-03 10:26:50] [TRAIN] Gen 148/192: prompt=18 resp=1882
[2026-06-03 10:26:50] [TRAIN] Gen 147/192: prompt=18 resp=2179
[2026-06-03 10:26:52] [TRAIN] Gen 149/192: prompt=217 resp=2243
[2026-06-03 10:26:54] [TRAIN] Gen 154/192: prompt=295 resp=2382
[2026-06-03 10:26:54] [TRAIN] Gen 152/192: prompt=217 resp=2276
[2026-06-03 10:26:54] [TRAIN] Gen 153/192: prompt=295 resp=2348
[2026-06-03 10:26:54] [TRAIN] Gen 150/192: prompt=217 resp=2380
[2026-06-03 10:26:54] [TRAIN] Gen 151/192: prompt=217 resp=2445
[2026-06-03 10:26:54] [TRAIN] Gen 159/192: prompt=27 resp=2687
[2026-06-03 10:26:54] [TRAIN] Gen 157/192: prompt=27 resp=2759
[2026-06-03 10:26:54] [TRAIN] Gen 160/192: prompt=27 resp=2559
[2026-06-03 10:26:54] [TRAIN] Gen 155/192: prompt=295 resp=2393
[2026-06-03 10:26:54] [TRAIN] Gen 158/192: prompt=27 resp=2775
[2026-06-03 10:26:54] [TRAIN] Gen 156/192: prompt=295 resp=2439
[2026-06-03 10:26:54] [TRAIN] Gen 161/192: prompt=72 resp=2372
[2026-06-03 10:26:55] [TRAIN] Gen 162/192: prompt=72 resp=2385
[2026-06-03 10:26:59] [TRAIN] Gen 163/192: prompt=72 resp=2310
[2026-06-03 10:27:00] [TRAIN] Gen 164/192: prompt=72 resp=2260
[2026-06-03 10:27:01] [TRAIN] Gen 165/192: prompt=147 resp=2753
[2026-06-03 10:27:02] [TRAIN] Gen 178/192: prompt=20 resp=1766
[2026-06-03 10:27:03] [TRAIN] Gen 167/192: prompt=147 resp=2748
[2026-06-03 10:27:03] [TRAIN] Gen 170/192: prompt=13 resp=2581
[2026-06-03 10:27:03] [TRAIN] Gen 166/192: prompt=147 resp=2641
[2026-06-03 10:27:03] [TRAIN] Gen 169/192: prompt=13 resp=2389
[2026-06-03 10:27:03] [TRAIN] Gen 168/192: prompt=147 resp=2677
[2026-06-03 10:27:03] [TRAIN] Gen 176/192: prompt=13 resp=2378
[2026-06-03 10:27:03] [TRAIN] Gen 177/192: prompt=20 resp=2608
[2026-06-03 10:27:03] [TRAIN] Gen 175/192: prompt=13 resp=2349
[2026-06-03 10:27:03] [TRAIN] Gen 172/192: prompt=13 resp=2380
[2026-06-03 10:27:03] [TRAIN] Gen 174/192: prompt=13 resp=2287
[2026-06-03 10:27:03] [TRAIN] Gen 173/192: prompt=13 resp=2467
[2026-06-03 10:27:03] [TRAIN] Gen 171/192: prompt=13 resp=2427
[2026-06-03 10:27:08] [TRAIN] Gen 180/192: prompt=20 resp=2112
[2026-06-03 10:27:09] [TRAIN] Gen 179/192: prompt=20 resp=2598
[2026-06-03 10:27:11] [TRAIN] Gen 181/192: prompt=16 resp=2607
[2026-06-03 10:27:11] [TRAIN] Gen 182/192: prompt=16 resp=2530
[2026-06-03 10:27:13] [TRAIN] Gen 185/192: prompt=7 resp=2256
[2026-06-03 10:27:13] [TRAIN] Gen 187/192: prompt=7 resp=2440
[2026-06-03 10:27:13] [TRAIN] Gen 186/192: prompt=7 resp=2490
[2026-06-03 10:27:13] [TRAIN] Gen 184/192: prompt=16 resp=2513
[2026-06-03 10:27:13] [TRAIN] Gen 183/192: prompt=16 resp=2642
[2026-06-03 10:27:13] [TRAIN] Gen 189/192: prompt=68 resp=2303
[2026-06-03 10:27:13] [TRAIN] Gen 192/192: prompt=68 resp=2200
[2026-06-03 10:27:13] [TRAIN] Gen 190/192: prompt=68 resp=2365
[2026-06-03 10:27:13] [TRAIN] Gen 191/192: prompt=68 resp=2213
[2026-06-03 10:27:13] [TRAIN] Gen 188/192: prompt=7 resp=2329
[2026-06-03 10:27:13] [TRAIN] Generation done in 114.8s
[2026-06-03 10:27:27] [TRAIN] Prompt 1/48: rewards=[0.0, 0.0, 0.0, 0.087]
[2026-06-03 10:27:27] [TRAIN] Prompt 2 category: instruction following
[2026-06-03 10:27:43] [TRAIN] Prompt 2/48: rewards=[0.175, 0.0, 0.0, 0.0]
[2026-06-03 10:27:57] [TRAIN] Prompt 3/48: rewards=[0.0, 0.362, 0.0, 0.35]
[2026-06-03 10:27:57] [TRAIN] Prompt 4 category: instruction following
[2026-06-03 10:28:09] [TRAIN] Prompt 4/48: rewards=[0.287, 0.0, 0.3, 0.3]
[2026-06-03 10:28:09] [TRAIN] Prompt 5 category: creative writing
[2026-06-03 10:28:23] [TRAIN] Prompt 5/48: rewards=[0.175, 0.338, 0.225, 0.4]
[2026-06-03 10:28:23] [TRAIN] Prompt 6 category: translation
[2026-06-03 10:28:36] [TRAIN] Prompt 6/48: rewards=[0.263, 0.388, 0.45, 0.0]
[2026-06-03 10:28:36] [TRAIN] Prompt 7 category: logical reasoning
[2026-06-03 10:28:45] [TRAIN] Prompt 7/48: rewards=[0.0, 0.525, 0.0, 0.45]
[2026-06-03 10:28:45] [TRAIN] Prompt 8 category: creative writing
[2026-06-03 10:28:58] [TRAIN] Prompt 8/48: rewards=[0.212, 0.0, 0.138, 0.263]
[2026-06-03 10:28:58] [TRAIN] Prompt 9 category: creative writing
[2026-06-03 10:29:09] [TRAIN] Prompt 9/48: rewards=[0.5, 0.338, 0.0, 0.237]
[2026-06-03 10:29:09] [TRAIN] Prompt 10 category: coding
[2026-06-03 10:29:17] [TRAIN] Prompt 10/48: rewards=[0.1, 0.0, 0.0, 0.15]
[2026-06-03 10:29:17] [TRAIN] Prompt 11 category: logical reasoning
[2026-06-03 10:29:25] [TRAIN] Prompt 11/48: rewards=[0.0, 0.0, 0.0, 0.0]
[2026-06-03 10:29:25] [TRAIN] Prompt 12 category: coding
[2026-06-03 10:29:33] [TRAIN] Prompt 12/48: rewards=[0.0, 0.0, 0.0, 0.0]
[2026-06-03 10:29:33] [TRAIN] Prompt 13 category: explanation
[2026-06-03 10:29:48] [TRAIN] Prompt 13/48: rewards=[0.225, 0.275, 0.0, 0.0]
[2026-06-03 10:29:48] [TRAIN] Prompt 14 category: explanation
[2026-06-03 10:30:01] [TRAIN] Prompt 14/48: rewards=[0.188, 0.212, 0.25, 0.163]
[2026-06-03 10:30:01] [TRAIN] Prompt 15 category: explanation
[2026-06-03 10:30:15] [TRAIN] Prompt 15/48: rewards=[0.0, 0.3, 0.425, 0.2]
[2026-06-03 10:30:29] [TRAIN] Prompt 16/48: rewards=[0.35, 0.0, 0.338, 0.275]
[2026-06-03 10:30:29] [TRAIN] Prompt 17 category: coding
[2026-06-03 10:30:37] [TRAIN] Prompt 17/48: rewards=[0.0, 0.0, 0.0, 0.1]
[2026-06-03 10:30:37] [TRAIN] Prompt 18 category: explanation
[2026-06-03 10:30:51] [TRAIN] Prompt 18/48: rewards=[0.1, 0.0, 0.438, 0.312]
[2026-06-03 10:30:51] [TRAIN] Prompt 19 category: coding
[2026-06-03 10:30:59] [TRAIN] Prompt 19/48: rewards=[0.0, 0.0, 0.0, 0.2]
[2026-06-03 10:30:59] [TRAIN] Prompt 20 category: translation
[2026-06-03 10:31:10] [TRAIN] Prompt 20/48: rewards=[0.35, 0.263, 0.35, 0.35]
[2026-06-03 10:31:10] [TRAIN] Prompt 21 category: creative writing
[2026-06-03 10:31:24] [TRAIN] Prompt 21/48: rewards=[0.0, 0.35, 0.0, 0.237]
[2026-06-03 10:31:24] [TRAIN] Prompt 22 category: brainstorming
[2026-06-03 10:31:36] [TRAIN] Prompt 22/48: rewards=[0.188, 0.325, 0.188, 0.0]
[2026-06-03 10:31:36] [TRAIN] Prompt 23 category: copywriting
[2026-06-03 10:31:49] [TRAIN] Prompt 23/48: rewards=[0.0, 0.45, 0.5, 0.062]
[2026-06-03 10:31:49] [TRAIN] Prompt 24 category: coding
[2026-06-03 10:31:56] [TRAIN] Prompt 24/48: rewards=[0.0, 0.225, 0.0, 0.0]
[2026-06-03 10:32:10] [TRAIN] Prompt 25/48: rewards=[0.0, 0.55, 0.0, 0.45]
[2026-06-03 10:32:10] [TRAIN] Prompt 26 category: coding
[2026-06-03 10:32:15] [TRAIN] Prompt 26/48: rewards=[0.0, 0.0, 0.0, 0.15]
[2026-06-03 10:32:15] [TRAIN] Prompt 27 category: translation
[2026-06-03 10:32:29] [TRAIN] Prompt 27/48: rewards=[0.0, 0.237, 0.338, 0.237]
[2026-06-03 10:32:29] [TRAIN] Prompt 28 category: brainstorming
[2026-06-03 10:32:43] [TRAIN] Prompt 28/48: rewards=[0.0, 0.412, 0.475, 0.475]
[2026-06-03 10:32:43] [TRAIN] Prompt 29 category: instruction following
[2026-06-03 10:32:57] [TRAIN] Prompt 29/48: rewards=[0.5, 0.5, 0.0, 0.5]
[2026-06-03 10:32:57] [TRAIN] Prompt 30 category: explanation
[2026-06-03 10:33:11] [TRAIN] Prompt 30/48: rewards=[0.2, 0.225, 0.0, 0.263]
[2026-06-03 10:33:25] [TRAIN] Prompt 31/48: rewards=[0.325, 0.188, 0.463, 0.0]
[2026-06-03 10:33:25] [TRAIN] Prompt 32 category: explanation
[2026-06-03 10:33:40] [TRAIN] Prompt 32/48: rewards=[0.0, 0.0, 0.5, 0.0]
[2026-06-03 10:33:40] [TRAIN] Prompt 33 category: coding
[2026-06-03 10:33:47] [TRAIN] Prompt 33/48: rewards=[0.15, 0.0, 0.225, 0.2]
[2026-06-03 10:33:47] [TRAIN] Prompt 34 category: brainstorming
[2026-06-03 10:34:00] [TRAIN] Prompt 34/48: rewards=[0.4, 0.388, 0.5, 0.412]
[2026-06-03 10:34:00] [TRAIN] Prompt 35 category: brainstorming
[2026-06-03 10:34:13] [TRAIN] Prompt 35/48: rewards=[0.388, 0.0, 0.388, 0.3]
[2026-06-03 10:34:26] [TRAIN] Prompt 36/48: rewards=[0.312, 0.1, 0.4, 0.237]
[2026-06-03 10:34:26] [TRAIN] Prompt 37 category: translation
[2026-06-03 10:34:42] [TRAIN] Prompt 37/48: rewards=[0.5, 0.0, 0.425, 0.5]
[2026-06-03 10:34:42] [TRAIN] Prompt 38 category: debugging
[2026-06-03 10:34:50] [TRAIN] Prompt 38/48: rewards=[0.2, 0.0, 0.0, 0.175]
[2026-06-03 10:34:50] [TRAIN] Prompt 39 category: creative writing
[2026-06-03 10:35:05] [TRAIN] Prompt 39/48: rewards=[0.0, 0.0, 0.0, 0.375]
[2026-06-03 10:35:05] [TRAIN] Prompt 40 category: brainstorming
[2026-06-03 10:35:19] [TRAIN] Prompt 40/48: rewards=[0.287, 0.338, 0.425, 0.287]
[2026-06-03 10:35:19] [TRAIN] Prompt 41 category: coding
[2026-06-03 10:35:26] [TRAIN] Prompt 41/48: rewards=[0.15, 0.0, 0.0, 0.2]
[2026-06-03 10:35:26] [TRAIN] Prompt 42 category: coding
[2026-06-03 10:35:34] [TRAIN] Prompt 42/48: rewards=[0.0, 0.0, 0.0, 0.0]
[2026-06-03 10:35:34] [TRAIN] Prompt 43 category: explanation
[2026-06-03 10:35:50] [TRAIN] Prompt 43/48: rewards=[0.237, 0.0, 0.375, 0.438]
[2026-06-03 10:35:50] [TRAIN] Prompt 44 category: creative writing
[2026-06-03 10:36:05] [TRAIN] Prompt 44/48: rewards=[0.45, 0.375, 0.0, 0.0]
[2026-06-03 10:36:05] [TRAIN] Prompt 45 category: creative writing
[2026-06-03 10:36:19] [TRAIN] Prompt 45/48: rewards=[0.0, 0.5, 0.0, 0.5]
[2026-06-03 10:36:34] [TRAIN] Prompt 46/48: rewards=[0.0, 0.2, 0.0, 0.25]
[2026-06-03 10:36:46] [TRAIN] Prompt 47/48: rewards=[0.0, 0.3, 0.287, 0.263]
[2026-06-03 10:36:59] [TRAIN] Prompt 48/48: rewards=[0.45, 0.087, 0.3, 0.312]
[2026-06-03 10:36:59] [TRAIN] Rewards: mean=0.186, 2/192 >0.5 (mode=rubric)
[2026-06-03 10:36:59] [TRAIN] Sleeping replicas via CheckpointEngineManager...
[2026-06-03 10:36:59] [TRAIN] Replicas asleep
[2026-06-03 10:36:59] [TRAIN] Training batch built: {'prompts': torch.Size([192, 327]), 'input_ids': torch.Size([192, 840]), 'attention_mask': torch.Size([192, 840]), 'position_ids': torch.Size([192, 840]), 'responses': torch.Size([192, 513])}
[2026-06-03 10:36:59] [TRAIN] rm_scores computed (last-token placement)
[2026-06-03 10:36:59] [TRAIN] response_mask computed
[2026-06-03 10:37:41] [TRAIN] old_log_probs computed
[2026-06-03 10:37:41] [TRAIN] GRPO advantages computed
[2026-06-03 10:40:43] [TRAIN] Actor update completed — loss=0.0084
[2026-06-03 10:40:45] [TRAIN] Weight sync done in 1.7s (wake handled internally)
[2026-06-03 10:40:45] [TRAIN] train_step completed in 926.4s — reward=0.186 (2/192), loss=0.0084, grad_norm=0.125 | score=0.186, rewards=0.186, adv=-0.008 | rlen=503, plen=58, abort=0.000 | tps=116.2 tok/s/gpu, gen=1.19ms/tok, actor=1.69ms/tok
[2026-06-03 10:40:45] [TRAIN] train_step start: 48 prompts x 4 = 192 total
[2026-06-03 10:40:45] [TRAIN] Generating 192 responses (48 prompts x 4) with 16 concurrent workers
[2026-06-03 10:40:54] [TRAIN] Gen 1/192: prompt=4 resp=2438
[2026-06-03 10:40:54] [TRAIN] Gen 2/192: prompt=4 resp=2351
[2026-06-03 10:40:54] [TRAIN] Gen 5/192: prompt=234 resp=2447
[2026-06-03 10:40:54] [TRAIN] Gen 14/192: prompt=7 resp=2548
[2026-06-03 10:40:54] [TRAIN] Gen 4/192: prompt=4 resp=2323
[2026-06-03 10:40:54] [TRAIN] Gen 12/192: prompt=22 resp=1719
[2026-06-03 10:40:54] [TRAIN] Gen 15/192: prompt=7 resp=2560
[2026-06-03 10:40:54] [TRAIN] Gen 10/192: prompt=22 resp=1585
[2026-06-03 10:40:54] [TRAIN] Gen 3/192: prompt=4 resp=2226
[2026-06-03 10:40:54] [TRAIN] Gen 16/192: prompt=7 resp=2474
[2026-06-03 10:40:54] [TRAIN] Gen 9/192: prompt=22 resp=1643
[2026-06-03 10:40:54] [TRAIN] Gen 11/192: prompt=22 resp=1560
[2026-06-03 10:40:54] [TRAIN] Gen 13/192: prompt=7 resp=2503
[2026-06-03 10:40:54] [TRAIN] Gen 6/192: prompt=234 resp=2445
[2026-06-03 10:40:54] [TRAIN] Gen 8/192: prompt=234 resp=2328
[2026-06-03 10:40:54] [TRAIN] Gen 7/192: prompt=234 resp=2442
[2026-06-03 10:41:02] [TRAIN] Gen 25/192: prompt=106 resp=1783
[2026-06-03 10:41:02] [TRAIN] Gen 27/192: prompt=106 resp=1783
[2026-06-03 10:41:04] [TRAIN] Gen 17/192: prompt=62 resp=2220
[2026-06-03 10:41:04] [TRAIN] Gen 23/192: prompt=16 resp=2260
[2026-06-03 10:41:04] [TRAIN] Gen 31/192: prompt=344 resp=2501
[2026-06-03 10:41:04] [TRAIN] Gen 28/192: prompt=106 resp=2400
[2026-06-03 10:41:04] [TRAIN] Gen 22/192: prompt=16 resp=2264
[2026-06-03 10:41:04] [TRAIN] Gen 20/192: prompt=62 resp=2354
[2026-06-03 10:41:04] [TRAIN] Gen 21/192: prompt=16 resp=2214
[2026-06-03 10:41:04] [TRAIN] Gen 30/192: prompt=344 resp=2554
[2026-06-03 10:41:04] [TRAIN] Gen 19/192: prompt=62 resp=2135
[2026-06-03 10:41:04] [TRAIN] Gen 18/192: prompt=62 resp=2040
[2026-06-03 10:41:04] [TRAIN] Gen 26/192: prompt=106 resp=2395
[2026-06-03 10:41:04] [TRAIN] Gen 29/192: prompt=344 resp=2559
[2026-06-03 10:41:04] [TRAIN] Gen 24/192: prompt=16 resp=2105
[2026-06-03 10:41:04] [TRAIN] Gen 32/192: prompt=344 resp=2531
[2026-06-03 10:41:12] [TRAIN] Gen 33/192: prompt=33 resp=2186
[2026-06-03 10:41:12] [TRAIN] Gen 34/192: prompt=33 resp=2060
[2026-06-03 10:41:14] [TRAIN] Gen 35/192: prompt=33 resp=2094
[2026-06-03 10:41:14] [TRAIN] Gen 40/192: prompt=16 resp=2554
[2026-06-03 10:41:14] [TRAIN] Gen 48/192: prompt=8 resp=2590
[2026-06-03 10:41:14] [TRAIN] Gen 46/192: prompt=8 resp=2524
[2026-06-03 10:41:14] [TRAIN] Gen 38/192: prompt=16 resp=2686
[2026-06-03 10:41:14] [TRAIN] Gen 41/192: prompt=30 resp=1638
[2026-06-03 10:41:14] [TRAIN] Gen 39/192: prompt=16 resp=2570
[2026-06-03 10:41:14] [TRAIN] Gen 36/192: prompt=33 resp=2131
[2026-06-03 10:41:14] [TRAIN] Gen 44/192: prompt=30 resp=2133
[2026-06-03 10:41:14] [TRAIN] Gen 45/192: prompt=8 resp=2632
[2026-06-03 10:41:14] [TRAIN] Gen 47/192: prompt=8 resp=2473
[2026-06-03 10:41:14] [TRAIN] Gen 42/192: prompt=30 resp=1709
[2026-06-03 10:41:14] [TRAIN] Gen 43/192: prompt=30 resp=2057
[2026-06-03 10:41:14] [TRAIN] Gen 37/192: prompt=16 resp=2702
[2026-06-03 10:41:21] [TRAIN] Gen 49/192: prompt=25 resp=2626
[2026-06-03 10:41:21] [TRAIN] Gen 50/192: prompt=25 resp=2612
[2026-06-03 10:41:23] [TRAIN] Gen 51/192: prompt=25 resp=2499
[2026-06-03 10:41:24] [TRAIN] Gen 58/192: prompt=232 resp=2259
[2026-06-03 10:41:24] [TRAIN] Gen 60/192: prompt=232 resp=2112
[2026-06-03 10:41:24] [TRAIN] Gen 55/192: prompt=13 resp=2569
[2026-06-03 10:41:24] [TRAIN] Gen 61/192: prompt=29 resp=1913
[2026-06-03 10:41:24] [TRAIN] Gen 52/192: prompt=25 resp=2576
[2026-06-03 10:41:24] [TRAIN] Gen 63/192: prompt=29 resp=1878
[2026-06-03 10:41:24] [TRAIN] Gen 64/192: prompt=29 resp=1855
[2026-06-03 10:41:24] [TRAIN] Gen 59/192: prompt=232 resp=2208
[2026-06-03 10:41:24] [TRAIN] Gen 57/192: prompt=232 resp=1839
[2026-06-03 10:41:24] [TRAIN] Gen 62/192: prompt=29 resp=1823
[2026-06-03 10:41:24] [TRAIN] Gen 53/192: prompt=13 resp=2710
[2026-06-03 10:41:24] [TRAIN] Gen 56/192: prompt=13 resp=2640
[2026-06-03 10:41:24] [TRAIN] Gen 54/192: prompt=13 resp=2515
[2026-06-03 10:41:32] [TRAIN] Gen 65/192: prompt=10 resp=2382
[2026-06-03 10:41:32] [TRAIN] Gen 66/192: prompt=10 resp=2229
[2026-06-03 10:41:34] [TRAIN] Gen 67/192: prompt=10 resp=2348
[2026-06-03 10:41:34] [TRAIN] Gen 74/192: prompt=1357 resp=1976
[2026-06-03 10:41:34] [TRAIN] Gen 73/192: prompt=1357 resp=2241
[2026-06-03 10:41:34] [TRAIN] Gen 75/192: prompt=1357 resp=2220
[2026-06-03 10:41:34] [TRAIN] Gen 80/192: prompt=41 resp=2424
[2026-06-03 10:41:34] [TRAIN] Gen 68/192: prompt=10 resp=2295
[2026-06-03 10:41:34] [TRAIN] Gen 72/192: prompt=23 resp=2628
[2026-06-03 10:41:34] [TRAIN] Gen 79/192: prompt=41 resp=2335
[2026-06-03 10:41:34] [TRAIN] Gen 71/192: prompt=23 resp=2725
[2026-06-03 10:41:34] [TRAIN] Gen 78/192: prompt=41 resp=2483
[2026-06-03 10:41:34] [TRAIN] Gen 69/192: prompt=23 resp=2697
[2026-06-03 10:41:34] [TRAIN] Gen 70/192: prompt=23 resp=2708
[2026-06-03 10:41:34] [TRAIN] Gen 77/192: prompt=41 resp=2446
[2026-06-03 10:41:34] [TRAIN] Gen 76/192: prompt=1357 resp=2123
[2026-06-03 10:41:42] [TRAIN] Gen 81/192: prompt=8 resp=2813
[2026-06-03 10:41:42] [TRAIN] Gen 82/192: prompt=8 resp=2771
[2026-06-03 10:41:44] [TRAIN] Gen 83/192: prompt=8 resp=2755
[2026-06-03 10:41:44] [TRAIN] Gen 87/192: prompt=11 resp=2423
[2026-06-03 10:41:44] [TRAIN] Gen 93/192: prompt=95 resp=2607
[2026-06-03 10:41:44] [TRAIN] Gen 88/192: prompt=11 resp=2289
[2026-06-03 10:41:44] [TRAIN] Gen 91/192: prompt=8 resp=2260
[2026-06-03 10:41:44] [TRAIN] Gen 96/192: prompt=95 resp=2534
[2026-06-03 10:41:44] [TRAIN] Gen 89/192: prompt=8 resp=2188
[2026-06-03 10:41:44] [TRAIN] Gen 90/192: prompt=8 resp=2342
[2026-06-03 10:41:44] [TRAIN] Gen 86/192: prompt=11 resp=2276
[2026-06-03 10:41:44] [TRAIN] Gen 95/192: prompt=95 resp=2488
[2026-06-03 10:41:44] [TRAIN] Gen 94/192: prompt=95 resp=2650
[2026-06-03 10:41:44] [TRAIN] Gen 84/192: prompt=8 resp=2648
[2026-06-03 10:41:44] [TRAIN] Gen 85/192: prompt=11 resp=2239
[2026-06-03 10:41:44] [TRAIN] Gen 92/192: prompt=8 resp=2197
[2026-06-03 10:41:52] [TRAIN] Gen 97/192: prompt=41 resp=2254
[2026-06-03 10:41:52] [TRAIN] Gen 98/192: prompt=41 resp=2317
[2026-06-03 10:41:54] [TRAIN] Gen 99/192: prompt=41 resp=2314
[2026-06-03 10:41:54] [TRAIN] Gen 108/192: prompt=18 resp=2083
[2026-06-03 10:41:54] [TRAIN] Gen 106/192: prompt=18 resp=2159
[2026-06-03 10:41:54] [TRAIN] Gen 102/192: prompt=48 resp=2404
[2026-06-03 10:41:54] [TRAIN] Gen 100/192: prompt=41 resp=2255
[2026-06-03 10:41:54] [TRAIN] Gen 101/192: prompt=48 resp=2389
[2026-06-03 10:41:54] [TRAIN] Gen 110/192: prompt=23 resp=1619
[2026-06-03 10:41:54] [TRAIN] Gen 107/192: prompt=18 resp=2155
[2026-06-03 10:41:54] [TRAIN] Gen 112/192: prompt=23 resp=1575
[2026-06-03 10:41:54] [TRAIN] Gen 111/192: prompt=23 resp=1594
[2026-06-03 10:41:54] [TRAIN] Gen 104/192: prompt=48 resp=2461
[2026-06-03 10:41:54] [TRAIN] Gen 105/192: prompt=18 resp=2066
[2026-06-03 10:41:54] [TRAIN] Gen 109/192: prompt=23 resp=1597
[2026-06-03 10:41:54] [TRAIN] Gen 103/192: prompt=48 resp=2439
[2026-06-03 10:41:58] [TRAIN] Gen 126/192: prompt=135 resp=787
[2026-06-03 10:41:58] [TRAIN] Gen 125/192: prompt=135 resp=781
[2026-06-03 10:41:58] [TRAIN] Gen 128/192: prompt=135 resp=780
[2026-06-03 10:41:59] [TRAIN] Gen 127/192: prompt=135 resp=923
[2026-06-03 10:42:01] [TRAIN] Gen 113/192: prompt=18 resp=2380
[2026-06-03 10:42:01] [TRAIN] Gen 114/192: prompt=18 resp=2388
[2026-06-03 10:42:03] [TRAIN] Gen 115/192: prompt=18 resp=2341
[2026-06-03 10:42:03] [TRAIN] Gen 117/192: prompt=18 resp=2573
[2026-06-03 10:42:03] [TRAIN] Gen 116/192: prompt=18 resp=2368
[2026-06-03 10:42:03] [TRAIN] Gen 123/192: prompt=23 resp=2125
[2026-06-03 10:42:03] [TRAIN] Gen 122/192: prompt=23 resp=2218
[2026-06-03 10:42:03] [TRAIN] Gen 124/192: prompt=23 resp=2274
[2026-06-03 10:42:03] [TRAIN] Gen 121/192: prompt=23 resp=2156
[2026-06-03 10:42:03] [TRAIN] Gen 120/192: prompt=18 resp=2357
[2026-06-03 10:42:03] [TRAIN] Gen 119/192: prompt=18 resp=2368
[2026-06-03 10:42:03] [TRAIN] Gen 118/192: prompt=18 resp=2521
[2026-06-03 10:42:07] [TRAIN] Gen 141/192: prompt=5 resp=850
[2026-06-03 10:42:07] [TRAIN] Gen 129/192: prompt=7 resp=2586
[2026-06-03 10:42:08] [TRAIN] Gen 130/192: prompt=7 resp=2660
[2026-06-03 10:42:08] [TRAIN] Gen 131/192: prompt=7 resp=2548
[2026-06-03 10:42:08] [TRAIN] Gen 143/192: prompt=5 resp=1025
[2026-06-03 10:42:08] [TRAIN] Gen 144/192: prompt=5 resp=1182
[2026-06-03 10:42:09] [TRAIN] Gen 132/192: prompt=7 resp=2502
[2026-06-03 10:42:10] [TRAIN] Gen 142/192: prompt=5 resp=1609
[2026-06-03 10:42:11] [TRAIN] Gen 133/192: prompt=16 resp=2358
[2026-06-03 10:42:11] [TRAIN] Gen 134/192: prompt=16 resp=2440
[2026-06-03 10:42:13] [TRAIN] Gen 135/192: prompt=16 resp=2505
[2026-06-03 10:42:13] [TRAIN] Gen 137/192: prompt=5 resp=2601
[2026-06-03 10:42:13] [TRAIN] Gen 136/192: prompt=16 resp=2430
[2026-06-03 10:42:13] [TRAIN] Gen 140/192: prompt=5 resp=2493
[2026-06-03 10:42:13] [TRAIN] Gen 139/192: prompt=5 resp=2525
[2026-06-03 10:42:13] [TRAIN] Gen 138/192: prompt=5 resp=2595
[2026-06-03 10:42:16] [TRAIN] Gen 145/192: prompt=337 resp=2292
[2026-06-03 10:42:17] [TRAIN] Gen 146/192: prompt=337 resp=2151
[2026-06-03 10:42:17] [TRAIN] Gen 147/192: prompt=337 resp=2267
[2026-06-03 10:42:17] [TRAIN] Gen 148/192: prompt=337 resp=2260
[2026-06-03 10:42:17] [TRAIN] Gen 149/192: prompt=41 resp=2291
[2026-06-03 10:42:17] [TRAIN] Gen 150/192: prompt=41 resp=2289
[2026-06-03 10:42:18] [TRAIN] Gen 151/192: prompt=41 resp=2232
[2026-06-03 10:42:19] [TRAIN] Gen 152/192: prompt=41 resp=2261
[2026-06-03 10:42:20] [TRAIN] Gen 153/192: prompt=80 resp=2621
[2026-06-03 10:42:20] [TRAIN] Gen 154/192: prompt=80 resp=2607
[2026-06-03 10:42:22] [TRAIN] Gen 155/192: prompt=80 resp=2629
[2026-06-03 10:42:22] [TRAIN] Gen 157/192: prompt=106 resp=2380
[2026-06-03 10:42:22] [TRAIN] Gen 156/192: prompt=80 resp=2680
[2026-06-03 10:42:22] [TRAIN] Gen 160/192: prompt=106 resp=2584
[2026-06-03 10:42:22] [TRAIN] Gen 158/192: prompt=106 resp=2376
[2026-06-03 10:42:22] [TRAIN] Gen 159/192: prompt=106 resp=2437
[2026-06-03 10:42:26] [TRAIN] Gen 161/192: prompt=16 resp=2613
[2026-06-03 10:42:26] [TRAIN] Gen 162/192: prompt=16 resp=2556
[2026-06-03 10:42:26] [TRAIN] Gen 163/192: prompt=16 resp=2417
[2026-06-03 10:42:26] [TRAIN] Gen 164/192: prompt=16 resp=2575
[2026-06-03 10:42:27] [TRAIN] Gen 165/192: prompt=10 resp=2278
[2026-06-03 10:42:27] [TRAIN] Gen 166/192: prompt=10 resp=2174
[2026-06-03 10:42:27] [TRAIN] Gen 167/192: prompt=10 resp=2227
[2026-06-03 10:42:29] [TRAIN] Gen 168/192: prompt=10 resp=2255
[2026-06-03 10:42:29] [TRAIN] Gen 169/192: prompt=66 resp=2194
[2026-06-03 10:42:29] [TRAIN] Gen 170/192: prompt=66 resp=2135
[2026-06-03 10:42:31] [TRAIN] Gen 171/192: prompt=66 resp=2194
[2026-06-03 10:42:32] [TRAIN] Gen 172/192: prompt=66 resp=2184
[2026-06-03 10:42:32] [TRAIN] Gen 173/192: prompt=24 resp=2558
[2026-06-03 10:42:32] [TRAIN] Gen 175/192: prompt=24 resp=2550
[2026-06-03 10:42:32] [TRAIN] Gen 176/192: prompt=24 resp=2584
[2026-06-03 10:42:32] [TRAIN] Gen 174/192: prompt=24 resp=2464
[2026-06-03 10:42:35] [TRAIN] Gen 177/192: prompt=26 resp=2325
[2026-06-03 10:42:36] [TRAIN] Gen 178/192: prompt=26 resp=2406
[2026-06-03 10:42:36] [TRAIN] Gen 179/192: prompt=26 resp=2484
[2026-06-03 10:42:36] [TRAIN] Gen 180/192: prompt=26 resp=2505
[2026-06-03 10:42:36] [TRAIN] Gen 181/192: prompt=34 resp=2166
[2026-06-03 10:42:36] [TRAIN] Gen 182/192: prompt=34 resp=2446
[2026-06-03 10:42:37] [TRAIN] Gen 183/192: prompt=34 resp=2527
[2026-06-03 10:42:38] [TRAIN] Gen 184/192: prompt=34 resp=2152
[2026-06-03 10:42:39] [TRAIN] Gen 185/192: prompt=12 resp=2266
[2026-06-03 10:42:39] [TRAIN] Gen 186/192: prompt=12 resp=2376
[2026-06-03 10:42:41] [TRAIN] Gen 187/192: prompt=12 resp=2326
[2026-06-03 10:42:41] [TRAIN] Gen 189/192: prompt=212 resp=2353
[2026-06-03 10:42:41] [TRAIN] Gen 188/192: prompt=12 resp=2126
[2026-06-03 10:42:41] [TRAIN] Gen 190/192: prompt=212 resp=2414
[2026-06-03 10:42:41] [TRAIN] Gen 191/192: prompt=212 resp=2442
[2026-06-03 10:42:41] [TRAIN] Gen 192/192: prompt=212 resp=2441
[2026-06-03 10:42:41] [TRAIN] Generation done in 116.4s
[2026-06-03 10:42:57] [TRAIN] Prompt 1/48: rewards=[0.0, 0.0, 0.3, 0.275]
[2026-06-03 10:42:57] [TRAIN] Prompt 2 category: logical reasoning
[2026-06-03 10:43:06] [TRAIN] Prompt 2/48: rewards=[0.0, 0.0, 0.0, 0.25]
[2026-06-03 10:43:06] [TRAIN] Prompt 3 category: brainstorming
[2026-06-03 10:43:23] [TRAIN] Prompt 3/48: rewards=[0.0, 0.0, 0.0, 0.0]
[2026-06-03 10:43:37] [TRAIN] Prompt 4/48: rewards=[0.312, 0.225, 0.35, 0.338]
[2026-06-03 10:43:37] [TRAIN] Prompt 5 category: logical reasoning
[2026-06-03 10:43:46] [TRAIN] Prompt 5/48: rewards=[0.0, 0.0, 0.0, 0.525]
[2026-06-03 10:43:46] [TRAIN] Prompt 6 category: creative writing
[2026-06-03 10:44:00] [TRAIN] Prompt 6/48: rewards=[0.275, 0.35, 0.35, 0.0]
[2026-06-03 10:44:00] [TRAIN] Prompt 7 category: debugging
[2026-06-03 10:44:08] [TRAIN] Prompt 7/48: rewards=[0.0, 0.0, 0.0, 0.0]
[2026-06-03 10:44:08] [TRAIN] Prompt 8 category: coding
[2026-06-03 10:44:17] [TRAIN] Prompt 8/48: rewards=[0.0, 0.0, 0.0, 0.0]
[2026-06-03 10:44:17] [TRAIN] Prompt 9 category: coding
[2026-06-03 10:44:26] [TRAIN] Prompt 9/48: rewards=[0.0, 0.0, 0.0, 0.0]
[2026-06-03 10:44:26] [TRAIN] Prompt 10 category: copywriting
[2026-06-03 10:44:42] [TRAIN] Prompt 10/48: rewards=[0.263, 0.0, 0.0, 0.138]
[2026-06-03 10:44:42] [TRAIN] Prompt 11 category: brainstorming
[2026-06-03 10:44:56] [TRAIN] Prompt 11/48: rewards=[0.175, 0.275, 0.275, 0.375]
[2026-06-03 10:44:56] [TRAIN] Prompt 12 category: creative writing
[2026-06-03 10:45:11] [TRAIN] Prompt 12/48: rewards=[0.237, 0.312, 0.0, 0.237]
[2026-06-03 10:45:11] [TRAIN] Prompt 13 category: explanation
[2026-06-03 10:45:26] [TRAIN] Prompt 13/48: rewards=[0.287, 0.0, 0.0, 0.25]
[2026-06-03 10:45:26] [TRAIN] Prompt 14 category: brainstorming
[2026-06-03 10:45:41] [TRAIN] Prompt 14/48: rewards=[0.4, 0.0, 0.237, 0.0]
[2026-06-03 10:45:41] [TRAIN] Prompt 15 category: coding
[2026-06-03 10:45:49] [TRAIN] Prompt 15/48: rewards=[0.0, 0.0, 0.2, 0.0]
[2026-06-03 10:45:49] [TRAIN] Prompt 16 category: logical reasoning
[2026-06-03 10:45:59] [TRAIN] Prompt 16/48: rewards=[0.0, 0.0, 0.0, 0.0]
[2026-06-03 10:45:59] [TRAIN] Prompt 17 category: coding
[2026-06-03 10:46:07] [TRAIN] Prompt 17/48: rewards=[0.2, 0.05, 0.0, 0.15]
[2026-06-03 10:46:07] [TRAIN] Prompt 18 category: brainstorming
[2026-06-03 10:46:20] [TRAIN] Prompt 18/48: rewards=[0.362, 0.225, 0.0, 0.388]
[2026-06-03 10:46:20] [TRAIN] Prompt 19 category: coding
[2026-06-03 10:46:27] [TRAIN] Prompt 19/48: rewards=[0.0, 0.0, 0.0, 0.0]
[2026-06-03 10:46:27] [TRAIN] Prompt 20 category: creative writing
[2026-06-03 10:46:42] [TRAIN] Prompt 20/48: rewards=[0.388, 0.0, 0.0, 0.225]
[2026-06-03 10:46:42] [TRAIN] Prompt 21 category: explanation
[2026-06-03 10:46:55] [TRAIN] Prompt 21/48: rewards=[0.312, 0.1, 0.212, 0.225]
[2026-06-03 10:46:55] [TRAIN] Prompt 22 category: logical reasoning
[2026-06-03 10:47:05] [TRAIN] Prompt 22/48: rewards=[0.0, 0.0, 0.0, 0.275]
[2026-06-03 10:47:21] [TRAIN] Prompt 23/48: rewards=[0.425, 0.263, 0.163, 0.0]
[2026-06-03 10:47:36] [TRAIN] Prompt 24/48: rewards=[0.0, 0.45, 0.25, 0.425]
[2026-06-03 10:47:36] [TRAIN] Prompt 25 category: coding
[2026-06-03 10:47:45] [TRAIN] Prompt 25/48: rewards=[0.2, 0.0, 0.0, 0.0]
[2026-06-03 10:47:45] [TRAIN] Prompt 26 category: brainstorming
[2026-06-03 10:47:57] [TRAIN] Prompt 26/48: rewards=[0.3, 0.275, 0.312, 0.338]
[2026-06-03 10:47:57] [TRAIN] Prompt 27 category: math
[2026-06-03 10:48:07] [TRAIN] Prompt 27/48: rewards=[0.0, 0.0, 0.0, 0.0]
[2026-06-03 10:48:22] [TRAIN] Prompt 28/48: rewards=[0.438, 0.0, 0.0, 0.35]
[2026-06-03 10:48:22] [TRAIN] Prompt 29 category: coding
[2026-06-03 10:48:30] [TRAIN] Prompt 29/48: rewards=[0.0, 0.0, 0.0, 0.0]
[2026-06-03 10:48:30] [TRAIN] Prompt 30 category: creative writing
[2026-06-03 10:48:46] [TRAIN] Prompt 30/48: rewards=[0.0, 0.0, 0.4, 0.4]
[2026-06-03 10:48:46] [TRAIN] Prompt 31 category: copywriting
[2026-06-03 10:49:01] [TRAIN] Prompt 31/48: rewards=[0.0, 0.0, 0.0, 0.438]
[2026-06-03 10:49:01] [TRAIN] Prompt 32 category: coding
[2026-06-03 10:49:08] [TRAIN] Prompt 32/48: rewards=[1.0, 1.0, 1.0, 1.0]
[2026-06-03 10:49:08] [TRAIN] Prompt 33 category: creative writing
[2026-06-03 10:49:19] [TRAIN] Prompt 33/48: rewards=[0.188, 0.3, 0.325, 0.087]
[2026-06-03 10:49:19] [TRAIN] Prompt 34 category: coding
[2026-06-03 10:49:27] [TRAIN] Prompt 34/48: rewards=[0.0, 0.0, 0.0, 0.225]
[2026-06-03 10:49:27] [TRAIN] Prompt 35 category: explanation
[2026-06-03 10:49:40] [TRAIN] Prompt 35/48: rewards=[0.35, 0.35, 0.338, 0.325]
[2026-06-03 10:49:40] [TRAIN] Prompt 36 category: explanation
[2026-06-03 10:49:53] [TRAIN] Prompt 36/48: rewards=[0.5, 1.0, 0.0, 0.5]
[2026-06-03 10:49:53] [TRAIN] Prompt 37 category: coding
[2026-06-03 10:50:00] [TRAIN] Prompt 37/48: rewards=[0.0, 0.0, 0.0, 0.0]
[2026-06-03 10:50:00] [TRAIN] Prompt 38 category: coding
[2026-06-03 10:50:08] [TRAIN] Prompt 38/48: rewards=[0.2, 0.0, 0.25, 0.2]
[2026-06-03 10:50:08] [TRAIN] Prompt 39 category: creative writing
[2026-06-03 10:50:23] [TRAIN] Prompt 39/48: rewards=[0.0, 0.3, 0.438, 0.138]
[2026-06-03 10:50:23] [TRAIN] Prompt 40 category: instruction following
[2026-06-03 10:50:37] [TRAIN] Prompt 40/48: rewards=[0.0, 0.362, 0.312, 0.0]
[2026-06-03 10:50:37] [TRAIN] Prompt 41 category: explanation
[2026-06-03 10:50:53] [TRAIN] Prompt 41/48: rewards=[0.0, 0.0, 0.0, 0.2]
[2026-06-03 10:51:09] [TRAIN] Prompt 42/48: rewards=[0.0, 0.0, 0.062, 0.237]
[2026-06-03 10:51:09] [TRAIN] Prompt 43 category: coding
[2026-06-03 10:51:17] [TRAIN] Prompt 43/48: rewards=[0.15, 0.0, 0.0, 0.15]
[2026-06-03 10:51:17] [TRAIN] Prompt 44 category: coding
[2026-06-03 10:51:26] [TRAIN] Prompt 44/48: rewards=[0.0, 0.0, 0.0, 0.0]
[2026-06-03 10:51:26] [TRAIN] Prompt 45 category: creative writing
[2026-06-03 10:51:38] [TRAIN] Prompt 45/48: rewards=[0.125, 0.312, 0.35, 0.312]
[2026-06-03 10:51:38] [TRAIN] Prompt 46 category: explanation
[2026-06-03 10:51:53] [TRAIN] Prompt 46/48: rewards=[0.113, 0.287, 0.237, 0.212]
[2026-06-03 10:51:53] [TRAIN] Prompt 47 category: brainstorming
[2026-06-03 10:52:07] [TRAIN] Prompt 47/48: rewards=[0.0, 0.2, 0.0, 0.0]
[2026-06-03 10:52:07] [TRAIN] Prompt 48 category: coding
[2026-06-03 10:52:15] [TRAIN] Prompt 48/48: rewards=[0.0, 0.0, 0.0, 0.2]
[2026-06-03 10:52:15] [TRAIN] Rewards: mean=0.154, 6/192 >0.5 (mode=rubric)
[2026-06-03 10:52:15] [TRAIN] Sleeping replicas via CheckpointEngineManager...
[2026-06-03 10:52:15] [TRAIN] Replicas asleep
[2026-06-03 10:52:16] [TRAIN] Training batch built: {'prompts': torch.Size([192, 1357]), 'input_ids': torch.Size([192, 1869]), 'attention_mask': torch.Size([192, 1869]), 'position_ids': torch.Size([192, 1869]), 'responses': torch.Size([192, 512])}
[2026-06-03 10:52:16] [TRAIN] rm_scores computed (last-token placement)
[2026-06-03 10:52:16] [TRAIN] response_mask computed
[2026-06-03 10:52:57] [TRAIN] old_log_probs computed
[2026-06-03 10:52:57] [TRAIN] GRPO advantages computed
[2026-06-03 10:55:54] [TRAIN] Actor update completed — loss=-0.0013
[2026-06-03 10:55:56] [TRAIN] Weight sync done in 1.7s (wake handled internally)
[2026-06-03 10:55:56] [TRAIN] train_step completed in 910.9s — reward=0.154 (6/192), loss=-0.0013, grad_norm=0.118 | score=0.154, rewards=0.154, adv=0.001 | rlen=500, plen=84, abort=0.000 | tps=123.2 tok/s/gpu, gen=1.21ms/tok, actor=1.58ms/tok
[2026-06-03 10:56:29] [TRAIN] train_step start: 48 prompts x 4 = 192 total
[2026-06-03 10:56:29] [TRAIN] Generating 192 responses (48 prompts x 4) with 16 concurrent workers
[2026-06-03 10:56:35] [TRAIN] Gen 13/192: prompt=52 resp=1301
[2026-06-03 10:56:38] [TRAIN] Gen 11/192: prompt=17 resp=2552
[2026-06-03 10:56:38] [TRAIN] Gen 2/192: prompt=62 resp=2277
[2026-06-03 10:56:38] [TRAIN] Gen 1/192: prompt=62 resp=2568
[2026-06-03 10:56:38] [TRAIN] Gen 3/192: prompt=62 resp=2361
[2026-06-03 10:56:38] [TRAIN] Gen 16/192: prompt=52 resp=2064
[2026-06-03 10:56:38] [TRAIN] Gen 15/192: prompt=52 resp=2228
[2026-06-03 10:56:38] [TRAIN] Gen 4/192: prompt=62 resp=2400
[2026-06-03 10:56:38] [TRAIN] Gen 7/192: prompt=13 resp=2733
[2026-06-03 10:56:38] [TRAIN] Gen 8/192: prompt=13 resp=2646
[2026-06-03 10:56:38] [TRAIN] Gen 12/192: prompt=17 resp=2609
[2026-06-03 10:56:38] [TRAIN] Gen 10/192: prompt=17 resp=2537
[2026-06-03 10:56:38] [TRAIN] Gen 5/192: prompt=13 resp=2627
[2026-06-03 10:56:38] [TRAIN] Gen 6/192: prompt=13 resp=2680
[2026-06-03 10:56:38] [TRAIN] Gen 14/192: prompt=52 resp=2253
[2026-06-03 10:56:38] [TRAIN] Gen 9/192: prompt=17 resp=2633
[2026-06-03 10:56:44] [TRAIN] Gen 17/192: prompt=8 resp=2011
[2026-06-03 10:56:46] [TRAIN] Gen 22/192: prompt=30 resp=1345
[2026-06-03 10:56:47] [TRAIN] Gen 18/192: prompt=8 resp=2144
[2026-06-03 10:56:48] [TRAIN] Gen 24/192: prompt=30 resp=1740
[2026-06-03 10:56:48] [TRAIN] Gen 19/192: prompt=8 resp=2152
[2026-06-03 10:56:48] [TRAIN] Gen 20/192: prompt=8 resp=2123
[2026-06-03 10:56:48] [TRAIN] Gen 21/192: prompt=30 resp=1855
[2026-06-03 10:56:48] [TRAIN] Gen 26/192: prompt=20 resp=2294
[2026-06-03 10:56:48] [TRAIN] Gen 27/192: prompt=20 resp=2265
[2026-06-03 10:56:48] [TRAIN] Gen 28/192: prompt=20 resp=2267
[2026-06-03 10:56:48] [TRAIN] Gen 30/192: prompt=31 resp=2359
[2026-06-03 10:56:48] [TRAIN] Gen 25/192: prompt=20 resp=2293
[2026-06-03 10:56:48] [TRAIN] Gen 32/192: prompt=31 resp=2466
[2026-06-03 10:56:48] [TRAIN] Gen 29/192: prompt=31 resp=2348
[2026-06-03 10:56:48] [TRAIN] Gen 23/192: prompt=30 resp=1822
[2026-06-03 10:56:48] [TRAIN] Gen 31/192: prompt=31 resp=2379
[2026-06-03 10:56:53] [TRAIN] Gen 33/192: prompt=317 resp=2498
[2026-06-03 10:56:56] [TRAIN] Gen 34/192: prompt=317 resp=2672
[2026-06-03 10:56:57] [TRAIN] Gen 35/192: prompt=317 resp=2468
[2026-06-03 10:56:57] [TRAIN] Gen 36/192: prompt=317 resp=2651
[2026-06-03 10:56:58] [TRAIN] Gen 37/192: prompt=30 resp=2059
[2026-06-03 10:56:58] [TRAIN] Gen 38/192: prompt=30 resp=2354
[2026-06-03 10:56:58] [TRAIN] Gen 39/192: prompt=30 resp=1872
[2026-06-03 10:56:58] [TRAIN] Gen 45/192: prompt=6 resp=2395
[2026-06-03 10:56:58] [TRAIN] Gen 48/192: prompt=6 resp=2223
[2026-06-03 10:56:58] [TRAIN] Gen 42/192: prompt=12 resp=2207
[2026-06-03 10:56:58] [TRAIN] Gen 41/192: prompt=12 resp=2360
[2026-06-03 10:56:58] [TRAIN] Gen 43/192: prompt=12 resp=2375
[2026-06-03 10:56:58] [TRAIN] Gen 46/192: prompt=6 resp=2366
[2026-06-03 10:56:58] [TRAIN] Gen 44/192: prompt=12 resp=2274
[2026-06-03 10:56:58] [TRAIN] Gen 47/192: prompt=6 resp=2348
[2026-06-03 10:56:58] [TRAIN] Gen 40/192: prompt=30 resp=2050
[2026-06-03 10:57:02] [TRAIN] Gen 58/192: prompt=60 resp=761
[2026-06-03 10:57:03] [TRAIN] Gen 49/192: prompt=11 resp=2519
[2026-06-03 10:57:04] [TRAIN] Gen 59/192: prompt=60 resp=1226
[2026-06-03 10:57:04] [TRAIN] Gen 62/192: prompt=27 resp=1571
[2026-06-03 10:57:05] [TRAIN] Gen 60/192: prompt=60 resp=1448
[2026-06-03 10:57:05] [TRAIN] Gen 57/192: prompt=60 resp=1520
[2026-06-03 10:57:05] [TRAIN] Gen 63/192: prompt=27 resp=1895
[2026-06-03 10:57:06] [TRAIN] Gen 50/192: prompt=11 resp=2528
[2026-06-03 10:57:07] [TRAIN] Gen 51/192: prompt=11 resp=2611
[2026-06-03 10:57:07] [TRAIN] Gen 52/192: prompt=11 resp=2587
[2026-06-03 10:57:08] [TRAIN] Gen 53/192: prompt=13 resp=2653
[2026-06-03 10:57:08] [TRAIN] Gen 54/192: prompt=13 resp=2583
[2026-06-03 10:57:08] [TRAIN] Gen 55/192: prompt=13 resp=2618
[2026-06-03 10:57:08] [TRAIN] Gen 61/192: prompt=27 resp=2225
[2026-06-03 10:57:08] [TRAIN] Gen 56/192: prompt=13 resp=2628
[2026-06-03 10:57:08] [TRAIN] Gen 64/192: prompt=27 resp=2359
[2026-06-03 10:57:12] [TRAIN] Gen 65/192: prompt=19 resp=2121
[2026-06-03 10:57:13] [TRAIN] Gen 66/192: prompt=19 resp=2126
[2026-06-03 10:57:14] [TRAIN] Gen 67/192: prompt=19 resp=2187
[2026-06-03 10:57:14] [TRAIN] Gen 68/192: prompt=19 resp=2177
[2026-06-03 10:57:15] [TRAIN] Gen 69/192: prompt=68 resp=2255
[2026-06-03 10:57:15] [TRAIN] Gen 70/192: prompt=68 resp=2410
[2026-06-03 10:57:15] [TRAIN] Gen 71/192: prompt=68 resp=2379
[2026-06-03 10:57:15] [TRAIN] Gen 72/192: prompt=68 resp=2405
[2026-06-03 10:57:16] [TRAIN] Gen 73/192: prompt=14 resp=2486
[2026-06-03 10:57:17] [TRAIN] Gen 74/192: prompt=14 resp=2596
[2026-06-03 10:57:17] [TRAIN] Gen 76/192: prompt=14 resp=2493
[2026-06-03 10:57:17] [TRAIN] Gen 75/192: prompt=14 resp=2406
[2026-06-03 10:57:17] [TRAIN] Gen 77/192: prompt=340 resp=2016
[2026-06-03 10:57:17] [TRAIN] Gen 79/192: prompt=340 resp=1844
[2026-06-03 10:57:17] [TRAIN] Gen 78/192: prompt=340 resp=2215
[2026-06-03 10:57:17] [TRAIN] Gen 80/192: prompt=340 resp=1840
[2026-06-03 10:57:21] [TRAIN] Gen 81/192: prompt=11 resp=2453
[2026-06-03 10:57:22] [TRAIN] Gen 82/192: prompt=11 resp=2448
[2026-06-03 10:57:23] [TRAIN] Gen 83/192: prompt=11 resp=2387
[2026-06-03 10:57:23] [TRAIN] Gen 84/192: prompt=11 resp=2426
[2026-06-03 10:57:24] [TRAIN] Gen 85/192: prompt=9 resp=2332
[2026-06-03 10:57:24] [TRAIN] Gen 86/192: prompt=9 resp=2308
[2026-06-03 10:57:24] [TRAIN] Gen 87/192: prompt=9 resp=2351
[2026-06-03 10:57:25] [TRAIN] Gen 88/192: prompt=9 resp=2430
[2026-06-03 10:57:26] [TRAIN] Gen 89/192: prompt=9 resp=2458
[2026-06-03 10:57:26] [TRAIN] Gen 90/192: prompt=9 resp=2550
[2026-06-03 10:57:27] [TRAIN] Gen 92/192: prompt=9 resp=2464
[2026-06-03 10:57:27] [TRAIN] Gen 91/192: prompt=9 resp=2503
[2026-06-03 10:57:27] [TRAIN] Gen 93/192: prompt=26 resp=2246
[2026-06-03 10:57:27] [TRAIN] Gen 95/192: prompt=26 resp=2486
[2026-06-03 10:57:27] [TRAIN] Gen 94/192: prompt=26 resp=2233
[2026-06-03 10:57:27] [TRAIN] Gen 96/192: prompt=26 resp=2333
[2026-06-03 10:57:30] [TRAIN] Gen 97/192: prompt=124 resp=2315
[2026-06-03 10:57:32] [TRAIN] Gen 98/192: prompt=124 resp=2055
[2026-06-03 10:57:32] [TRAIN] Gen 99/192: prompt=124 resp=2339
[2026-06-03 10:57:33] [TRAIN] Gen 100/192: prompt=124 resp=2355
[2026-06-03 10:57:34] [TRAIN] Gen 101/192: prompt=206 resp=2445
[2026-06-03 10:57:34] [TRAIN] Gen 102/192: prompt=206 resp=2261
[2026-06-03 10:57:34] [TRAIN] Gen 103/192: prompt=206 resp=2332
[2026-06-03 10:57:34] [TRAIN] Gen 104/192: prompt=206 resp=2369
[2026-06-03 10:57:35] [TRAIN] Gen 105/192: prompt=33 resp=2465
[2026-06-03 10:57:36] [TRAIN] Gen 106/192: prompt=33 resp=2551
[2026-06-03 10:57:36] [TRAIN] Gen 107/192: prompt=33 resp=2591
[2026-06-03 10:57:36] [TRAIN] Gen 108/192: prompt=33 resp=2696
[2026-06-03 10:57:36] [TRAIN] Gen 109/192: prompt=43 resp=2198
[2026-06-03 10:57:36] [TRAIN] Gen 110/192: prompt=43 resp=2229
[2026-06-03 10:57:36] [TRAIN] Gen 112/192: prompt=43 resp=1954
[2026-06-03 10:57:36] [TRAIN] Gen 111/192: prompt=43 resp=2166
[2026-06-03 10:57:40] [TRAIN] Gen 113/192: prompt=14 resp=1848
[2026-06-03 10:57:41] [TRAIN] Gen 114/192: prompt=14 resp=1922
[2026-06-03 10:57:42] [TRAIN] Gen 115/192: prompt=14 resp=2017
[2026-06-03 10:57:42] [TRAIN] Gen 116/192: prompt=14 resp=1988
[2026-06-03 10:57:43] [TRAIN] Gen 117/192: prompt=66 resp=1475
[2026-06-03 10:57:43] [TRAIN] Gen 118/192: prompt=66 resp=1507
[2026-06-03 10:57:43] [TRAIN] Gen 119/192: prompt=66 resp=1509
[2026-06-03 10:57:44] [TRAIN] Gen 120/192: prompt=66 resp=1451
[2026-06-03 10:57:45] [TRAIN] Gen 121/192: prompt=76 resp=1753
[2026-06-03 10:57:45] [TRAIN] Gen 122/192: prompt=76 resp=1757
[2026-06-03 10:57:45] [TRAIN] Gen 124/192: prompt=76 resp=1827
[2026-06-03 10:57:45] [TRAIN] Gen 123/192: prompt=76 resp=2041
[2026-06-03 10:57:45] [TRAIN] Gen 125/192: prompt=21 resp=2552
[2026-06-03 10:57:46] [TRAIN] Gen 128/192: prompt=21 resp=2440
[2026-06-03 10:57:46] [TRAIN] Gen 127/192: prompt=21 resp=2517
[2026-06-03 10:57:46] [TRAIN] Gen 126/192: prompt=21 resp=2447
[2026-06-03 10:57:49] [TRAIN] Gen 129/192: prompt=55 resp=2346
[2026-06-03 10:57:50] [TRAIN] Gen 130/192: prompt=55 resp=2317
[2026-06-03 10:57:51] [TRAIN] Gen 131/192: prompt=55 resp=2361
[2026-06-03 10:57:51] [TRAIN] Gen 132/192: prompt=55 resp=2331
[2026-06-03 10:57:52] [TRAIN] Gen 133/192: prompt=15 resp=2405
[2026-06-03 10:57:52] [TRAIN] Gen 134/192: prompt=15 resp=2383
[2026-06-03 10:57:53] [TRAIN] Gen 135/192: prompt=15 resp=2369
[2026-06-03 10:57:53] [TRAIN] Gen 136/192: prompt=15 resp=2559
[2026-06-03 10:57:54] [TRAIN] Gen 137/192: prompt=5 resp=2342
[2026-06-03 10:57:54] [TRAIN] Gen 138/192: prompt=5 resp=2457
[2026-06-03 10:57:55] [TRAIN] Gen 140/192: prompt=5 resp=2336
[2026-06-03 10:57:55] [TRAIN] Gen 139/192: prompt=5 resp=2353
[2026-06-03 10:57:55] [TRAIN] Gen 141/192: prompt=11 resp=2588
[2026-06-03 10:57:55] [TRAIN] Gen 142/192: prompt=11 resp=2574
[2026-06-03 10:57:55] [TRAIN] Gen 143/192: prompt=11 resp=2765
[2026-06-03 10:57:55] [TRAIN] Gen 144/192: prompt=11 resp=2556
[2026-06-03 10:57:58] [TRAIN] Gen 145/192: prompt=9 resp=2661
[2026-06-03 10:58:00] [TRAIN] Gen 146/192: prompt=9 resp=2529
[2026-06-03 10:58:01] [TRAIN] Gen 147/192: prompt=9 resp=2493
[2026-06-03 10:58:01] [TRAIN] Gen 148/192: prompt=9 resp=2612
[2026-06-03 10:58:02] [TRAIN] Gen 149/192: prompt=16 resp=2054
[2026-06-03 10:58:02] [TRAIN] Gen 150/192: prompt=16 resp=2050
[2026-06-03 10:58:02] [TRAIN] Gen 151/192: prompt=16 resp=2009
[2026-06-03 10:58:02] [TRAIN] Gen 152/192: prompt=16 resp=1828
[2026-06-03 10:58:03] [TRAIN] Gen 153/192: prompt=11 resp=2387
[2026-06-03 10:58:04] [TRAIN] Gen 154/192: prompt=11 resp=2364
[2026-06-03 10:58:04] [TRAIN] Gen 156/192: prompt=11 resp=2479
[2026-06-03 10:58:04] [TRAIN] Gen 155/192: prompt=11 resp=2445
[2026-06-03 10:58:04] [TRAIN] Gen 157/192: prompt=106 resp=2342
[2026-06-03 10:58:04] [TRAIN] Gen 158/192: prompt=106 resp=2314
[2026-06-03 10:58:04] [TRAIN] Gen 159/192: prompt=106 resp=2319
[2026-06-03 10:58:04] [TRAIN] Gen 160/192: prompt=106 resp=2247
[2026-06-03 10:58:08] [TRAIN] Gen 161/192: prompt=12 resp=2071
[2026-06-03 10:58:09] [TRAIN] Gen 162/192: prompt=12 resp=2054
[2026-06-03 10:58:10] [TRAIN] Gen 163/192: prompt=12 resp=1961
[2026-06-03 10:58:10] [TRAIN] Gen 164/192: prompt=12 resp=2307
[2026-06-03 10:58:11] [TRAIN] Gen 165/192: prompt=21 resp=2598
[2026-06-03 10:58:11] [TRAIN] Gen 166/192: prompt=21 resp=2603
[2026-06-03 10:58:11] [TRAIN] Gen 167/192: prompt=21 resp=2634
[2026-06-03 10:58:11] [TRAIN] Gen 168/192: prompt=21 resp=2564
[2026-06-03 10:58:13] [TRAIN] Gen 169/192: prompt=14 resp=2166
[2026-06-03 10:58:13] [TRAIN] Gen 170/192: prompt=14 resp=2066
[2026-06-03 10:58:13] [TRAIN] Gen 171/192: prompt=14 resp=2092
[2026-06-03 10:58:13] [TRAIN] Gen 172/192: prompt=14 resp=2068
[2026-06-03 10:58:13] [TRAIN] Gen 173/192: prompt=16 resp=2790
[2026-06-03 10:58:13] [TRAIN] Gen 176/192: prompt=16 resp=2706
[2026-06-03 10:58:13] [TRAIN] Gen 174/192: prompt=16 resp=2726
[2026-06-03 10:58:13] [TRAIN] Gen 175/192: prompt=16 resp=2814
[2026-06-03 10:58:16] [TRAIN] Gen 177/192: prompt=16 resp=2198
[2026-06-03 10:58:17] [TRAIN] Gen 178/192: prompt=16 resp=2142
[2026-06-03 10:58:18] [TRAIN] Gen 179/192: prompt=16 resp=2093
[2026-06-03 10:58:19] [TRAIN] Gen 180/192: prompt=16 resp=2210
[2026-06-03 10:58:20] [TRAIN] Gen 181/192: prompt=23 resp=2443
[2026-06-03 10:58:20] [TRAIN] Gen 182/192: prompt=23 resp=2431
[2026-06-03 10:58:21] [TRAIN] Gen 183/192: prompt=23 resp=2381
[2026-06-03 10:58:21] [TRAIN] Gen 184/192: prompt=23 resp=2432
[2026-06-03 10:58:22] [TRAIN] Gen 185/192: prompt=9 resp=2476
[2026-06-03 10:58:22] [TRAIN] Gen 186/192: prompt=9 resp=2478
[2026-06-03 10:58:23] [TRAIN] Gen 187/192: prompt=9 resp=2479
[2026-06-03 10:58:23] [TRAIN] Gen 188/192: prompt=9 resp=2483
[2026-06-03 10:58:23] [TRAIN] Gen 189/192: prompt=99 resp=2130
[2026-06-03 10:58:23] [TRAIN] Gen 192/192: prompt=99 resp=2069
[2026-06-03 10:58:23] [TRAIN] Gen 190/192: prompt=99 resp=2099
[2026-06-03 10:58:23] [TRAIN] Gen 191/192: prompt=99 resp=2177
[2026-06-03 10:58:23] [TRAIN] Generation done in 114.1s
[2026-06-03 10:58:23] [TRAIN] Prompt 1 category: coding
[2026-06-03 10:58:28] [TRAIN] Prompt 1/48: rewards=[0.225, 0.0, 0.0, 0.1]
[2026-06-03 10:58:43] [TRAIN] Prompt 2/48: rewards=[0.113, 0.0, 0.0, 0.3]
[2026-06-03 10:58:43] [TRAIN] Prompt 3 category: creative writing
[2026-06-03 10:58:56] [TRAIN] Prompt 3/48: rewards=[0.0, 0.05, 0.5, 0.25]
[2026-06-03 10:58:56] [TRAIN] Prompt 4 category: translation
[2026-06-03 10:59:12] [TRAIN] Prompt 4/48: rewards=[0.0, 0.0, 0.0, 0.275]
[2026-06-03 10:59:12] [TRAIN] Prompt 5 category: translation
[2026-06-03 10:59:25] [TRAIN] Prompt 5/48: rewards=[0.55, 0.375, 0.0, 0.0]
[2026-06-03 10:59:25] [TRAIN] Prompt 6 category: coding
[2026-06-03 10:59:34] [TRAIN] Prompt 6/48: rewards=[0.0, 0.0, 0.0, 0.0]
[2026-06-03 10:59:34] [TRAIN] Prompt 7 category: brainstorming
[2026-06-03 10:59:50] [TRAIN] Prompt 7/48: rewards=[0.225, 0.0, 0.463, 0.275]
[2026-06-03 10:59:50] [TRAIN] Prompt 8 category: explanation
[2026-06-03 11:00:05] [TRAIN] Prompt 8/48: rewards=[0.0, 0.0, 0.287, 0.375]
[2026-06-03 11:00:05] [TRAIN] Prompt 9 category: instruction following
[2026-06-03 11:00:19] [TRAIN] Prompt 9/48: rewards=[0.1, 0.325, 0.0, 0.325]
[2026-06-03 11:00:19] [TRAIN] Prompt 10 category: coding
[2026-06-03 11:00:27] [TRAIN] Prompt 10/48: rewards=[0.0, 0.2, 0.0, 0.0]
[2026-06-03 11:00:44] [TRAIN] Prompt 11/48: rewards=[0.0, 0.0, 0.325, 0.0]
[2026-06-03 11:00:44] [TRAIN] Prompt 12 category: coding
[2026-06-03 11:00:52] [TRAIN] Prompt 12/48: rewards=[0.0, 0.0, 0.125, 0.0]
[2026-06-03 11:01:08] [TRAIN] Prompt 13/48: rewards=[0.0, 0.0, 0.263, 0.4]
[2026-06-03 11:01:08] [TRAIN] Prompt 14 category: explanation
[2026-06-03 11:01:24] [TRAIN] Prompt 14/48: rewards=[0.225, 0.0, 0.263, 0.0]
[2026-06-03 11:01:36] [TRAIN] Prompt 15/48: rewards=[1.0, 0.5, 0.5, 0.5]
[2026-06-03 11:01:36] [TRAIN] Prompt 16 category: coding
[2026-06-03 11:01:45] [TRAIN] Prompt 16/48: rewards=[0.0, 0.0, 0.0, 0.0]
[2026-06-03 11:01:45] [TRAIN] Prompt 17 category: explanation
[2026-06-03 11:02:00] [TRAIN] Prompt 17/48: rewards=[0.412, 0.388, 0.35, 0.0]
[2026-06-03 11:02:00] [TRAIN] Prompt 18 category: coding
[2026-06-03 11:02:09] [TRAIN] Prompt 18/48: rewards=[0.0, 0.0, 0.0, 0.0]
[2026-06-03 11:02:09] [TRAIN] Prompt 19 category: brainstorming
[2026-06-03 11:02:23] [TRAIN] Prompt 19/48: rewards=[0.225, 0.375, 0.0, 0.3]
[2026-06-03 11:02:23] [TRAIN] Prompt 20 category: coding
[2026-06-03 11:02:32] [TRAIN] Prompt 20/48: rewards=[0.0, 0.0, 0.0, 0.0]
[2026-06-03 11:02:32] [TRAIN] Prompt 21 category: brainstorming
[2026-06-03 11:02:45] [TRAIN] Prompt 21/48: rewards=[0.175, 0.0, 0.175, 0.312]
[2026-06-03 11:03:00] [TRAIN] Prompt 22/48: rewards=[0.0, 0.325, 0.3, 0.388]
[2026-06-03 11:03:00] [TRAIN] Prompt 23 category: explanation
[2026-06-03 11:03:26] [TRAIN] Prompt 23/48: rewards=[0.113, 0.25, 0.4, 0.0]
[2026-06-03 11:03:26] [TRAIN] Prompt 24 category: creative writing
[2026-06-03 11:03:42] [TRAIN] Prompt 24/48: rewards=[0.0, 0.0, 0.0, 0.425]
[2026-06-03 11:03:42] [TRAIN] Prompt 25 category: coding
[2026-06-03 11:03:50] [TRAIN] Prompt 25/48: rewards=[0.0, 0.0, 0.0, 0.0]
[2026-06-03 11:04:05] [TRAIN] Prompt 26/48: rewards=[0.0, 0.3, 0.45, 0.312]
[2026-06-03 11:04:19] [TRAIN] Prompt 27/48: rewards=[0.0, 0.263, 0.175, 0.275]
[2026-06-03 11:04:19] [TRAIN] Prompt 28 category: explanation
[2026-06-03 11:04:32] [TRAIN] Prompt 28/48: rewards=[0.225, 0.125, 0.388, 0.062]
[2026-06-03 11:04:49] [TRAIN] Prompt 29/48: rewards=[0.0, 0.0, 0.0, 0.35]
[2026-06-03 11:04:49] [TRAIN] Prompt 30 category: math
[2026-06-03 11:04:57] [TRAIN] Prompt 30/48: rewards=[0.0, 0.0, 0.0, 0.8]
[2026-06-03 11:05:12] [TRAIN] Prompt 31/48: rewards=[0.0, 0.35, 0.2, 0.375]
[2026-06-03 11:05:12] [TRAIN] Prompt 32 category: explanation
[2026-06-03 11:05:27] [TRAIN] Prompt 32/48: rewards=[0.412, 0.0, 0.388, 0.0]
[2026-06-03 11:05:27] [TRAIN] Prompt 33 category: copywriting
[2026-06-03 11:05:42] [TRAIN] Prompt 33/48: rewards=[0.225, 0.0, 0.362, 0.362]
[2026-06-03 11:05:42] [TRAIN] Prompt 34 category: creative writing
[2026-06-03 11:05:54] [TRAIN] Prompt 34/48: rewards=[0.325, 0.4, 0.287, 0.487]
[2026-06-03 11:05:54] [TRAIN] Prompt 35 category: coding
[2026-06-03 11:06:03] [TRAIN] Prompt 35/48: rewards=[0.0, 0.0, 0.0, 0.15]
[2026-06-03 11:06:18] [TRAIN] Prompt 36/48: rewards=[0.0, 0.338, 0.0, 0.175]
[2026-06-03 11:06:18] [TRAIN] Prompt 37 category: explanation
[2026-06-03 11:06:32] [TRAIN] Prompt 37/48: rewards=[0.237, 0.0, 0.263, 0.463]
[2026-06-03 11:06:32] [TRAIN] Prompt 38 category: coding
[2026-06-03 11:06:41] [TRAIN] Prompt 38/48: rewards=[0.0, 0.175, 0.0, 0.0]
[2026-06-03 11:06:41] [TRAIN] Prompt 39 category: explanation
[2026-06-03 11:06:56] [TRAIN] Prompt 39/48: rewards=[0.175, 0.1, 0.0, 0.0]
[2026-06-03 11:06:56] [TRAIN] Prompt 40 category: coding
[2026-06-03 11:07:05] [TRAIN] Prompt 40/48: rewards=[0.0, 0.0, 0.0, 0.25]
[2026-06-03 11:07:19] [TRAIN] Prompt 41/48: rewards=[0.0, 0.0, 0.35, 0.0]
[2026-06-03 11:07:19] [TRAIN] Prompt 42 category: logical reasoning
[2026-06-03 11:07:29] [TRAIN] Prompt 42/48: rewards=[0.0, 0.0, 0.0, 0.0]
[2026-06-03 11:07:29] [TRAIN] Prompt 43 category: coding
[2026-06-03 11:07:37] [TRAIN] Prompt 43/48: rewards=[0.0, 0.0, 0.0, 0.0]
[2026-06-03 11:07:37] [TRAIN] Prompt 44 category: explanation
[2026-06-03 11:07:53] [TRAIN] Prompt 44/48: rewards=[0.463, 0.0, 0.0, 0.0]
[2026-06-03 11:07:53] [TRAIN] Prompt 45 category: explanation
[2026-06-03 11:08:04] [TRAIN] Prompt 45/48: rewards=[0.35, 0.388, 0.412, 0.425]
[2026-06-03 11:08:04] [TRAIN] Prompt 46 category: creative writing
[2026-06-03 11:08:19] [TRAIN] Prompt 46/48: rewards=[0.0, 0.287, 0.525, 0.0]
[2026-06-03 11:08:19] [TRAIN] Prompt 47 category: coding
[2026-06-03 11:08:27] [TRAIN] Prompt 47/48: rewards=[0.2, 0.0, 0.0, 0.0]
[2026-06-03 11:08:27] [TRAIN] Prompt 48 category: coding
[2026-06-03 11:08:37] [TRAIN] Prompt 48/48: rewards=[0.0, 0.0, 0.0, 0.0]
[2026-06-03 11:08:37] [TRAIN] Rewards: mean=0.146, 4/192 >0.5 (mode=rubric)
[2026-06-03 11:08:37] [TRAIN] Sleeping replicas via CheckpointEngineManager...
[2026-06-03 11:08:37] [TRAIN] Replicas asleep
[2026-06-03 11:08:37] [TRAIN] Training batch built: {'prompts': torch.Size([192, 340]), 'input_ids': torch.Size([192, 852]), 'attention_mask': torch.Size([192, 852]), 'position_ids': torch.Size([192, 852]), 'responses': torch.Size([192, 512])}
[2026-06-03 11:08:37] [TRAIN] rm_scores computed (last-token placement)
[2026-06-03 11:08:37] [TRAIN] response_mask computed
[2026-06-03 11:09:18] [TRAIN] old_log_probs computed
[2026-06-03 11:09:18] [TRAIN] GRPO advantages computed
[2026-06-03 11:12:17] [TRAIN] Actor update completed — loss=-0.0016
[2026-06-03 11:12:18] [TRAIN] Weight sync done in 1.8s (wake handled internally)
[2026-06-03 11:12:18] [TRAIN] train_step completed in 949.7s — reward=0.146 (4/192), loss=-0.0016, grad_norm=0.116 | score=0.146, rewards=0.146, adv=0.002 | rlen=503, plen=46, abort=0.000 | tps=111.0 tok/s/gpu, gen=1.18ms/tok, actor=1.69ms/tok
[2026-06-03 11:12:18] [TRAIN] train_step start: 48 prompts x 4 = 192 total
[2026-06-03 11:12:18] [TRAIN] Generating 192 responses (48 prompts x 4) with 16 concurrent workers
[2026-06-03 11:12:26] [TRAIN] Gen 16/192: prompt=9 resp=1451
[2026-06-03 11:12:28] [TRAIN] Gen 15/192: prompt=9 resp=1762
[2026-06-03 11:12:28] [TRAIN] Gen 1/192: prompt=19 resp=2413
[2026-06-03 11:12:28] [TRAIN] Gen 3/192: prompt=19 resp=2387
[2026-06-03 11:12:28] [TRAIN] Gen 2/192: prompt=19 resp=2356
[2026-06-03 11:12:28] [TRAIN] Gen 11/192: prompt=369 resp=2364
[2026-06-03 11:12:28] [TRAIN] Gen 7/192: prompt=15 resp=2779
[2026-06-03 11:12:28] [TRAIN] Gen 12/192: prompt=369 resp=2088
[2026-06-03 11:12:28] [TRAIN] Gen 4/192: prompt=19 resp=2427
[2026-06-03 11:12:28] [TRAIN] Gen 5/192: prompt=15 resp=2758
[2026-06-03 11:12:28] [TRAIN] Gen 13/192: prompt=9 resp=1853
[2026-06-03 11:12:28] [TRAIN] Gen 14/192: prompt=9 resp=1766
[2026-06-03 11:12:28] [TRAIN] Gen 6/192: prompt=15 resp=2765
[2026-06-03 11:12:28] [TRAIN] Gen 8/192: prompt=15 resp=2716
[2026-06-03 11:12:28] [TRAIN] Gen 9/192: prompt=369 resp=2290
[2026-06-03 11:12:28] [TRAIN] Gen 10/192: prompt=369 resp=2323
[2026-06-03 11:12:36] [TRAIN] Gen 17/192: prompt=7 resp=1758
[2026-06-03 11:12:37] [TRAIN] Gen 18/192: prompt=7 resp=1904
[2026-06-03 11:12:37] [TRAIN] Gen 19/192: prompt=7 resp=1800
[2026-06-03 11:12:37] [TRAIN] Gen 20/192: prompt=7 resp=1894
[2026-06-03 11:12:37] [TRAIN] Gen 21/192: prompt=89 resp=2372
[2026-06-03 11:12:37] [TRAIN] Gen 23/192: prompt=89 resp=2418
[2026-06-03 11:12:37] [TRAIN] Gen 29/192: prompt=34 resp=2252
[2026-06-03 11:12:37] [TRAIN] Gen 30/192: prompt=34 resp=2404
[2026-06-03 11:12:37] [TRAIN] Gen 31/192: prompt=34 resp=2427
[2026-06-03 11:12:37] [TRAIN] Gen 22/192: prompt=89 resp=2337
[2026-06-03 11:12:37] [TRAIN] Gen 28/192: prompt=33 resp=1923
[2026-06-03 11:12:37] [TRAIN] Gen 24/192: prompt=89 resp=2376
[2026-06-03 11:12:37] [TRAIN] Gen 25/192: prompt=33 resp=1977
[2026-06-03 11:12:37] [TRAIN] Gen 27/192: prompt=33 resp=1767
[2026-06-03 11:12:37] [TRAIN] Gen 32/192: prompt=34 resp=2256
[2026-06-03 11:12:37] [TRAIN] Gen 26/192: prompt=33 resp=2047
[2026-06-03 11:12:41] [TRAIN] Gen 33/192: prompt=80 resp=1323
[2026-06-03 11:12:42] [TRAIN] Gen 36/192: prompt=80 resp=1524
[2026-06-03 11:12:43] [TRAIN] Gen 34/192: prompt=80 resp=1581
[2026-06-03 11:12:43] [TRAIN] Gen 35/192: prompt=80 resp=1617
[2026-06-03 11:12:46] [TRAIN] Gen 37/192: prompt=9 resp=2218
[2026-06-03 11:12:46] [TRAIN] Gen 46/192: prompt=21 resp=2588
[2026-06-03 11:12:46] [TRAIN] Gen 38/192: prompt=9 resp=2281
[2026-06-03 11:12:46] [TRAIN] Gen 43/192: prompt=10 resp=2494
[2026-06-03 11:12:46] [TRAIN] Gen 47/192: prompt=21 resp=2681
[2026-06-03 11:12:46] [TRAIN] Gen 42/192: prompt=10 resp=2567
[2026-06-03 11:12:46] [TRAIN] Gen 45/192: prompt=21 resp=2721
[2026-06-03 11:12:46] [TRAIN] Gen 48/192: prompt=21 resp=2715
[2026-06-03 11:12:46] [TRAIN] Gen 39/192: prompt=9 resp=2413
[2026-06-03 11:12:46] [TRAIN] Gen 44/192: prompt=10 resp=2529
[2026-06-03 11:12:46] [TRAIN] Gen 41/192: prompt=10 resp=2656
[2026-06-03 11:12:46] [TRAIN] Gen 40/192: prompt=9 resp=2391
[2026-06-03 11:12:50] [TRAIN] Gen 49/192: prompt=64 resp=2574
[2026-06-03 11:12:52] [TRAIN] Gen 50/192: prompt=64 resp=2521
[2026-06-03 11:12:52] [TRAIN] Gen 51/192: prompt=64 resp=2556
[2026-06-03 11:12:52] [TRAIN] Gen 52/192: prompt=64 resp=2579
[2026-06-03 11:12:54] [TRAIN] Gen 62/192: prompt=221 resp=1389
[2026-06-03 11:12:55] [TRAIN] Gen 64/192: prompt=221 resp=1649
[2026-06-03 11:12:55] [TRAIN] Gen 53/192: prompt=182 resp=1768
[2026-06-03 11:12:56] [TRAIN] Gen 54/192: prompt=182 resp=2163
[2026-06-03 11:12:56] [TRAIN] Gen 55/192: prompt=182 resp=2069
[2026-06-03 11:12:56] [TRAIN] Gen 58/192: prompt=12 resp=2603
[2026-06-03 11:12:56] [TRAIN] Gen 63/192: prompt=221 resp=1821
[2026-06-03 11:12:56] [TRAIN] Gen 57/192: prompt=12 resp=2666
[2026-06-03 11:12:56] [TRAIN] Gen 59/192: prompt=12 resp=2627
[2026-06-03 11:12:56] [TRAIN] Gen 60/192: prompt=12 resp=2624
[2026-06-03 11:12:56] [TRAIN] Gen 61/192: prompt=221 resp=1835
[2026-06-03 11:12:56] [TRAIN] Gen 56/192: prompt=182 resp=2059
[2026-06-03 11:12:59] [TRAIN] Gen 65/192: prompt=11 resp=2669
[2026-06-03 11:13:01] [TRAIN] Gen 66/192: prompt=11 resp=2663
[2026-06-03 11:13:01] [TRAIN] Gen 67/192: prompt=11 resp=2759
[2026-06-03 11:13:02] [TRAIN] Gen 68/192: prompt=11 resp=2677
[2026-06-03 11:13:03] [TRAIN] Gen 69/192: prompt=3 resp=2345
[2026-06-03 11:13:04] [TRAIN] Gen 70/192: prompt=3 resp=2466
[2026-06-03 11:13:04] [TRAIN] Gen 71/192: prompt=3 resp=2440
[2026-06-03 11:13:05] [TRAIN] Gen 72/192: prompt=3 resp=2492
[2026-06-03 11:13:05] [TRAIN] Gen 73/192: prompt=7 resp=2248
[2026-06-03 11:13:05] [TRAIN] Gen 77/192: prompt=9 resp=2093
[2026-06-03 11:13:05] [TRAIN] Gen 75/192: prompt=7 resp=2288
[2026-06-03 11:13:05] [TRAIN] Gen 74/192: prompt=7 resp=2152
[2026-06-03 11:13:05] [TRAIN] Gen 76/192: prompt=7 resp=2167
[2026-06-03 11:13:05] [TRAIN] Gen 78/192: prompt=9 resp=2241
[2026-06-03 11:13:05] [TRAIN] Gen 80/192: prompt=9 resp=2246
[2026-06-03 11:13:05] [TRAIN] Gen 79/192: prompt=9 resp=1999
[2026-06-03 11:13:08] [TRAIN] Gen 81/192: prompt=15 resp=2221
[2026-06-03 11:13:10] [TRAIN] Gen 82/192: prompt=15 resp=2100
[2026-06-03 11:13:11] [TRAIN] Gen 83/192: prompt=15 resp=1998
[2026-06-03 11:13:11] [TRAIN] Gen 84/192: prompt=15 resp=2138
[2026-06-03 11:13:12] [TRAIN] Gen 85/192: prompt=81 resp=2321
[2026-06-03 11:13:13] [TRAIN] Gen 86/192: prompt=81 resp=2216
[2026-06-03 11:13:14] [TRAIN] Gen 87/192: prompt=81 resp=2207
[2026-06-03 11:13:14] [TRAIN] Gen 88/192: prompt=81 resp=2336
[2026-06-03 11:13:14] [TRAIN] Gen 89/192: prompt=43 resp=2711
[2026-06-03 11:13:14] [TRAIN] Gen 94/192: prompt=24 resp=2340
[2026-06-03 11:13:14] [TRAIN] Gen 90/192: prompt=43 resp=2668
[2026-06-03 11:13:14] [TRAIN] Gen 92/192: prompt=43 resp=2618
[2026-06-03 11:13:14] [TRAIN] Gen 91/192: prompt=43 resp=2670
[2026-06-03 11:13:14] [TRAIN] Gen 95/192: prompt=24 resp=2598
[2026-06-03 11:13:14] [TRAIN] Gen 96/192: prompt=24 resp=2611
[2026-06-03 11:13:14] [TRAIN] Gen 93/192: prompt=24 resp=2559
[2026-06-03 11:13:18] [TRAIN] Gen 97/192: prompt=16 resp=2564
[2026-06-03 11:13:20] [TRAIN] Gen 98/192: prompt=16 resp=2574
[2026-06-03 11:13:20] [TRAIN] Gen 99/192: prompt=16 resp=2419
[2026-06-03 11:13:20] [TRAIN] Gen 100/192: prompt=16 resp=2396
[2026-06-03 11:13:22] [TRAIN] Gen 101/192: prompt=5 resp=2207
[2026-06-03 11:13:23] [TRAIN] Gen 102/192: prompt=5 resp=2202
[2026-06-03 11:13:23] [TRAIN] Gen 103/192: prompt=5 resp=2285
[2026-06-03 11:13:24] [TRAIN] Gen 104/192: prompt=5 resp=2171
[2026-06-03 11:13:24] [TRAIN] Gen 105/192: prompt=14 resp=2759
[2026-06-03 11:13:24] [TRAIN] Gen 110/192: prompt=11 resp=2411
[2026-06-03 11:13:24] [TRAIN] Gen 106/192: prompt=14 resp=2612
[2026-06-03 11:13:24] [TRAIN] Gen 109/192: prompt=11 resp=2391
[2026-06-03 11:13:24] [TRAIN] Gen 107/192: prompt=14 resp=2731
[2026-06-03 11:13:24] [TRAIN] Gen 108/192: prompt=14 resp=2646
[2026-06-03 11:13:24] [TRAIN] Gen 111/192: prompt=11 resp=2322
[2026-06-03 11:13:24] [TRAIN] Gen 112/192: prompt=11 resp=2413
[2026-06-03 11:13:27] [TRAIN] Gen 113/192: prompt=25 resp=2249
[2026-06-03 11:13:29] [TRAIN] Gen 114/192: prompt=25 resp=2209
[2026-06-03 11:13:30] [TRAIN] Gen 115/192: prompt=25 resp=2223
[2026-06-03 11:13:30] [TRAIN] Gen 116/192: prompt=25 resp=2122
[2026-06-03 11:13:31] [TRAIN] Gen 117/192: prompt=46 resp=2349
[2026-06-03 11:13:32] [TRAIN] Gen 118/192: prompt=46 resp=2295
[2026-06-03 11:13:33] [TRAIN] Gen 119/192: prompt=46 resp=2324
[2026-06-03 11:13:34] [TRAIN] Gen 120/192: prompt=46 resp=2372
[2026-06-03 11:13:34] [TRAIN] Gen 121/192: prompt=322 resp=2417
[2026-06-03 11:13:34] [TRAIN] Gen 124/192: prompt=322 resp=2388
[2026-06-03 11:13:34] [TRAIN] Gen 126/192: prompt=14 resp=2611
[2026-06-03 11:13:34] [TRAIN] Gen 125/192: prompt=14 resp=2716
[2026-06-03 11:13:34] [TRAIN] Gen 122/192: prompt=322 resp=2400
[2026-06-03 11:13:34] [TRAIN] Gen 123/192: prompt=322 resp=2423
[2026-06-03 11:13:34] [TRAIN] Gen 128/192: prompt=14 resp=2688
[2026-06-03 11:13:34] [TRAIN] Gen 127/192: prompt=14 resp=2711
[2026-06-03 11:13:37] [TRAIN] Gen 129/192: prompt=22 resp=2440
[2026-06-03 11:13:39] [TRAIN] Gen 130/192: prompt=22 resp=2310
[2026-06-03 11:13:39] [TRAIN] Gen 131/192: prompt=22 resp=2386
[2026-06-03 11:13:39] [TRAIN] Gen 132/192: prompt=22 resp=2466
[2026-06-03 11:13:40] [TRAIN] Gen 139/192: prompt=8 resp=1555
[2026-06-03 11:13:40] [TRAIN] Gen 137/192: prompt=8 resp=1603
[2026-06-03 11:13:41] [TRAIN] Gen 133/192: prompt=69 resp=2444
[2026-06-03 11:13:42] [TRAIN] Gen 134/192: prompt=69 resp=2277
[2026-06-03 11:13:42] [TRAIN] Gen 135/192: prompt=69 resp=2437
[2026-06-03 11:13:42] [TRAIN] Gen 140/192: prompt=8 resp=1892
[2026-06-03 11:13:43] [TRAIN] Gen 136/192: prompt=69 resp=2209
[2026-06-03 11:13:43] [TRAIN] Gen 141/192: prompt=10 resp=2196
[2026-06-03 11:13:43] [TRAIN] Gen 138/192: prompt=8 resp=2183
[2026-06-03 11:13:43] [TRAIN] Gen 142/192: prompt=10 resp=2129
[2026-06-03 11:13:43] [TRAIN] Gen 143/192: prompt=10 resp=2341
[2026-06-03 11:13:43] [TRAIN] Gen 144/192: prompt=10 resp=2213
[2026-06-03 11:13:44] [TRAIN] Gen 150/192: prompt=6 resp=991
[2026-06-03 11:13:46] [TRAIN] Gen 145/192: prompt=103 resp=2558
[2026-06-03 11:13:48] [TRAIN] Gen 152/192: prompt=6 resp=1477
[2026-06-03 11:13:48] [TRAIN] Gen 159/192: prompt=6 resp=1250
[2026-06-03 11:13:48] [TRAIN] Gen 160/192: prompt=6 resp=1365
[2026-06-03 11:13:48] [TRAIN] Gen 146/192: prompt=103 resp=2454
[2026-06-03 11:13:48] [TRAIN] Gen 157/192: prompt=6 resp=1475
[2026-06-03 11:13:49] [TRAIN] Gen 147/192: prompt=103 resp=2415
[2026-06-03 11:13:49] [TRAIN] Gen 148/192: prompt=103 resp=2415
[2026-06-03 11:13:49] [TRAIN] Gen 149/192: prompt=6 resp=2439
[2026-06-03 11:13:50] [TRAIN] Gen 151/192: prompt=6 resp=2065
[2026-06-03 11:13:50] [TRAIN] Gen 158/192: prompt=6 resp=1970
[2026-06-03 11:13:51] [TRAIN] Gen 161/192: prompt=64 resp=1564
[2026-06-03 11:13:51] [TRAIN] Gen 162/192: prompt=64 resp=1171
[2026-06-03 11:13:52] [TRAIN] Gen 153/192: prompt=19 resp=2322
[2026-06-03 11:13:52] [TRAIN] Gen 154/192: prompt=19 resp=2322
[2026-06-03 11:13:53] [TRAIN] Gen 155/192: prompt=19 resp=2371
[2026-06-03 11:13:53] [TRAIN] Gen 156/192: prompt=19 resp=2378
[2026-06-03 11:13:53] [TRAIN] Gen 163/192: prompt=64 resp=1294
[2026-06-03 11:13:53] [TRAIN] Gen 164/192: prompt=64 resp=1487
[2026-06-03 11:13:57] [TRAIN] Gen 177/192: prompt=284 resp=1015
[2026-06-03 11:13:58] [TRAIN] Gen 165/192: prompt=10 resp=2355
[2026-06-03 11:13:58] [TRAIN] Gen 166/192: prompt=10 resp=2395
[2026-06-03 11:13:58] [TRAIN] Gen 167/192: prompt=10 resp=2312
[2026-06-03 11:13:58] [TRAIN] Gen 168/192: prompt=10 resp=2270
[2026-06-03 11:13:58] [TRAIN] Gen 171/192: prompt=22 resp=2160
[2026-06-03 11:13:59] [TRAIN] Gen 169/192: prompt=22 resp=2646
[2026-06-03 11:13:59] [TRAIN] Gen 170/192: prompt=22 resp=2546
[2026-06-03 11:14:00] [TRAIN] Gen 172/192: prompt=22 resp=2577
[2026-06-03 11:14:00] [TRAIN] Gen 180/192: prompt=284 resp=1579
[2026-06-03 11:14:00] [TRAIN] Gen 173/192: prompt=168 resp=2489
[2026-06-03 11:14:01] [TRAIN] Gen 174/192: prompt=168 resp=2537
[2026-06-03 11:14:01] [TRAIN] Gen 175/192: prompt=168 resp=2527
[2026-06-03 11:14:02] [TRAIN] Gen 176/192: prompt=168 resp=2523
[2026-06-03 11:14:02] [TRAIN] Gen 178/192: prompt=284 resp=2274
[2026-06-03 11:14:03] [TRAIN] Gen 179/192: prompt=284 resp=2436
[2026-06-03 11:14:06] [TRAIN] Gen 181/192: prompt=122 resp=2123
[2026-06-03 11:14:07] [TRAIN] Gen 182/192: prompt=122 resp=2169
[2026-06-03 11:14:07] [TRAIN] Gen 183/192: prompt=122 resp=2084
[2026-06-03 11:14:08] [TRAIN] Gen 184/192: prompt=122 resp=1934
[2026-06-03 11:14:08] [TRAIN] Gen 185/192: prompt=98 resp=2043
[2026-06-03 11:14:08] [TRAIN] Gen 186/192: prompt=98 resp=2183
[2026-06-03 11:14:08] [TRAIN] Gen 187/192: prompt=98 resp=2014
[2026-06-03 11:14:08] [TRAIN] Gen 188/192: prompt=98 resp=1715
[2026-06-03 11:14:09] [TRAIN] Gen 189/192: prompt=67 resp=1961
[2026-06-03 11:14:09] [TRAIN] Gen 190/192: prompt=67 resp=2003
[2026-06-03 11:14:10] [TRAIN] Gen 191/192: prompt=67 resp=2116
[2026-06-03 11:14:10] [TRAIN] Gen 192/192: prompt=67 resp=2003
[2026-06-03 11:14:10] [TRAIN] Generation done in 112.1s
[2026-06-03 11:14:10] [TRAIN] Prompt 1 category: creative writing
[2026-06-03 11:14:27] [TRAIN] Prompt 1/48: rewards=[0.35, 0.0, 0.0, 0.338]
[2026-06-03 11:14:27] [TRAIN] Prompt 2 category: explanation
[2026-06-03 11:14:41] [TRAIN] Prompt 2/48: rewards=[0.338, 0.325, 0.0, 0.287]
[2026-06-03 11:14:41] [TRAIN] Prompt 3 category: coding
[2026-06-03 11:14:49] [TRAIN] Prompt 3/48: rewards=[0.0, 0.0, 0.0, 0.0]
[2026-06-03 11:14:49] [TRAIN] Prompt 4 category: brainstorming
[2026-06-03 11:15:05] [TRAIN] Prompt 4/48: rewards=[0.35, 0.0, 0.5, 0.487]
[2026-06-03 11:15:05] [TRAIN] Prompt 5 category: math
[2026-06-03 11:15:14] [TRAIN] Prompt 5/48: rewards=[0.0, 0.0, 0.0, 0.0]
[2026-06-03 11:15:14] [TRAIN] Prompt 6 category: debugging
[2026-06-03 11:15:22] [TRAIN] Prompt 6/48: rewards=[0.0, 0.0, 0.2, 0.2]
[2026-06-03 11:15:22] [TRAIN] Prompt 7 category: coding
[2026-06-03 11:15:30] [TRAIN] Prompt 7/48: rewards=[0.1, 0.0, 0.0, 0.15]
[2026-06-03 11:15:30] [TRAIN] Prompt 8 category: coding
[2026-06-03 11:15:38] [TRAIN] Prompt 8/48: rewards=[0.15, 0.0, 0.0, 0.175]
[2026-06-03 11:15:52] [TRAIN] Prompt 9/48: rewards=[0.45, 0.463, 0.5, 0.463]
[2026-06-03 11:15:52] [TRAIN] Prompt 10 category: creative writing
[2026-06-03 11:16:05] [TRAIN] Prompt 10/48: rewards=[0.062, 0.237, 0.037, 0.087]
[2026-06-03 11:16:21] [TRAIN] Prompt 11/48: rewards=[0.263, 0.0, 0.375, 0.412]
[2026-06-03 11:16:21] [TRAIN] Prompt 12 category: creative writing
[2026-06-03 11:16:37] [TRAIN] Prompt 12/48: rewards=[0.0, 0.0, 0.212, 0.25]
[2026-06-03 11:16:37] [TRAIN] Prompt 13 category: coding
[2026-06-03 11:16:45] [TRAIN] Prompt 13/48: rewards=[0.0, 0.0, 0.0, 0.0]
[2026-06-03 11:16:45] [TRAIN] Prompt 14 category: coding
[2026-06-03 11:16:52] [TRAIN] Prompt 14/48: rewards=[0.025, 0.0, 0.2, 0.0]
[2026-06-03 11:16:52] [TRAIN] Prompt 15 category: brainstorming
[2026-06-03 11:17:06] [TRAIN] Prompt 15/48: rewards=[0.113, 0.375, 0.338, 0.325]
[2026-06-03 11:17:06] [TRAIN] Prompt 16 category: coding
[2026-06-03 11:17:15] [TRAIN] Prompt 16/48: rewards=[0.0, 1.0, 0.0, 0.0]
[2026-06-03 11:17:15] [TRAIN] Prompt 17 category: brainstorming
[2026-06-03 11:17:28] [TRAIN] Prompt 17/48: rewards=[0.0, 0.2, 0.487, 0.3]
[2026-06-03 11:17:28] [TRAIN] Prompt 18 category: explanation
[2026-06-03 11:17:42] [TRAIN] Prompt 18/48: rewards=[0.237, 0.25, 0.0, 0.362]
[2026-06-03 11:17:42] [TRAIN] Prompt 19 category: coding
[2026-06-03 11:17:48] [TRAIN] Prompt 19/48: rewards=[0.0, 0.2, 0.2, 0.15]
[2026-06-03 11:18:03] [TRAIN] Prompt 20/48: rewards=[0.35, 0.0, 0.463, 0.0]
[2026-06-03 11:18:03] [TRAIN] Prompt 21 category: explanation
[2026-06-03 11:18:15] [TRAIN] Prompt 21/48: rewards=[0.425, 0.338, 0.338, 0.463]
[2026-06-03 11:18:15] [TRAIN] Prompt 22 category: math
[2026-06-03 11:18:24] [TRAIN] Prompt 22/48: rewards=[0.0, 0.0, 0.0, 0.0]
[2026-06-03 11:18:24] [TRAIN] Prompt 23 category: creative writing
[2026-06-03 11:18:37] [TRAIN] Prompt 23/48: rewards=[0.0, 0.388, 0.35, 0.3]
[2026-06-03 11:18:37] [TRAIN] Prompt 24 category: coding
[2026-06-03 11:18:43] [TRAIN] Prompt 24/48: rewards=[0.2, 0.225, 0.0, 0.0]
[2026-06-03 11:18:43] [TRAIN] Prompt 25 category: creative writing
[2026-06-03 11:18:58] [TRAIN] Prompt 25/48: rewards=[0.6, 0.0, 0.15, 0.388]
[2026-06-03 11:18:58] [TRAIN] Prompt 26 category: coding
[2026-06-03 11:19:06] [TRAIN] Prompt 26/48: rewards=[0.0, 0.0, 0.175, 0.0]
[2026-06-03 11:19:06] [TRAIN] Prompt 27 category: creative writing
[2026-06-03 11:19:20] [TRAIN] Prompt 27/48: rewards=[0.125, 0.0, 0.4, 0.4]
[2026-06-03 11:19:20] [TRAIN] Prompt 28 category: explanation
[2026-06-03 11:19:34] [TRAIN] Prompt 28/48: rewards=[0.087, 0.138, 0.0, 0.175]
[2026-06-03 11:19:34] [TRAIN] Prompt 29 category: coding
[2026-06-03 11:19:42] [TRAIN] Prompt 29/48: rewards=[0.0, 0.0, 0.0, 0.0]
[2026-06-03 11:19:42] [TRAIN] Prompt 30 category: coding
[2026-06-03 11:19:50] [TRAIN] Prompt 30/48: rewards=[0.0, 0.0, 0.0, 0.0]
[2026-06-03 11:19:50] [TRAIN] Prompt 31 category: coding
[2026-06-03 11:19:59] [TRAIN] Prompt 31/48: rewards=[0.0, 0.0, 0.0, 0.2]
[2026-06-03 11:20:13] [TRAIN] Prompt 32/48: rewards=[0.0, 0.263, 0.263, 0.388]
[2026-06-03 11:20:13] [TRAIN] Prompt 33 category: brainstorming
[2026-06-03 11:20:27] [TRAIN] Prompt 33/48: rewards=[0.0, 0.237, 0.237, 0.0]
[2026-06-03 11:20:27] [TRAIN] Prompt 34 category: creative writing
[2026-06-03 11:20:40] [TRAIN] Prompt 34/48: rewards=[0.0, 0.312, 0.05, 0.487]
[2026-06-03 11:20:40] [TRAIN] Prompt 35 category: translation
[2026-06-03 11:20:54] [TRAIN] Prompt 35/48: rewards=[1.0, 0.312, 0.5, 0.5]
[2026-06-03 11:21:09] [TRAIN] Prompt 36/48: rewards=[0.275, 0.0, 0.312, 0.0]
[2026-06-03 11:21:09] [TRAIN] Prompt 37 category: debugging
[2026-06-03 11:21:17] [TRAIN] Prompt 37/48: rewards=[0.0, 0.0, 0.0, 0.0]
[2026-06-03 11:21:31] [TRAIN] Prompt 38/48: rewards=[0.312, 0.5, 0.938, 0.0]
[2026-06-03 11:21:31] [TRAIN] Prompt 39 category: coding
[2026-06-03 11:21:38] [TRAIN] Prompt 39/48: rewards=[0.0, 0.125, 0.0, 0.0]
[2026-06-03 11:21:38] [TRAIN] Prompt 40 category: creative writing
[2026-06-03 11:21:50] [TRAIN] Prompt 40/48: rewards=[0.5, 0.5, 0.487, 0.5]
[2026-06-03 11:21:50] [TRAIN] Prompt 41 category: creative writing
[2026-06-03 11:22:03] [TRAIN] Prompt 41/48: rewards=[0.512, 0.425, 0.0, 0.5]
[2026-06-03 11:22:18] [TRAIN] Prompt 42/48: rewards=[0.113, 0.0, 0.325, 0.0]
[2026-06-03 11:22:18] [TRAIN] Prompt 43 category: copywriting
[2026-06-03 11:22:35] [TRAIN] Prompt 43/48: rewards=[0.5, 0.6, 0.5, 0.0]
[2026-06-03 11:22:35] [TRAIN] Prompt 44 category: debugging
[2026-06-03 11:22:43] [TRAIN] Prompt 44/48: rewards=[0.0, 0.0, 0.0, 0.0]
[2026-06-03 11:22:43] [TRAIN] Prompt 45 category: coding
[2026-06-03 11:22:51] [TRAIN] Prompt 45/48: rewards=[0.0, 0.0, 0.0, 0.0]
[2026-06-03 11:22:51] [TRAIN] Prompt 46 category: debating
[2026-06-03 11:23:05] [TRAIN] Prompt 46/48: rewards=[0.0, 0.225, 0.0, 0.0]
[2026-06-03 11:23:05] [TRAIN] Prompt 47 category: instruction following
[2026-06-03 11:23:19] [TRAIN] Prompt 47/48: rewards=[0.0, 0.275, 0.3, 0.0]
[2026-06-03 11:23:19] [TRAIN] Prompt 48 category: brainstorming
[2026-06-03 11:23:34] [TRAIN] Prompt 48/48: rewards=[0.163, 0.0, 0.0, 0.0]
[2026-06-03 11:23:34] [TRAIN] Rewards: mean=0.170, 6/192 >0.5 (mode=rubric)
[2026-06-03 11:23:34] [TRAIN] Sleeping replicas via CheckpointEngineManager...
[2026-06-03 11:23:35] [TRAIN] Replicas asleep
[2026-06-03 11:23:35] [TRAIN] Training batch built: {'prompts': torch.Size([192, 369]), 'input_ids': torch.Size([192, 882]), 'attention_mask': torch.Size([192, 882]), 'position_ids': torch.Size([192, 882]), 'responses': torch.Size([192, 513])}
[2026-06-03 11:23:35] [TRAIN] rm_scores computed (last-token placement)
[2026-06-03 11:23:35] [TRAIN] response_mask computed
[2026-06-03 11:24:14] [TRAIN] old_log_probs computed
[2026-06-03 11:24:14] [TRAIN] GRPO advantages computed
[2026-06-03 11:27:13] [TRAIN] Actor update completed — loss=0.0006
[2026-06-03 11:27:14] [TRAIN] Weight sync done in 1.7s (wake handled internally)
[2026-06-03 11:27:14] [TRAIN] train_step completed in 895.9s — reward=0.170 (6/192), loss=0.0006, grad_norm=0.118 | score=0.170, rewards=0.170, adv=-0.001 | rlen=489, plen=60, abort=0.000 | tps=117.7 tok/s/gpu, gen=1.19ms/tok, actor=1.69ms/tok
[2026-06-03 11:27:14] [TRAIN] train_step start: 48 prompts x 4 = 192 total
[2026-06-03 11:27:14] [TRAIN] Generating 192 responses (48 prompts x 4) with 16 concurrent workers
[2026-06-03 11:27:17] [TRAIN] Gen 14/192: prompt=84 resp=698
[2026-06-03 11:27:19] [TRAIN] Gen 15/192: prompt=84 resp=996
[2026-06-03 11:27:19] [TRAIN] Gen 16/192: prompt=84 resp=1187
[2026-06-03 11:27:21] [TRAIN] Gen 13/192: prompt=84 resp=1677
[2026-06-03 11:27:24] [TRAIN] Gen 1/192: prompt=22 resp=2611
[2026-06-03 11:27:24] [TRAIN] Gen 4/192: prompt=22 resp=2612
[2026-06-03 11:27:24] [TRAIN] Gen 12/192: prompt=22 resp=1980
[2026-06-03 11:27:24] [TRAIN] Gen 2/192: prompt=22 resp=2770
[2026-06-03 11:27:24] [TRAIN] Gen 7/192: prompt=8 resp=2528
[2026-06-03 11:27:24] [TRAIN] Gen 6/192: prompt=8 resp=2482
[2026-06-03 11:27:24] [TRAIN] Gen 5/192: prompt=8 resp=2553
[2026-06-03 11:27:24] [TRAIN] Gen 8/192: prompt=8 resp=2590
[2026-06-03 11:27:24] [TRAIN] Gen 11/192: prompt=22 resp=2012
[2026-06-03 11:27:24] [TRAIN] Gen 10/192: prompt=22 resp=1930
[2026-06-03 11:27:24] [TRAIN] Gen 9/192: prompt=22 resp=2031
[2026-06-03 11:27:24] [TRAIN] Gen 3/192: prompt=22 resp=2736
[2026-06-03 11:27:27] [TRAIN] Gen 17/192: prompt=327 resp=2338
[2026-06-03 11:27:28] [TRAIN] Gen 18/192: prompt=327 resp=2392
[2026-06-03 11:27:29] [TRAIN] Gen 19/192: prompt=327 resp=2234
[2026-06-03 11:27:31] [TRAIN] Gen 20/192: prompt=327 resp=2385
[2026-06-03 11:27:34] [TRAIN] Gen 21/192: prompt=52 resp=2375
[2026-06-03 11:27:34] [TRAIN] Gen 28/192: prompt=9 resp=2147
[2026-06-03 11:27:34] [TRAIN] Gen 23/192: prompt=52 resp=2323
[2026-06-03 11:27:34] [TRAIN] Gen 29/192: prompt=31 resp=2445
[2026-06-03 11:27:34] [TRAIN] Gen 22/192: prompt=52 resp=2332
[2026-06-03 11:27:34] [TRAIN] Gen 32/192: prompt=31 resp=2406
[2026-06-03 11:27:34] [TRAIN] Gen 27/192: prompt=9 resp=2059
[2026-06-03 11:27:34] [TRAIN] Gen 26/192: prompt=9 resp=2282
[2026-06-03 11:27:34] [TRAIN] Gen 24/192: prompt=52 resp=2241
[2026-06-03 11:27:34] [TRAIN] Gen 31/192: prompt=31 resp=2376
[2026-06-03 11:27:34] [TRAIN] Gen 25/192: prompt=9 resp=2235
[2026-06-03 11:27:34] [TRAIN] Gen 30/192: prompt=31 resp=2350
[2026-06-03 11:27:37] [TRAIN] Gen 33/192: prompt=25 resp=2472
[2026-06-03 11:27:38] [TRAIN] Gen 34/192: prompt=25 resp=2419
[2026-06-03 11:27:39] [TRAIN] Gen 35/192: prompt=25 resp=2608
[2026-06-03 11:27:39] [TRAIN] Gen 42/192: prompt=18 resp=1371
[2026-06-03 11:27:39] [TRAIN] Gen 41/192: prompt=18 resp=1382
[2026-06-03 11:27:40] [TRAIN] Gen 43/192: prompt=18 resp=1469
[2026-06-03 11:27:41] [TRAIN] Gen 36/192: prompt=25 resp=2659
[2026-06-03 11:27:43] [TRAIN] Gen 37/192: prompt=13 resp=2598
[2026-06-03 11:27:44] [TRAIN] Gen 39/192: prompt=13 resp=2452
[2026-06-03 11:27:44] [TRAIN] Gen 38/192: prompt=13 resp=2770
[2026-06-03 11:27:44] [TRAIN] Gen 40/192: prompt=13 resp=2419
[2026-06-03 11:27:44] [TRAIN] Gen 44/192: prompt=18 resp=1916
[2026-06-03 11:27:44] [TRAIN] Gen 45/192: prompt=377 resp=2331
[2026-06-03 11:27:44] [TRAIN] Gen 47/192: prompt=377 resp=2223
[2026-06-03 11:27:44] [TRAIN] Gen 46/192: prompt=377 resp=2275
[2026-06-03 11:27:44] [TRAIN] Gen 48/192: prompt=377 resp=2372
[2026-06-03 11:27:46] [TRAIN] Gen 49/192: prompt=44 resp=2777
[2026-06-03 11:27:48] [TRAIN] Gen 50/192: prompt=44 resp=2556
[2026-06-03 11:27:48] [TRAIN] Gen 51/192: prompt=44 resp=2749
[2026-06-03 11:27:49] [TRAIN] Gen 52/192: prompt=44 resp=2792
[2026-06-03 11:27:49] [TRAIN] Gen 53/192: prompt=20 resp=2574
[2026-06-03 11:27:50] [TRAIN] Gen 54/192: prompt=20 resp=2644
[2026-06-03 11:27:50] [TRAIN] Gen 55/192: prompt=20 resp=2672
[2026-06-03 11:27:53] [TRAIN] Gen 56/192: prompt=20 resp=2658
[2026-06-03 11:27:53] [TRAIN] Gen 60/192: prompt=10 resp=2110
[2026-06-03 11:27:53] [TRAIN] Gen 58/192: prompt=10 resp=2310
[2026-06-03 11:27:53] [TRAIN] Gen 57/192: prompt=10 resp=2386
[2026-06-03 11:27:53] [TRAIN] Gen 59/192: prompt=10 resp=2119
[2026-06-03 11:27:53] [TRAIN] Gen 64/192: prompt=12 resp=2601
[2026-06-03 11:27:53] [TRAIN] Gen 61/192: prompt=12 resp=2538
[2026-06-03 11:27:53] [TRAIN] Gen 63/192: prompt=12 resp=2549
[2026-06-03 11:27:53] [TRAIN] Gen 62/192: prompt=12 resp=2549
[2026-06-03 11:27:56] [TRAIN] Gen 65/192: prompt=12 resp=2756
[2026-06-03 11:27:58] [TRAIN] Gen 66/192: prompt=12 resp=2749
[2026-06-03 11:27:58] [TRAIN] Gen 67/192: prompt=12 resp=2823
[2026-06-03 11:27:58] [TRAIN] Gen 68/192: prompt=12 resp=2593
[2026-06-03 11:27:59] [TRAIN] Gen 69/192: prompt=12 resp=2104
[2026-06-03 11:28:00] [TRAIN] Gen 70/192: prompt=12 resp=2150
[2026-06-03 11:28:00] [TRAIN] Gen 71/192: prompt=12 resp=2255
[2026-06-03 11:28:03] [TRAIN] Gen 72/192: prompt=12 resp=2252
[2026-06-03 11:28:03] [TRAIN] Gen 74/192: prompt=138 resp=2412
[2026-06-03 11:28:03] [TRAIN] Gen 75/192: prompt=138 resp=2345
[2026-06-03 11:28:03] [TRAIN] Gen 73/192: prompt=138 resp=2471
[2026-06-03 11:28:03] [TRAIN] Gen 76/192: prompt=138 resp=2537
[2026-06-03 11:28:03] [TRAIN] Gen 79/192: prompt=496 resp=2550
[2026-06-03 11:28:03] [TRAIN] Gen 78/192: prompt=496 resp=2558
[2026-06-03 11:28:03] [TRAIN] Gen 77/192: prompt=496 resp=2556
[2026-06-03 11:28:03] [TRAIN] Gen 80/192: prompt=496 resp=2569
[2026-06-03 11:28:06] [TRAIN] Gen 81/192: prompt=312 resp=2389
[2026-06-03 11:28:07] [TRAIN] Gen 82/192: prompt=312 resp=2247
[2026-06-03 11:28:08] [TRAIN] Gen 83/192: prompt=312 resp=2510
[2026-06-03 11:28:08] [TRAIN] Gen 84/192: prompt=312 resp=2392
[2026-06-03 11:28:08] [TRAIN] Gen 85/192: prompt=14 resp=2214
[2026-06-03 11:28:09] [TRAIN] Gen 90/192: prompt=13 resp=1373
[2026-06-03 11:28:09] [TRAIN] Gen 86/192: prompt=14 resp=2161
[2026-06-03 11:28:09] [TRAIN] Gen 87/192: prompt=14 resp=2155
[2026-06-03 11:28:11] [TRAIN] Gen 91/192: prompt=13 resp=1950
[2026-06-03 11:28:11] [TRAIN] Gen 92/192: prompt=13 resp=2084
[2026-06-03 11:28:12] [TRAIN] Gen 89/192: prompt=13 resp=2369
[2026-06-03 11:28:12] [TRAIN] Gen 88/192: prompt=14 resp=2202
[2026-06-03 11:28:12] [TRAIN] Gen 96/192: prompt=95 resp=1425
[2026-06-03 11:28:12] [TRAIN] Gen 94/192: prompt=95 resp=1509
[2026-06-03 11:28:12] [TRAIN] Gen 95/192: prompt=95 resp=1756
[2026-06-03 11:28:12] [TRAIN] Gen 93/192: prompt=95 resp=1477
[2026-06-03 11:28:15] [TRAIN] Gen 97/192: prompt=60 resp=2140
[2026-06-03 11:28:17] [TRAIN] Gen 98/192: prompt=60 resp=2124
[2026-06-03 11:28:17] [TRAIN] Gen 99/192: prompt=60 resp=2075
[2026-06-03 11:28:17] [TRAIN] Gen 100/192: prompt=60 resp=2036
[2026-06-03 11:28:18] [TRAIN] Gen 101/192: prompt=9 resp=2351
[2026-06-03 11:28:18] [TRAIN] Gen 102/192: prompt=9 resp=2437
[2026-06-03 11:28:19] [TRAIN] Gen 103/192: prompt=9 resp=2324
[2026-06-03 11:28:19] [TRAIN] Gen 104/192: prompt=9 resp=2298
[2026-06-03 11:28:20] [TRAIN] Gen 105/192: prompt=15 resp=2166
[2026-06-03 11:28:21] [TRAIN] Gen 106/192: prompt=15 resp=2102
[2026-06-03 11:28:22] [TRAIN] Gen 107/192: prompt=15 resp=1921
[2026-06-03 11:28:22] [TRAIN] Gen 108/192: prompt=15 resp=1973
[2026-06-03 11:28:22] [TRAIN] Gen 110/192: prompt=29 resp=2064
[2026-06-03 11:28:22] [TRAIN] Gen 111/192: prompt=29 resp=1984
[2026-06-03 11:28:22] [TRAIN] Gen 109/192: prompt=29 resp=1986
[2026-06-03 11:28:22] [TRAIN] Gen 112/192: prompt=29 resp=1942
[2026-06-03 11:28:23] [TRAIN] Gen 119/192: prompt=7 resp=1026
[2026-06-03 11:28:25] [TRAIN] Gen 113/192: prompt=23 resp=2435
[2026-06-03 11:28:26] [TRAIN] Gen 114/192: prompt=23 resp=2394
[2026-06-03 11:28:26] [TRAIN] Gen 120/192: prompt=7 resp=1699
[2026-06-03 11:28:27] [TRAIN] Gen 115/192: prompt=23 resp=2406
[2026-06-03 11:28:27] [TRAIN] Gen 116/192: prompt=23 resp=2658
[2026-06-03 11:28:27] [TRAIN] Gen 117/192: prompt=7 resp=2597
[2026-06-03 11:28:28] [TRAIN] Gen 118/192: prompt=7 resp=2228
[2026-06-03 11:28:30] [TRAIN] Gen 121/192: prompt=8 resp=2485
[2026-06-03 11:28:30] [TRAIN] Gen 122/192: prompt=8 resp=2585
[2026-06-03 11:28:32] [TRAIN] Gen 123/192: prompt=8 resp=2485
[2026-06-03 11:28:32] [TRAIN] Gen 124/192: prompt=8 resp=2536
[2026-06-03 11:28:32] [TRAIN] Gen 128/192: prompt=31 resp=2011
[2026-06-03 11:28:32] [TRAIN] Gen 127/192: prompt=31 resp=1676
[2026-06-03 11:28:32] [TRAIN] Gen 125/192: prompt=31 resp=1795
[2026-06-03 11:28:32] [TRAIN] Gen 126/192: prompt=31 resp=1959
[2026-06-03 11:28:33] [TRAIN] Gen 129/192: prompt=9 resp=2447
[2026-06-03 11:28:34] [TRAIN] Gen 130/192: prompt=9 resp=2389
[2026-06-03 11:28:36] [TRAIN] Gen 131/192: prompt=9 resp=2405
[2026-06-03 11:28:36] [TRAIN] Gen 132/192: prompt=9 resp=2471
[2026-06-03 11:28:36] [TRAIN] Gen 133/192: prompt=38 resp=2988
[2026-06-03 11:28:37] [TRAIN] Gen 134/192: prompt=38 resp=2622
[2026-06-03 11:28:37] [TRAIN] Gen 135/192: prompt=38 resp=2808
[2026-06-03 11:28:37] [TRAIN] Gen 136/192: prompt=38 resp=2761
[2026-06-03 11:28:39] [TRAIN] Gen 137/192: prompt=13 resp=2811
[2026-06-03 11:28:40] [TRAIN] Gen 138/192: prompt=13 resp=2811
[2026-06-03 11:28:41] [TRAIN] Gen 139/192: prompt=13 resp=2776
[2026-06-03 11:28:41] [TRAIN] Gen 140/192: prompt=13 resp=2826
[2026-06-03 11:28:41] [TRAIN] Gen 141/192: prompt=19 resp=2372
[2026-06-03 11:28:41] [TRAIN] Gen 142/192: prompt=19 resp=2280
[2026-06-03 11:28:41] [TRAIN] Gen 143/192: prompt=19 resp=2300
[2026-06-03 11:28:41] [TRAIN] Gen 144/192: prompt=19 resp=2435
[2026-06-03 11:28:42] [TRAIN] Gen 145/192: prompt=23 resp=2265
[2026-06-03 11:28:44] [TRAIN] Gen 146/192: prompt=23 resp=2274
[2026-06-03 11:28:45] [TRAIN] Gen 147/192: prompt=23 resp=2130
[2026-06-03 11:28:45] [TRAIN] Gen 148/192: prompt=23 resp=2253
[2026-06-03 11:28:46] [TRAIN] Gen 149/192: prompt=39 resp=2587
[2026-06-03 11:28:46] [TRAIN] Gen 150/192: prompt=39 resp=2581
[2026-06-03 11:28:47] [TRAIN] Gen 151/192: prompt=39 resp=2574
[2026-06-03 11:28:47] [TRAIN] Gen 152/192: prompt=39 resp=2535
[2026-06-03 11:28:50] [TRAIN] Gen 153/192: prompt=80 resp=2552
[2026-06-03 11:28:50] [TRAIN] Gen 154/192: prompt=80 resp=2539
[2026-06-03 11:28:51] [TRAIN] Gen 155/192: prompt=80 resp=2449
[2026-06-03 11:28:51] [TRAIN] Gen 156/192: prompt=80 resp=2519
[2026-06-03 11:28:51] [TRAIN] Gen 159/192: prompt=58 resp=2398
[2026-06-03 11:28:51] [TRAIN] Gen 157/192: prompt=58 resp=2350
[2026-06-03 11:28:51] [TRAIN] Gen 158/192: prompt=58 resp=2306
[2026-06-03 11:28:51] [TRAIN] Gen 160/192: prompt=58 resp=2255
[2026-06-03 11:28:53] [TRAIN] Gen 161/192: prompt=5 resp=2162
[2026-06-03 11:28:54] [TRAIN] Gen 162/192: prompt=5 resp=2131
[2026-06-03 11:28:56] [TRAIN] Gen 163/192: prompt=5 resp=2125
[2026-06-03 11:28:56] [TRAIN] Gen 164/192: prompt=5 resp=2186
[2026-06-03 11:28:56] [TRAIN] Gen 165/192: prompt=17 resp=2567
[2026-06-03 11:28:57] [TRAIN] Gen 166/192: prompt=17 resp=2503
[2026-06-03 11:28:57] [TRAIN] Gen 167/192: prompt=17 resp=2548
[2026-06-03 11:28:57] [TRAIN] Gen 168/192: prompt=17 resp=2456
[2026-06-03 11:29:00] [TRAIN] Gen 169/192: prompt=9 resp=2397
[2026-06-03 11:29:00] [TRAIN] Gen 170/192: prompt=9 resp=2266
[2026-06-03 11:29:01] [TRAIN] Gen 171/192: prompt=9 resp=2323
[2026-06-03 11:29:01] [TRAIN] Gen 172/192: prompt=9 resp=2316
[2026-06-03 11:29:01] [TRAIN] Gen 173/192: prompt=7 resp=2535
[2026-06-03 11:29:01] [TRAIN] Gen 174/192: prompt=7 resp=2338
[2026-06-03 11:29:01] [TRAIN] Gen 175/192: prompt=7 resp=2344
[2026-06-03 11:29:01] [TRAIN] Gen 176/192: prompt=7 resp=2488
[2026-06-03 11:29:03] [TRAIN] Gen 177/192: prompt=213 resp=2439
[2026-06-03 11:29:04] [TRAIN] Gen 178/192: prompt=213 resp=2529
[2026-06-03 11:29:06] [TRAIN] Gen 179/192: prompt=213 resp=2450
[2026-06-03 11:29:06] [TRAIN] Gen 180/192: prompt=213 resp=2341
[2026-06-03 11:29:06] [TRAIN] Gen 181/192: prompt=15 resp=2573
[2026-06-03 11:29:07] [TRAIN] Gen 182/192: prompt=15 resp=2674
[2026-06-03 11:29:07] [TRAIN] Gen 183/192: prompt=15 resp=2647
[2026-06-03 11:29:07] [TRAIN] Gen 184/192: prompt=15 resp=2626
[2026-06-03 11:29:09] [TRAIN] Gen 185/192: prompt=34 resp=2465
[2026-06-03 11:29:10] [TRAIN] Gen 186/192: prompt=34 resp=2540
[2026-06-03 11:29:11] [TRAIN] Gen 187/192: prompt=34 resp=2544
[2026-06-03 11:29:11] [TRAIN] Gen 188/192: prompt=34 resp=2508
[2026-06-03 11:29:11] [TRAIN] Gen 192/192: prompt=29 resp=2390
[2026-06-03 11:29:11] [TRAIN] Gen 191/192: prompt=29 resp=2403
[2026-06-03 11:29:11] [TRAIN] Gen 189/192: prompt=29 resp=2341
[2026-06-03 11:29:11] [TRAIN] Gen 190/192: prompt=29 resp=2307
[2026-06-03 11:29:11] [TRAIN] Generation done in 116.7s
[2026-06-03 11:29:11] [TRAIN] Prompt 1 category: brainstorming
[2026-06-03 11:29:23] [TRAIN] Prompt 1/48: rewards=[0.338, 0.188, 0.15, 0.388]
[2026-06-03 11:29:23] [TRAIN] Prompt 2 category: creative writing
[2026-06-03 11:29:34] [TRAIN] Prompt 2/48: rewards=[0.225, 0.325, 0.3, 0.237]
[2026-06-03 11:29:34] [TRAIN] Prompt 3 category: translation
[2026-06-03 11:29:50] [TRAIN] Prompt 3/48: rewards=[0.35, 0.0, 0.0, 0.287]
[2026-06-03 11:29:50] [TRAIN] Prompt 4 category: coding
[2026-06-03 11:29:57] [TRAIN] Prompt 4/48: rewards=[0.0, 0.0, 0.0, 0.0]
[2026-06-03 11:29:57] [TRAIN] Prompt 5 category: debugging
[2026-06-03 11:30:06] [TRAIN] Prompt 5/48: rewards=[0.0, 0.0, 0.15, 0.175]
[2026-06-03 11:30:06] [TRAIN] Prompt 6 category: debugging
[2026-06-03 11:30:14] [TRAIN] Prompt 6/48: rewards=[0.15, 0.0, 0.0, 0.0]
[2026-06-03 11:30:14] [TRAIN] Prompt 7 category: coding
[2026-06-03 11:30:23] [TRAIN] Prompt 7/48: rewards=[0.0, 0.2, 0.0, 0.0]
[2026-06-03 11:30:23] [TRAIN] Prompt 8 category: instruction following
[2026-06-03 11:30:37] [TRAIN] Prompt 8/48: rewards=[0.325, 0.35, 0.287, 0.338]
[2026-06-03 11:30:37] [TRAIN] Prompt 9 category: explanation
[2026-06-03 11:30:50] [TRAIN] Prompt 9/48: rewards=[0.263, 0.0, 0.35, 0.212]
[2026-06-03 11:31:04] [TRAIN] Prompt 10/48: rewards=[0.338, 0.0, 0.113, 0.175]
[2026-06-03 11:31:04] [TRAIN] Prompt 11 category: explanation
[2026-06-03 11:31:16] [TRAIN] Prompt 11/48: rewards=[0.4, 0.4, 0.375, 0.212]
[2026-06-03 11:31:16] [TRAIN] Prompt 12 category: coding
[2026-06-03 11:31:25] [TRAIN] Prompt 12/48: rewards=[0.0, 0.0, 0.0, 0.0]
[2026-06-03 11:31:25] [TRAIN] Prompt 13 category: logical reasoning
[2026-06-03 11:31:34] [TRAIN] Prompt 13/48: rewards=[0.725, 0.0, 0.0, 0.0]
[2026-06-03 11:31:34] [TRAIN] Prompt 14 category: math
[2026-06-03 11:31:43] [TRAIN] Prompt 14/48: rewards=[0.0, 0.0, 0.0, 0.0]
[2026-06-03 11:31:54] [TRAIN] Prompt 15/48: rewards=[0.275, 0.388, 0.287, 0.237]
[2026-06-03 11:31:54] [TRAIN] Prompt 16 category: explanation
[2026-06-03 11:32:05] [TRAIN] Prompt 16/48: rewards=[0.3, 0.275, 0.237, 0.15]
[2026-06-03 11:32:16] [TRAIN] Prompt 17/48: rewards=[0.212, 0.212, 0.125, 0.412]
[2026-06-03 11:32:16] [TRAIN] Prompt 18 category: coding
[2026-06-03 11:32:25] [TRAIN] Prompt 18/48: rewards=[0.0, 0.0, 0.0, 0.2]
[2026-06-03 11:32:25] [TRAIN] Prompt 19 category: creative writing
[2026-06-03 11:32:39] [TRAIN] Prompt 19/48: rewards=[0.237, 0.35, 0.113, 0.2]
[2026-06-03 11:32:39] [TRAIN] Prompt 20 category: coding
[2026-06-03 11:32:46] [TRAIN] Prompt 20/48: rewards=[0.0, 0.0, 0.0, 0.0]
[2026-06-03 11:32:46] [TRAIN] Prompt 21 category: debugging
[2026-06-03 11:32:54] [TRAIN] Prompt 21/48: rewards=[0.0, 0.0, 0.0, 0.0]
[2026-06-03 11:32:54] [TRAIN] Prompt 22 category: explanation
[2026-06-03 11:33:08] [TRAIN] Prompt 22/48: rewards=[0.412, 0.287, 0.338, 0.338]
[2026-06-03 11:33:19] [TRAIN] Prompt 23/48: rewards=[0.5, 0.487, 0.463, 0.425]
[2026-06-03 11:33:19] [TRAIN] Prompt 24 category: math
[2026-06-03 11:33:27] [TRAIN] Prompt 24/48: rewards=[0.0, 0.0, 0.0, 0.475]
[2026-06-03 11:33:27] [TRAIN] Prompt 25 category: coding
[2026-06-03 11:33:36] [TRAIN] Prompt 25/48: rewards=[0.0, 0.0, 0.0, 0.1]
[2026-06-03 11:33:36] [TRAIN] Prompt 26 category: explanation
[2026-06-03 11:33:48] [TRAIN] Prompt 26/48: rewards=[0.138, 0.287, 0.15, 0.212]
[2026-06-03 11:33:48] [TRAIN] Prompt 27 category: coding
[2026-06-03 11:33:56] [TRAIN] Prompt 27/48: rewards=[0.15, 0.0, 0.2, 0.0]
[2026-06-03 11:34:11] [TRAIN] Prompt 28/48: rewards=[0.0, 0.287, 0.087, 0.0]
[2026-06-03 11:34:11] [TRAIN] Prompt 29 category: brainstorming
[2026-06-03 11:34:23] [TRAIN] Prompt 29/48: rewards=[0.375, 0.188, 0.275, 0.0]
[2026-06-03 11:34:23] [TRAIN] Prompt 30 category: copywriting
[2026-06-03 11:34:38] [TRAIN] Prompt 30/48: rewards=[0.0, 0.55, 0.625, 0.5]
[2026-06-03 11:34:38] [TRAIN] Prompt 31 category: explanation
[2026-06-03 11:34:50] [TRAIN] Prompt 31/48: rewards=[0.188, 0.338, 0.325, 0.375]
[2026-06-03 11:34:50] [TRAIN] Prompt 32 category: coding
[2026-06-03 11:34:58] [TRAIN] Prompt 32/48: rewards=[0.25, 0.15, 0.0, 0.0]
[2026-06-03 11:34:58] [TRAIN] Prompt 33 category: translation
[2026-06-03 11:35:12] [TRAIN] Prompt 33/48: rewards=[0.412, 0.25, 0.412, 0.0]
[2026-06-03 11:35:25] [TRAIN] Prompt 34/48: rewards=[0.463, 0.312, 0.5, 0.487]
[2026-06-03 11:35:37] [TRAIN] Prompt 35/48: rewards=[0.35, 0.45, 0.4, 0.0]
[2026-06-03 11:35:37] [TRAIN] Prompt 36 category: coding
[2026-06-03 11:35:44] [TRAIN] Prompt 36/48: rewards=[0.0, 0.15, 0.15, 0.225]
[2026-06-03 11:35:44] [TRAIN] Prompt 37 category: coding
[2026-06-03 11:35:52] [TRAIN] Prompt 37/48: rewards=[0.0, 0.0, 0.0, 0.0]
[2026-06-03 11:35:52] [TRAIN] Prompt 38 category: coding
[2026-06-03 11:36:00] [TRAIN] Prompt 38/48: rewards=[0.0, 0.0, 0.0, 0.2]
[2026-06-03 11:36:00] [TRAIN] Prompt 39 category: coding
[2026-06-03 11:36:08] [TRAIN] Prompt 39/48: rewards=[0.15, 0.0, 0.0, 0.0]
[2026-06-03 11:36:08] [TRAIN] Prompt 40 category: instruction following
[2026-06-03 11:36:22] [TRAIN] Prompt 40/48: rewards=[0.175, 0.212, 0.45, 0.0]
[2026-06-03 11:36:22] [TRAIN] Prompt 41 category: debugging
[2026-06-03 11:36:31] [TRAIN] Prompt 41/48: rewards=[0.0, 0.15, 0.0, 0.0]
[2026-06-03 11:36:31] [TRAIN] Prompt 42 category: creative writing
[2026-06-03 11:36:44] [TRAIN] Prompt 42/48: rewards=[0.338, 0.275, 0.275, 0.362]
[2026-06-03 11:36:58] [TRAIN] Prompt 43/48: rewards=[0.0, 0.425, 0.0, 0.0]
[2026-06-03 11:36:58] [TRAIN] Prompt 44 category: coding
[2026-06-03 11:37:06] [TRAIN] Prompt 44/48: rewards=[0.125, 0.0, 0.0, 0.2]
[2026-06-03 11:37:06] [TRAIN] Prompt 45 category: creative writing
[2026-06-03 11:37:19] [TRAIN] Prompt 45/48: rewards=[0.463, 0.3, 0.0, 0.388]
[2026-06-03 11:37:19] [TRAIN] Prompt 46 category: creative writing
[2026-06-03 11:37:32] [TRAIN] Prompt 46/48: rewards=[0.237, 0.463, 0.325, 0.487]
[2026-06-03 11:37:32] [TRAIN] Prompt 47 category: coding
[2026-06-03 11:37:40] [TRAIN] Prompt 47/48: rewards=[0.0, 0.1, 0.2, 0.0]
[2026-06-03 11:37:40] [TRAIN] Prompt 48 category: coding
[2026-06-03 11:37:48] [TRAIN] Prompt 48/48: rewards=[0.2, 0.0, 0.1, 0.175]
[2026-06-03 11:37:48] [TRAIN] Rewards: mean=0.174, 3/192 >0.5 (mode=rubric)
[2026-06-03 11:37:48] [TRAIN] Sleeping replicas via CheckpointEngineManager...
[2026-06-03 11:37:49] [TRAIN] Replicas asleep
[2026-06-03 11:37:49] [TRAIN] Training batch built: {'prompts': torch.Size([192, 496]), 'input_ids': torch.Size([192, 1008]), 'attention_mask': torch.Size([192, 1008]), 'position_ids': torch.Size([192, 1008]), 'responses': torch.Size([192, 512])}
[2026-06-03 11:37:49] [TRAIN] rm_scores computed (last-token placement)
[2026-06-03 11:37:49] [TRAIN] response_mask computed
[2026-06-03 11:38:29] [TRAIN] old_log_probs computed
[2026-06-03 11:38:29] [TRAIN] GRPO advantages computed
[2026-06-03 11:41:28] [TRAIN] Actor update completed — loss=0.0062
[2026-06-03 11:41:29] [TRAIN] Weight sync done in 1.6s (wake handled internally)
[2026-06-03 11:41:29] [TRAIN] train_step completed in 854.9s — reward=0.174 (3/192), loss=0.0062, grad_norm=0.119 | score=0.174, rewards=0.174, adv=-0.006 | rlen=499, plen=62, abort=0.000 | tps=125.9 tok/s/gpu, gen=1.22ms/tok, actor=1.66ms/tok
[2026-06-03 11:41:29] [TRAIN] train_step start: 48 prompts x 4 = 192 total
[2026-06-03 11:41:29] [TRAIN] Generating 192 responses (48 prompts x 4) with 16 concurrent workers
[2026-06-03 11:41:39] [TRAIN] Gen 2/192: prompt=64 resp=1965
[2026-06-03 11:41:39] [TRAIN] Gen 13/192: prompt=263 resp=2121
[2026-06-03 11:41:39] [TRAIN] Gen 16/192: prompt=263 resp=2052
[2026-06-03 11:41:39] [TRAIN] Gen 8/192: prompt=13 resp=2382
[2026-06-03 11:41:39] [TRAIN] Gen 10/192: prompt=19 resp=2505
[2026-06-03 11:41:39] [TRAIN] Gen 4/192: prompt=64 resp=2067
[2026-06-03 11:41:39] [TRAIN] Gen 6/192: prompt=13 resp=2408
[2026-06-03 11:41:39] [TRAIN] Gen 15/192: prompt=263 resp=2101
[2026-06-03 11:41:39] [TRAIN] Gen 7/192: prompt=13 resp=2415
[2026-06-03 11:41:39] [TRAIN] Gen 11/192: prompt=19 resp=2544
[2026-06-03 11:41:39] [TRAIN] Gen 14/192: prompt=263 resp=2076
[2026-06-03 11:41:39] [TRAIN] Gen 5/192: prompt=13 resp=2378
[2026-06-03 11:41:39] [TRAIN] Gen 12/192: prompt=19 resp=2758
[2026-06-03 11:41:39] [TRAIN] Gen 1/192: prompt=64 resp=1990
[2026-06-03 11:41:39] [TRAIN] Gen 9/192: prompt=19 resp=2741
[2026-06-03 11:41:39] [TRAIN] Gen 3/192: prompt=64 resp=1969
[2026-06-03 11:41:48] [TRAIN] Gen 17/192: prompt=34 resp=2415
[2026-06-03 11:41:48] [TRAIN] Gen 31/192: prompt=18 resp=2489
[2026-06-03 11:41:48] [TRAIN] Gen 28/192: prompt=19 resp=2329
[2026-06-03 11:41:48] [TRAIN] Gen 30/192: prompt=18 resp=2426
[2026-06-03 11:41:48] [TRAIN] Gen 25/192: prompt=19 resp=2362
[2026-06-03 11:41:48] [TRAIN] Gen 26/192: prompt=19 resp=2370
[2026-06-03 11:41:48] [TRAIN] Gen 19/192: prompt=34 resp=2381
[2026-06-03 11:41:48] [TRAIN] Gen 22/192: prompt=10 resp=2504
[2026-06-03 11:41:48] [TRAIN] Gen 27/192: prompt=19 resp=2214
[2026-06-03 11:41:48] [TRAIN] Gen 21/192: prompt=10 resp=2473
[2026-06-03 11:41:48] [TRAIN] Gen 32/192: prompt=18 resp=2417
[2026-06-03 11:41:48] [TRAIN] Gen 23/192: prompt=10 resp=2447
[2026-06-03 11:41:48] [TRAIN] Gen 29/192: prompt=18 resp=2445
[2026-06-03 11:41:48] [TRAIN] Gen 20/192: prompt=34 resp=2415
[2026-06-03 11:41:48] [TRAIN] Gen 18/192: prompt=34 resp=2439
[2026-06-03 11:41:48] [TRAIN] Gen 24/192: prompt=10 resp=2546
[2026-06-03 11:41:58] [TRAIN] Gen 33/192: prompt=28 resp=2695
[2026-06-03 11:41:58] [TRAIN] Gen 38/192: prompt=46 resp=2203
[2026-06-03 11:41:58] [TRAIN] Gen 44/192: prompt=10 resp=2533
[2026-06-03 11:41:58] [TRAIN] Gen 39/192: prompt=46 resp=2205
[2026-06-03 11:41:58] [TRAIN] Gen 46/192: prompt=8 resp=2466
[2026-06-03 11:41:58] [TRAIN] Gen 37/192: prompt=46 resp=2232
[2026-06-03 11:41:58] [TRAIN] Gen 41/192: prompt=10 resp=2474
[2026-06-03 11:41:58] [TRAIN] Gen 48/192: prompt=8 resp=2427
[2026-06-03 11:41:58] [TRAIN] Gen 35/192: prompt=28 resp=2631
[2026-06-03 11:41:58] [TRAIN] Gen 43/192: prompt=10 resp=2399
[2026-06-03 11:41:58] [TRAIN] Gen 42/192: prompt=10 resp=2610
[2026-06-03 11:41:58] [TRAIN] Gen 47/192: prompt=8 resp=2468
[2026-06-03 11:41:58] [TRAIN] Gen 34/192: prompt=28 resp=2746
[2026-06-03 11:41:58] [TRAIN] Gen 36/192: prompt=28 resp=2603
[2026-06-03 11:41:58] [TRAIN] Gen 40/192: prompt=46 resp=2187
[2026-06-03 11:41:58] [TRAIN] Gen 45/192: prompt=8 resp=2492
[2026-06-03 11:42:07] [TRAIN] Gen 49/192: prompt=4 resp=2442
[2026-06-03 11:42:07] [TRAIN] Gen 58/192: prompt=16 resp=2438
[2026-06-03 11:42:07] [TRAIN] Gen 50/192: prompt=4 resp=2373
[2026-06-03 11:42:07] [TRAIN] Gen 52/192: prompt=4 resp=2498
[2026-06-03 11:42:07] [TRAIN] Gen 51/192: prompt=4 resp=2534
[2026-06-03 11:42:07] [TRAIN] Gen 63/192: prompt=35 resp=1945
[2026-06-03 11:42:07] [TRAIN] Gen 53/192: prompt=17 resp=2068
[2026-06-03 11:42:07] [TRAIN] Gen 55/192: prompt=17 resp=1875
[2026-06-03 11:42:07] [TRAIN] Gen 56/192: prompt=17 resp=2085
[2026-06-03 11:42:07] [TRAIN] Gen 54/192: prompt=17 resp=2137
[2026-06-03 11:42:07] [TRAIN] Gen 59/192: prompt=16 resp=2030
[2026-06-03 11:42:07] [TRAIN] Gen 61/192: prompt=35 resp=1947
[2026-06-03 11:42:07] [TRAIN] Gen 57/192: prompt=16 resp=2195
[2026-06-03 11:42:07] [TRAIN] Gen 62/192: prompt=35 resp=1944
[2026-06-03 11:42:07] [TRAIN] Gen 60/192: prompt=16 resp=2267
[2026-06-03 11:42:07] [TRAIN] Gen 64/192: prompt=35 resp=1783
[2026-06-03 11:42:17] [TRAIN] Gen 65/192: prompt=9 resp=2141
[2026-06-03 11:42:17] [TRAIN] Gen 67/192: prompt=9 resp=2111
[2026-06-03 11:42:17] [TRAIN] Gen 69/192: prompt=43 resp=2306
[2026-06-03 11:42:17] [TRAIN] Gen 66/192: prompt=9 resp=2234
[2026-06-03 11:42:17] [TRAIN] Gen 68/192: prompt=9 resp=2080
[2026-06-03 11:42:17] [TRAIN] Gen 72/192: prompt=43 resp=2336
[2026-06-03 11:42:17] [TRAIN] Gen 76/192: prompt=11 resp=2329
[2026-06-03 11:42:17] [TRAIN] Gen 79/192: prompt=8 resp=2083
[2026-06-03 11:42:17] [TRAIN] Gen 77/192: prompt=8 resp=2103
[2026-06-03 11:42:17] [TRAIN] Gen 71/192: prompt=43 resp=2387
[2026-06-03 11:42:17] [TRAIN] Gen 70/192: prompt=43 resp=2396
[2026-06-03 11:42:17] [TRAIN] Gen 78/192: prompt=8 resp=2078
[2026-06-03 11:42:17] [TRAIN] Gen 73/192: prompt=11 resp=2434
[2026-06-03 11:42:17] [TRAIN] Gen 75/192: prompt=11 resp=2243
[2026-06-03 11:42:17] [TRAIN] Gen 74/192: prompt=11 resp=2462
[2026-06-03 11:42:17] [TRAIN] Gen 80/192: prompt=8 resp=2015
[2026-06-03 11:42:23] [TRAIN] Gen 96/192: prompt=15 resp=1320
[2026-06-03 11:42:24] [TRAIN] Gen 95/192: prompt=15 resp=1704
[2026-06-03 11:42:26] [TRAIN] Gen 81/192: prompt=6 resp=2630
[2026-06-03 11:42:26] [TRAIN] Gen 83/192: prompt=6 resp=2351
[2026-06-03 11:42:26] [TRAIN] Gen 84/192: prompt=6 resp=2632
[2026-06-03 11:42:26] [TRAIN] Gen 82/192: prompt=6 resp=2505
[2026-06-03 11:42:26] [TRAIN] Gen 85/192: prompt=77 resp=2249
[2026-06-03 11:42:26] [TRAIN] Gen 86/192: prompt=77 resp=2184
[2026-06-03 11:42:26] [TRAIN] Gen 87/192: prompt=77 resp=2180
[2026-06-03 11:42:26] [TRAIN] Gen 93/192: prompt=15 resp=2061
[2026-06-03 11:42:26] [TRAIN] Gen 89/192: prompt=12 resp=2407
[2026-06-03 11:42:26] [TRAIN] Gen 88/192: prompt=77 resp=2332
[2026-06-03 11:42:26] [TRAIN] Gen 91/192: prompt=12 resp=2480
[2026-06-03 11:42:26] [TRAIN] Gen 94/192: prompt=15 resp=2173
[2026-06-03 11:42:26] [TRAIN] Gen 92/192: prompt=12 resp=2570
[2026-06-03 11:42:26] [TRAIN] Gen 90/192: prompt=12 resp=2619
[2026-06-03 11:42:28] [TRAIN] Gen 98/192: prompt=8 resp=733
[2026-06-03 11:42:29] [TRAIN] Gen 97/192: prompt=8 resp=1631
[2026-06-03 11:42:29] [TRAIN] Gen 100/192: prompt=8 resp=722
[2026-06-03 11:42:30] [TRAIN] Gen 99/192: prompt=8 resp=786
[2026-06-03 11:42:31] [TRAIN] Gen 106/192: prompt=10 resp=845
[2026-06-03 11:42:33] [TRAIN] Gen 105/192: prompt=10 resp=1326
[2026-06-03 11:42:34] [TRAIN] Gen 108/192: prompt=10 resp=1342
[2026-06-03 11:42:36] [TRAIN] Gen 102/192: prompt=17 resp=2452
[2026-06-03 11:42:36] [TRAIN] Gen 103/192: prompt=17 resp=2290
[2026-06-03 11:42:36] [TRAIN] Gen 101/192: prompt=17 resp=2557
[2026-06-03 11:42:36] [TRAIN] Gen 104/192: prompt=17 resp=2483
[2026-06-03 11:42:36] [TRAIN] Gen 110/192: prompt=48 resp=2155
[2026-06-03 11:42:36] [TRAIN] Gen 111/192: prompt=48 resp=2218
[2026-06-03 11:42:36] [TRAIN] Gen 109/192: prompt=48 resp=1697
[2026-06-03 11:42:36] [TRAIN] Gen 112/192: prompt=48 resp=2338
[2026-06-03 11:42:36] [TRAIN] Gen 107/192: prompt=10 resp=1972
[2026-06-03 11:42:38] [TRAIN] Gen 113/192: prompt=335 resp=1974
[2026-06-03 11:42:39] [TRAIN] Gen 114/192: prompt=335 resp=2145
[2026-06-03 11:42:39] [TRAIN] Gen 115/192: prompt=335 resp=1990
[2026-06-03 11:42:39] [TRAIN] Gen 116/192: prompt=335 resp=1946
[2026-06-03 11:42:41] [TRAIN] Gen 117/192: prompt=16 resp=2511
[2026-06-03 11:42:42] [TRAIN] Gen 123/192: prompt=17 resp=1658
[2026-06-03 11:42:43] [TRAIN] Gen 118/192: prompt=16 resp=2451
[2026-06-03 11:42:43] [TRAIN] Gen 121/192: prompt=17 resp=1894
[2026-06-03 11:42:44] [TRAIN] Gen 119/192: prompt=16 resp=2329
[2026-06-03 11:42:44] [TRAIN] Gen 128/192: prompt=95 resp=2018
[2026-06-03 11:42:44] [TRAIN] Gen 126/192: prompt=95 resp=2064
[2026-06-03 11:42:46] [TRAIN] Gen 122/192: prompt=17 resp=2239
[2026-06-03 11:42:46] [TRAIN] Gen 120/192: prompt=16 resp=2349
[2026-06-03 11:42:46] [TRAIN] Gen 124/192: prompt=17 resp=2559
[2026-06-03 11:42:46] [TRAIN] Gen 127/192: prompt=95 resp=2525
[2026-06-03 11:42:46] [TRAIN] Gen 125/192: prompt=95 resp=2595
[2026-06-03 11:42:47] [TRAIN] Gen 129/192: prompt=16 resp=2271
[2026-06-03 11:42:49] [TRAIN] Gen 130/192: prompt=16 resp=2359
[2026-06-03 11:42:49] [TRAIN] Gen 131/192: prompt=16 resp=2277
[2026-06-03 11:42:49] [TRAIN] Gen 132/192: prompt=16 resp=2362
[2026-06-03 11:42:50] [TRAIN] Gen 133/192: prompt=47 resp=2495
[2026-06-03 11:42:52] [TRAIN] Gen 134/192: prompt=47 resp=2416
[2026-06-03 11:42:52] [TRAIN] Gen 135/192: prompt=47 resp=2496
[2026-06-03 11:42:53] [TRAIN] Gen 136/192: prompt=47 resp=2516
[2026-06-03 11:42:53] [TRAIN] Gen 137/192: prompt=68 resp=1373
[2026-06-03 11:42:53] [TRAIN] Gen 138/192: prompt=68 resp=1577
[2026-06-03 11:42:54] [TRAIN] Gen 139/192: prompt=68 resp=1525
[2026-06-03 11:42:55] [TRAIN] Gen 140/192: prompt=68 resp=1684
[2026-06-03 11:42:55] [TRAIN] Gen 141/192: prompt=28 resp=2306
[2026-06-03 11:42:56] [TRAIN] Gen 142/192: prompt=28 resp=2391
[2026-06-03 11:42:56] [TRAIN] Gen 144/192: prompt=28 resp=2226
[2026-06-03 11:42:56] [TRAIN] Gen 143/192: prompt=28 resp=2356
[2026-06-03 11:42:57] [TRAIN] Gen 145/192: prompt=33 resp=2257
[2026-06-03 11:42:58] [TRAIN] Gen 146/192: prompt=33 resp=2115
[2026-06-03 11:42:58] [TRAIN] Gen 147/192: prompt=33 resp=2216
[2026-06-03 11:42:59] [TRAIN] Gen 148/192: prompt=33 resp=2071
[2026-06-03 11:43:00] [TRAIN] Gen 149/192: prompt=329 resp=2266
[2026-06-03 11:43:01] [TRAIN] Gen 154/192: prompt=253 resp=1884
[2026-06-03 11:43:01] [TRAIN] Gen 150/192: prompt=329 resp=2537
[2026-06-03 11:43:02] [TRAIN] Gen 151/192: prompt=329 resp=2531
[2026-06-03 11:43:02] [TRAIN] Gen 152/192: prompt=329 resp=2512
[2026-06-03 11:43:02] [TRAIN] Gen 156/192: prompt=253 resp=1758
[2026-06-03 11:43:03] [TRAIN] Gen 153/192: prompt=253 resp=2284
[2026-06-03 11:43:03] [TRAIN] Gen 155/192: prompt=253 resp=2210
[2026-06-03 11:43:05] [TRAIN] Gen 157/192: prompt=119 resp=2302
[2026-06-03 11:43:05] [TRAIN] Gen 160/192: prompt=119 resp=2211
[2026-06-03 11:43:05] [TRAIN] Gen 159/192: prompt=119 resp=2124
[2026-06-03 11:43:05] [TRAIN] Gen 158/192: prompt=119 resp=2182
[2026-06-03 11:43:06] [TRAIN] Gen 164/192: prompt=5 resp=1803
[2026-06-03 11:43:06] [TRAIN] Gen 161/192: prompt=5 resp=2324
[2026-06-03 11:43:08] [TRAIN] Gen 162/192: prompt=5 resp=2286
[2026-06-03 11:43:08] [TRAIN] Gen 163/192: prompt=5 resp=2346
[2026-06-03 11:43:09] [TRAIN] Gen 165/192: prompt=40 resp=2443
[2026-06-03 11:43:10] [TRAIN] Gen 166/192: prompt=40 resp=2423
[2026-06-03 11:43:10] [TRAIN] Gen 167/192: prompt=40 resp=2566
[2026-06-03 11:43:11] [TRAIN] Gen 168/192: prompt=40 resp=2364
[2026-06-03 11:43:11] [TRAIN] Gen 169/192: prompt=30 resp=2586
[2026-06-03 11:43:12] [TRAIN] Gen 170/192: prompt=30 resp=2701
[2026-06-03 11:43:12] [TRAIN] Gen 171/192: prompt=30 resp=2652
[2026-06-03 11:43:12] [TRAIN] Gen 172/192: prompt=30 resp=2663
[2026-06-03 11:43:14] [TRAIN] Gen 173/192: prompt=40 resp=2573
[2026-06-03 11:43:14] [TRAIN] Gen 174/192: prompt=40 resp=2530
[2026-06-03 11:43:14] [TRAIN] Gen 176/192: prompt=40 resp=2431
[2026-06-03 11:43:14] [TRAIN] Gen 175/192: prompt=40 resp=2515
[2026-06-03 11:43:15] [TRAIN] Gen 177/192: prompt=18 resp=2590
[2026-06-03 11:43:15] [TRAIN] Gen 178/192: prompt=18 resp=2649
[2026-06-03 11:43:17] [TRAIN] Gen 179/192: prompt=18 resp=2691
[2026-06-03 11:43:17] [TRAIN] Gen 180/192: prompt=18 resp=2617
[2026-06-03 11:43:19] [TRAIN] Gen 181/192: prompt=6 resp=2910
[2026-06-03 11:43:20] [TRAIN] Gen 182/192: prompt=6 resp=2978
[2026-06-03 11:43:20] [TRAIN] Gen 183/192: prompt=6 resp=2891
[2026-06-03 11:43:21] [TRAIN] Gen 184/192: prompt=6 resp=2775
[2026-06-03 11:43:21] [TRAIN] Gen 185/192: prompt=119 resp=2779
[2026-06-03 11:43:21] [TRAIN] Gen 186/192: prompt=119 resp=2623
[2026-06-03 11:43:22] [TRAIN] Gen 187/192: prompt=119 resp=2666
[2026-06-03 11:43:22] [TRAIN] Gen 188/192: prompt=119 resp=2438
[2026-06-03 11:43:24] [TRAIN] Gen 189/192: prompt=9 resp=2616
[2026-06-03 11:43:24] [TRAIN] Gen 190/192: prompt=9 resp=2556
[2026-06-03 11:43:24] [TRAIN] Gen 192/192: prompt=9 resp=2521
[2026-06-03 11:43:24] [TRAIN] Gen 191/192: prompt=9 resp=2634
[2026-06-03 11:43:24] [TRAIN] Generation done in 115.2s
[2026-06-03 11:43:24] [TRAIN] Prompt 1 category: debugging
[2026-06-03 11:43:33] [TRAIN] Prompt 1/48: rewards=[0.0, 0.225, 0.0, 0.0]
[2026-06-03 11:43:33] [TRAIN] Prompt 2 category: coding
[2026-06-03 11:43:41] [TRAIN] Prompt 2/48: rewards=[0.0, 0.175, 0.15, 0.0]
[2026-06-03 11:43:41] [TRAIN] Prompt 3 category: brainstorming
[2026-06-03 11:43:56] [TRAIN] Prompt 3/48: rewards=[0.0, 0.35, 0.075, 0.0]
[2026-06-03 11:43:56] [TRAIN] Prompt 4 category: coding
[2026-06-03 11:44:03] [TRAIN] Prompt 4/48: rewards=[0.0, 0.2, 0.2, 0.0]
[2026-06-03 11:44:03] [TRAIN] Prompt 5 category: coding
[2026-06-03 11:44:12] [TRAIN] Prompt 5/48: rewards=[0.0, 0.1, 0.2, 0.1]
[2026-06-03 11:44:12] [TRAIN] Prompt 6 category: creative writing
[2026-06-03 11:44:24] [TRAIN] Prompt 6/48: rewards=[0.275, 0.15, 0.362, 0.237]
[2026-06-03 11:44:39] [TRAIN] Prompt 7/48: rewards=[0.287, 0.388, 0.0, 0.338]
[2026-06-03 11:44:39] [TRAIN] Prompt 8 category: explanation
[2026-06-03 11:44:50] [TRAIN] Prompt 8/48: rewards=[0.25, 0.35, 0.4, 0.25]
[2026-06-03 11:44:50] [TRAIN] Prompt 9 category: coding
[2026-06-03 11:44:58] [TRAIN] Prompt 9/48: rewards=[0.0, 0.0, 0.0, 0.225]
[2026-06-03 11:44:58] [TRAIN] Prompt 10 category: explanation
[2026-06-03 11:45:12] [TRAIN] Prompt 10/48: rewards=[0.287, 0.0, 0.0, 0.312]
[2026-06-03 11:45:12] [TRAIN] Prompt 11 category: explanation
[2026-06-03 11:45:24] [TRAIN] Prompt 11/48: rewards=[0.362, 0.275, 0.0, 0.212]
[2026-06-03 11:45:24] [TRAIN] Prompt 12 category: creative writing
[2026-06-03 11:45:36] [TRAIN] Prompt 12/48: rewards=[0.375, 0.175, 0.338, 0.525]
[2026-06-03 11:45:36] [TRAIN] Prompt 13 category: explanation
[2026-06-03 11:45:52] [TRAIN] Prompt 13/48: rewards=[0.0, 0.0, 0.425, 0.0]
[2026-06-03 11:45:52] [TRAIN] Prompt 14 category: brainstorming
[2026-06-03 11:50:25] [TRAIN] train_step start: 48 prompts x 4 = 192 total
[2026-06-03 11:50:25] [TRAIN] Generating 192 responses (48 prompts x 4) with 16 concurrent workers
[2026-06-03 11:50:35] [TRAIN] Gen 1/192: prompt=19 resp=2158
[2026-06-03 11:50:35] [TRAIN] Gen 11/192: prompt=14 resp=2504
[2026-06-03 11:50:35] [TRAIN] Gen 2/192: prompt=19 resp=2192
[2026-06-03 11:50:35] [TRAIN] Gen 6/192: prompt=68 resp=2350
[2026-06-03 11:50:35] [TRAIN] Gen 5/192: prompt=68 resp=2229
[2026-06-03 11:50:35] [TRAIN] Gen 4/192: prompt=19 resp=2123
[2026-06-03 11:50:35] [TRAIN] Gen 12/192: prompt=14 resp=2433
[2026-06-03 11:50:35] [TRAIN] Gen 15/192: prompt=340 resp=2096
[2026-06-03 11:50:35] [TRAIN] Gen 13/192: prompt=340 resp=2079
[2026-06-03 11:50:35] [TRAIN] Gen 3/192: prompt=19 resp=2152
[2026-06-03 11:50:35] [TRAIN] Gen 14/192: prompt=340 resp=2127
[2026-06-03 11:50:35] [TRAIN] Gen 10/192: prompt=14 resp=2450
[2026-06-03 11:50:35] [TRAIN] Gen 7/192: prompt=68 resp=2254
[2026-06-03 11:50:35] [TRAIN] Gen 16/192: prompt=340 resp=1995
[2026-06-03 11:50:35] [TRAIN] Gen 9/192: prompt=14 resp=2622
[2026-06-03 11:50:35] [TRAIN] Gen 8/192: prompt=68 resp=2375
